rider_id,months_on_zypp,days_worked_per_month,deliveries_per_month,monthly_earnings_inr,earnings_volatility,work_consistency,ev_usage_hours_per_month,missed_payments,on_time_payment_rate,rental_months_completed,loan_amount_inr,loan_term_months,monthly_emi_inr,work_score_rule_based,loan_repaid
R100001,12,23,556,16905,0.254,0.845,108.3,1,0.802,8,61000,18,3796,71.6,0
R100002,3,20,493,13942,0.256,0.858,126.9,1,0.862,2,70000,12,6533,65.3,0
R100003,32,23,577,19291,0.303,0.799,124.0,1,0.906,24,65000,36,2022,76.7,1
R100004,27,25,538,14414,0.297,0.796,143.8,1,0.856,15,53000,24,2473,75.5,0
R100005,12,24,798,22737,0.186,0.901,119.7,0,0.909,10,94000,24,4387,83.3,0
R100006,37,26,652,18102,0.128,0.931,158.8,0,0.956,22,79000,24,3687,91.6,1
R100007,6,26,710,20909,0.099,0.754,107.1,1,0.894,3,118000,24,5507,78.5,0
R100008,8,24,602,21589,0.42,0.674,120.7,1,0.843,5,110000,24,5133,57.6,1
R100009,5,24,545,16106,0.39,0.949,139.8,0,0.964,3,71000,30,2651,63.6,0
R100010,16,29,765,22926,0.252,0.969,152.1,0,0.955,11,71000,24,3313,84.0,0
R100011,34,18,437,9731,0.243,0.852,123.9,2,0.768,32,57000,36,1773,76.3,0
R100012,20,23,562,9133,0.256,0.918,124.7,1,0.836,9,45000,18,2800,78.5,1
R100013,5,27,648,16961,0.152,0.924,162.1,0,0.935,5,77000,24,3593,78.0,1
R100014,7,22,526,8033,0.248,0.725,123.2,1,0.867,4,72000,36,2240,65.3,1
R100015,18,25,516,14712,0.226,0.992,131.5,1,0.958,10,81000,24,3780,81.1,0
R100016,5,18,422,11554,0.337,0.765,112.1,1,0.842,2,52000,30,1941,57.7,1
R100017,10,20,452,21625,0.268,0.836,103.6,3,0.716,7,120000,24,5600,65.7,0
R100018,3,18,400,15064,0.282,0.784,136.5,1,0.9,2,97000,36,3018,59.6,0
R100019,8,23,434,8046,0.08,0.913,121.0,1,0.9,4,54000,30,2016,77.8,0
R100020,12,23,598,14512,0.376,0.75,142.3,1,0.875,7,52000,24,2427,64.2,1
R100021,12,27,634,23959,0.121,0.978,165.7,1,0.996,10,67000,36,2084,85.7,1
R100022,15,17,456,17000,0.322,0.663,110.9,1,0.918,14,72000,18,4480,63.8,0
R100023,26,25,633,18814,0.265,0.875,150.2,0,0.943,14,105000,24,4900,82.4,0
R100024,21,25,631,19957,0.262,0.843,168.3,2,0.849,10,78000,24,3640,78.7,1
R100025,20,24,658,22454,0.274,0.822,141.8,1,0.92,17,71000,36,2209,78.2,1
R100026,18,26,682,16051,0.321,0.871,123.2,0,0.825,9,49000,30,1829,75.5,1
R100027,12,19,397,8305,0.32,0.651,96.6,2,0.701,6,64000,18,3982,58.2,0
R100028,10,17,570,18238,0.243,0.857,132.9,1,0.947,8,89000,30,3323,72.9,0
R100029,21,19,457,9934,0.236,0.813,129.9,2,0.805,16,65000,12,6067,75.0,0
R100030,18,30,606,21052,0.275,0.865,170.1,0,0.926,17,51000,12,4760,77.1,1
R100031,6,23,468,17458,0.299,0.76,91.1,1,0.871,4,72000,30,2688,61.6,1
R100032,16,23,708,23599,0.199,0.942,168.5,0,0.947,12,84000,24,3920,84.3,0
R100033,12,21,557,12141,0.308,0.694,117.3,1,0.819,6,81000,12,7560,65.2,1
R100034,14,21,413,8000,0.381,0.709,113.7,2,0.777,9,96000,30,3584,58.9,0
R100035,23,29,707,17059,0.231,0.796,146.0,1,0.922,17,74000,24,3453,83.4,1
R100036,6,20,363,11480,0.303,0.864,108.2,1,0.891,4,97000,24,4527,61.8,0
R100037,6,17,356,9284,0.332,0.725,109.8,2,0.705,3,61000,24,2847,54.5,0
R100038,13,24,629,15058,0.176,0.837,167.8,0,0.971,7,69000,30,2576,79.5,1
R100039,7,20,450,14785,0.286,0.916,145.3,2,0.883,5,80000,12,7467,66.4,1
R100040,3,22,516,15982,0.302,0.891,158.2,0,0.834,2,52000,24,2427,63.7,1
R100041,4,24,505,16021,0.276,0.79,127.9,1,0.902,2,75000,24,3500,63.8,0
R100042,37,23,647,14578,0.202,1.0,159.9,0,0.911,21,60000,24,2800,88.9,1
R100043,12,23,525,18144,0.238,0.814,146.8,1,0.812,11,82000,24,3827,70.6,0
R100044,16,21,366,11171,0.531,0.524,98.2,2,0.699,8,82000,12,7653,45.6,0
R100045,9,16,416,13142,0.243,0.787,87.7,2,0.843,7,40000,30,1493,65.8,0
R100046,22,22,478,12239,0.217,0.781,109.2,1,0.751,10,103000,30,3845,75.5,0
R100047,1,22,453,9646,0.148,0.991,152.8,0,0.976,1,63000,24,2940,73.2,0
R100048,29,28,559,21666,0.258,0.901,159.8,0,0.891,22,73000,24,3407,81.0,0
R100049,11,22,322,8000,0.297,0.659,81.0,2,0.845,10,51000,18,3173,58.7,0
R100050,7,19,609,17154,0.225,0.721,106.8,1,0.956,4,64000,18,3982,69.4,0
R100051,26,24,691,22973,0.25,0.886,157.7,0,0.925,16,88000,24,4107,84.7,1
R100052,15,26,519,16048,0.144,0.808,121.0,1,0.877,12,54000,18,3360,78.2,1
R100053,10,23,496,17030,0.293,0.754,131.7,1,0.914,5,81000,36,2520,65.6,1
R100054,3,28,919,27426,0.325,0.814,137.6,1,0.939,2,74000,30,2763,69.0,0
R100055,11,20,550,15835,0.297,0.839,106.8,2,0.879,9,86000,24,4013,68.7,1
R100056,12,25,782,22272,0.304,0.776,127.5,2,0.761,11,40000,30,1493,72.6,1
R100057,14,23,423,8000,0.45,0.454,87.6,2,0.689,7,100000,18,6222,47.8,0
R100058,6,26,584,15406,0.398,0.825,123.4,1,0.914,5,93000,36,2893,61.4,1
R100059,6,23,639,19736,0.227,0.869,134.6,0,0.904,5,76000,24,3547,72.9,1
R100060,4,19,427,9521,0.292,0.752,135.3,2,0.823,4,99000,24,4620,59.2,0
R100061,7,25,564,13289,0.344,0.949,147.1,1,0.874,4,90000,24,4200,66.8,0
R100062,17,16,325,8000,0.424,0.528,70.7,4,0.582,12,92000,18,5724,49.8,0
R100063,33,9,165,8000,0.445,0.558,75.2,4,0.574,19,92000,30,3435,49.6,0
R100064,9,17,325,8000,0.512,0.691,66.6,2,0.765,8,56000,36,1742,46.1,0
R100065,14,21,482,13484,0.372,0.83,140.0,2,0.838,13,70000,18,4356,64.5,0
R100066,4,28,564,19510,0.173,0.834,139.0,1,0.869,2,75000,12,7000,71.3,0
R100067,4,27,763,24050,0.297,0.689,130.0,1,0.777,2,62000,12,5787,65.2,1
R100068,21,22,572,15731,0.319,0.904,139.7,1,0.874,14,83000,30,3099,76.3,0
R100069,1,18,387,8109,0.287,0.849,121.5,2,0.814,1,76000,18,4729,58.9,1
R100070,16,26,643,13209,0.195,0.844,149.3,0,0.995,13,79000,30,2949,80.8,1
R100071,16,20,450,10567,0.236,0.758,146.1,2,0.785,12,51000,36,1587,69.8,0
R100072,22,25,581,18291,0.35,0.717,97.4,1,0.791,13,49000,18,3049,69.6,0
R100073,14,18,367,8000,0.482,0.702,119.1,3,0.759,12,79000,24,3687,52.2,0
R100074,3,20,430,9140,0.294,0.867,115.2,2,0.815,3,69000,12,6440,61.3,0
R100075,25,25,601,12773,0.29,0.892,164.8,0,0.903,17,59000,30,2203,80.3,0
R100076,8,25,588,15939,0.127,0.945,155.5,0,0.936,5,68000,12,6347,79.9,1
R100077,23,22,784,22376,0.188,0.854,110.8,1,0.853,18,74000,24,3453,88.5,1
R100078,20,21,318,10707,0.198,0.925,142.6,1,0.863,19,78000,30,2912,76.2,1
R100079,14,17,347,12249,0.335,0.8,132.1,3,0.755,7,80000,36,2489,61.6,0
R100080,20,25,539,13004,0.269,0.832,137.6,2,0.874,18,66000,18,4107,75.8,0
R100081,27,21,484,15876,0.211,0.726,126.3,1,0.766,16,66000,24,3080,76.0,0
R100082,15,21,519,17463,0.226,0.835,157.0,2,0.856,11,53000,24,2473,74.4,0
R100083,19,24,553,19662,0.288,0.779,137.0,1,0.825,13,61000,24,2847,72.4,0
R100084,6,18,458,11366,0.268,0.858,131.2,1,0.858,2,67000,18,4169,65.0,1
R100085,18,24,456,13693,0.212,0.822,169.0,0,0.973,11,53000,24,2473,76.0,1
R100086,5,20,337,8000,0.405,0.723,114.4,2,0.807,5,40000,36,1244,50.9,0
R100087,13,26,650,12407,0.171,0.897,123.3,1,0.875,7,49000,24,2287,80.8,1
R100088,7,20,548,8657,0.417,0.796,130.6,2,0.858,6,87000,12,8120,58.7,0
R100089,8,26,673,17465,0.127,0.817,136.3,1,0.931,4,78000,18,4853,79.2,0
R100090,29,21,547,12326,0.333,0.732,135.6,2,0.877,16,81000,30,3024,72.4,1
R100091,11,26,672,14923,0.348,0.756,114.7,1,0.881,8,67000,30,2501,67.5,0
R100092,13,30,640,20905,0.141,0.82,166.0,0,0.974,9,59000,24,2753,81.2,0
R100093,19,23,511,14729,0.337,0.886,161.4,0,0.897,18,102000,24,4760,71.9,1
R100094,12,21,550,14622,0.303,0.738,108.0,1,0.802,10,90000,18,5600,66.2,0
R100095,18,20,427,8000,0.35,0.667,109.6,2,0.757,13,95000,30,3547,61.8,0
R100096,19,16,351,8834,0.395,0.74,116.1,2,0.792,15,40000,24,1867,60.4,1
R100097,8,27,738,24105,0.202,0.989,129.8,0,0.902,7,102000,24,4760,80.6,1
R100098,5,18,549,13432,0.303,0.77,108.7,2,0.718,3,78000,36,2427,61.4,1
R100099,12,19,335,11324,0.271,0.885,127.1,1,0.829,10,67000,24,3127,66.4,1
R100100,8,21,362,9019,0.293,0.71,152.1,1,0.868,6,84000,24,3920,59.4,0
R100101,20,19,493,17189,0.269,0.779,119.0,3,0.839,15,92000,36,2862,72.7,0
R100102,8,25,544,16353,0.306,0.804,155.8,1,0.86,5,87000,24,4060,65.6,0
R100103,27,26,662,20646,0.161,0.953,148.2,0,0.965,23,87000,24,4060,90.8,1
R100104,27,22,455,12947,0.405,0.557,76.6,6,0.596,19,70000,12,6533,59.2,0
R100105,25,18,337,8000,0.308,0.737,84.7,4,0.828,18,55000,24,2567,68.1,0
R100106,17,23,518,14058,0.155,0.758,121.8,1,0.858,15,69000,36,2147,77.0,1
R100107,7,24,381,8950,0.216,0.889,134.5,0,0.875,4,104000,24,4853,67.7,1
R100108,9,15,412,11764,0.387,0.777,95.0,2,0.782,7,61000,30,2277,57.1,0
R100109,17,28,658,18495,0.372,0.717,126.7,1,0.878,8,84000,30,3136,68.2,1
R100110,10,20,472,8000,0.436,0.716,97.6,1,0.799,5,44000,36,1369,55.5,0
R100111,10,21,374,11264,0.251,0.948,122.5,1,0.851,5,69000,36,2147,68.8,1
R100112,26,22,442,13659,0.298,0.84,121.5,1,0.839,21,92000,30,3435,74.0,1
R100113,4,22,483,11348,0.299,0.751,115.9,2,0.756,2,54000,12,5040,59.3,0
R100114,17,22,655,20605,0.287,0.815,161.6,1,0.876,16,58000,36,1804,75.4,0
R100115,16,25,696,15935,0.138,0.832,149.0,0,0.935,8,83000,36,2582,84.5,1
R100116,13,26,571,16642,0.193,0.846,110.7,3,0.846,6,72000,24,3360,76.0,0
R100117,5,26,717,22301,0.088,0.913,157.9,2,0.895,5,79000,18,4916,82.6,0
R100118,9,23,532,20886,0.289,0.714,141.8,1,0.819,7,89000,24,4153,64.1,1
R100119,13,22,605,17309,0.269,0.809,138.6,1,0.857,10,49000,24,2287,71.9,1
R100120,5,16,378,10988,0.238,0.9,133.7,1,0.846,4,54000,24,2520,65.1,0
R100121,23,23,645,16007,0.174,0.882,133.9,3,0.841,19,96000,30,3584,85.9,0
R100122,12,21,496,21031,0.308,0.729,121.9,1,0.832,10,60000,18,3733,64.3,1
R100123,11,24,533,9744,0.213,0.972,134.0,0,0.836,7,90000,36,2800,76.0,1
R100124,18,18,335,9530,0.278,0.685,115.2,2,0.81,14,72000,30,2688,64.4,0
R100125,29,25,587,19105,0.184,0.985,129.1,0,0.88,21,112000,24,5227,87.6,1
R100126,9,25,729,23869,0.241,0.978,149.0,1,0.877,9,71000,12,6627,78.6,1
R100127,4,17,371,12005,0.487,0.411,82.4,3,0.686,2,97000,36,3018,37.7,0
R100128,32,17,346,8000,0.421,0.482,101.4,3,0.613,18,65000,30,2427,53.9,0
R100129,14,23,638,21584,0.13,0.903,137.1,0,0.914,9,73000,24,3407,83.5,1
R100130,39,24,374,8617,0.223,0.791,138.5,1,0.859,21,78000,24,3640,75.2,1
R100131,27,19,541,16457,0.171,0.821,144.2,1,0.857,21,93000,30,3472,82.8,0
R100132,6,14,309,8000,0.33,0.718,76.8,2,0.716,3,79000,24,3687,53.7,0
R100133,10,24,642,20914,0.343,0.769,113.8,1,0.821,8,112000,24,5227,66.0,1
R100134,1,22,583,20551,0.188,0.765,129.6,1,0.852,1,101000,30,3771,67.3,1
R100135,7,26,534,18062,0.131,0.884,135.3,0,0.926,4,92000,18,5724,76.4,0
R100136,4,23,714,20540,0.114,0.822,161.0,1,0.92,2,95000,36,2956,78.2,0
R100137,7,17,437,16973,0.334,0.671,113.8,3,0.727,5,76000,24,3547,56.3,0
R100138,3,21,610,22051,0.364,0.863,124.4,1,0.877,1,70000,24,3267,62.3,1
R100139,6,21,448,8312,0.204,0.912,129.6,1,0.879,4,86000,30,3211,70.0,1
R100140,7,22,550,18338,0.214,0.808,158.2,1,0.869,7,100000,18,6222,70.1,0
R100141,11,25,444,12873,0.14,0.905,136.4,0,0.903,8,72000,24,3360,76.6,0
R100142,3,25,641,21323,0.35,0.715,127.4,1,0.879,2,81000,24,3780,60.5,0
R100143,23,17,384,9525,0.317,0.809,113.1,1,0.861,11,70000,30,2613,70.6,0
R100144,7,13,314,8612,0.21,0.721,107.6,1,0.83,5,69000,24,3220,61.7,1
R100145,14,23,634,17296,0.279,0.684,92.9,2,0.785,12,73000,36,2271,69.1,0
R100146,7,17,312,9088,0.366,0.768,113.8,2,0.683,4,94000,24,4387,53.0,1
R100147,12,21,502,15212,0.337,0.803,156.5,1,0.841,7,54000,36,1680,64.8,1
R100148,11,24,556,16703,0.157,0.938,157.5,0,0.887,7,94000,30,3509,78.9,1
R100149,24,21,361,8000,0.252,0.882,134.1,0,0.947,11,82000,18,5102,76.5,0
R100150,10,24,665,18185,0.237,0.921,137.3,1,0.863,7,78000,36,2427,76.0,1
R100151,10,21,489,10183,0.419,0.795,127.4,2,0.938,8,95000,12,8867,59.9,1
R100152,5,23,381,14090,0.221,0.859,113.7,3,0.824,3,90000,24,4200,64.9,0
R100153,3,24,731,15299,0.337,0.85,152.6,1,0.923,1,92000,24,4293,66.9,0
R100154,14,19,448,14265,0.241,0.973,163.2,2,0.885,9,88000,30,3285,74.4,0
R100155,14,21,530,18160,0.156,0.882,139.5,0,0.91,13,74000,30,2763,79.0,1
R100156,13,22,399,15154,0.395,0.741,73.0,2,0.78,6,95000,30,3547,57.7,0
R100157,20,20,533,10654,0.211,0.781,130.6,1,0.946,15,75000,18,4667,78.2,0
R100158,11,23,664,15834,0.303,0.889,139.5,1,0.877,8,69000,24,3220,72.7,1
R100159,8,22,463,12072,0.266,0.908,149.5,0,0.945,6,69000,24,3220,69.1,1
R100160,12,27,688,19243,0.17,0.816,170.1,1,0.897,9,40000,36,1244,79.6,1
R100161,10,23,610,12421,0.397,0.873,141.5,1,0.782,8,77000,24,3593,64.3,0
R100162,4,22,466,12824,0.192,1.0,145.8,0,0.933,2,71000,18,4418,72.4,0
R100163,22,22,475,19877,0.214,0.839,139.5,0,0.917,10,69000,24,3220,78.6,0
R100164,7,21,475,11726,0.256,0.854,147.3,0,0.937,6,88000,12,8213,67.6,1
R100165,10,21,552,20348,0.418,0.778,94.8,2,0.752,5,91000,18,5662,59.4,0
R100166,7,20,438,15300,0.314,0.803,138.3,1,0.881,5,40000,18,2489,62.1,1
R100167,24,16,235,9535,0.431,0.73,79.0,2,0.71,18,41000,24,1913,57.8,0
R100168,8,22,462,9660,0.429,0.822,116.3,1,0.89,3,78000,30,2912,57.4,0
R100169,26,27,554,10732,0.213,0.888,147.5,0,1.0,14,43000,30,1605,84.0,0
R100170,6,18,426,12996,0.353,0.731,109.2,2,0.764,4,75000,36,2333,56.2,0
R100171,17,14,310,9686,0.445,0.779,117.1,3,0.747,16,77000,24,3593,56.3,0
R100172,10,21,577,13807,0.23,0.898,135.2,1,0.851,5,74000,36,2302,73.7,1
R100173,3,18,450,14557,0.228,0.708,85.9,1,0.78,3,62000,30,2315,60.9,0
R100174,26,12,224,8650,0.301,0.711,125.0,3,0.806,23,102000,24,4760,64.8,0
R100175,6,22,393,8000,0.273,0.829,114.7,2,0.839,5,40000,30,1493,62.5,0
R100176,9,27,550,14526,0.328,1.0,144.8,1,0.913,6,101000,18,6284,70.2,0
R100177,13,17,374,13633,0.259,0.806,128.4,2,0.815,8,77000,36,2396,66.6,1
R100178,4,30,787,22094,0.117,1.0,167.2,0,0.963,3,40000,30,1493,85.1,0
R100179,7,25,548,20862,0.266,0.891,155.6,0,0.896,6,48000,36,1493,69.4,1
R100180,9,25,659,20729,0.421,0.853,128.0,1,0.798,9,76000,12,7093,63.7,0
R100181,3,24,421,8000,0.198,0.8,117.5,2,0.746,2,101000,24,4713,63.6,0
R100182,13,20,428,10267,0.462,0.874,100.8,1,0.833,10,79000,30,2949,58.6,0
R100183,4,20,441,10627,0.113,0.941,161.0,0,1.0,4,74000,18,4604,75.3,1
R100184,17,21,397,8000,0.199,0.813,95.1,1,0.834,13,80000,36,2489,73.0,1
R100185,22,21,394,11970,0.244,0.711,105.4,2,0.742,15,52000,24,2427,70.2,0
R100186,18,21,778,21613,0.272,0.781,159.0,2,0.758,10,66000,18,4107,77.6,0
R100187,19,27,818,23576,0.158,1.0,133.3,0,0.99,16,67000,18,4169,92.9,1
R100188,9,25,487,8886,0.196,0.9,156.6,1,0.92,9,77000,30,2875,73.5,1
R100189,4,15,386,9064,0.328,0.703,94.6,2,0.751,3,89000,24,4153,54.0,0
R100190,21,22,425,13530,0.192,0.746,114.0,2,0.833,12,65000,36,2022,75.0,0
R100191,7,14,310,8232,0.464,0.683,78.0,3,0.658,6,74000,24,3453,45.5,0
R100192,11,20,346,9663,0.311,0.638,107.4,2,0.75,6,79000,18,4916,56.6,0
R100193,5,21,388,11887,0.348,0.745,164.6,2,0.817,5,44000,24,2053,55.8,0
R100194,5,21,523,15299,0.311,0.898,144.0,1,0.887,4,96000,36,2987,65.3,0
R100195,13,11,221,8000,0.402,0.616,91.6,3,0.649,12,88000,18,5476,48.7,0
R100196,11,29,729,18000,0.225,0.807,124.2,1,0.85,5,64000,18,3982,76.5,0
R100197,3,19,430,9160,0.17,0.685,98.8,2,0.768,2,90000,12,8400,62.7,0
R100198,7,15,236,8000,0.431,0.716,87.5,2,0.719,6,79000,18,4916,46.9,0
R100199,32,24,474,12068,0.285,0.869,147.8,1,0.844,19,74000,24,3453,76.2,1
R100200,16,23,511,15911,0.296,0.854,124.1,1,0.867,9,79000,24,3687,71.3,0
R100201,7,28,571,16878,0.122,0.824,158.8,2,0.928,4,105000,12,9800,76.0,1
R100202,8,24,498,13981,0.292,0.859,123.9,1,0.883,5,77000,24,3593,66.8,1
R100203,11,23,451,12276,0.239,0.765,114.8,1,0.924,9,108000,30,4032,68.4,1
R100204,8,21,562,13729,0.157,0.844,140.4,0,0.959,7,76000,18,4729,75.9,1
R100205,25,23,603,18611,0.361,0.827,137.6,1,0.891,19,59000,24,2753,74.9,1
R100206,15,20,391,8106,0.205,0.807,130.9,0,0.911,13,66000,36,2053,72.0,1
R100207,18,20,403,8000,0.291,0.814,129.7,2,0.849,10,86000,18,5351,68.9,1
R100208,19,27,643,13418,0.117,0.87,175.0,1,0.968,15,89000,24,4153,87.4,1
R100209,15,16,260,9062,0.292,0.75,102.8,2,0.773,10,94000,30,3509,61.3,0
R100210,17,30,638,15741,0.174,0.866,129.6,2,0.851,10,56000,24,2613,81.5,1
R100211,24,23,748,17770,0.243,0.844,129.2,1,0.888,20,92000,24,4293,85.1,1
R100212,17,12,271,8000,0.342,0.699,105.7,3,0.779,11,120000,30,4480,58.9,0
R100213,5,23,700,21168,0.273,0.833,103.5,1,0.81,4,58000,24,2707,69.1,1
R100214,30,22,278,8223,0.461,0.543,101.5,2,0.764,18,97000,24,4527,53.1,0
R100215,2,16,518,13820,0.374,0.874,130.4,1,0.887,2,66000,30,2464,59.7,1
R100216,15,25,437,11352,0.289,0.73,139.3,1,0.849,11,64000,30,2389,65.9,0
R100217,12,22,599,10244,0.139,0.886,145.7,1,0.899,8,102000,24,4760,80.6,1
R100218,8,24,464,14558,0.142,0.95,140.8,0,0.93,4,102000,18,6347,76.3,1
R100219,19,18,395,14068,0.215,0.811,111.5,1,0.821,15,94000,30,3509,73.2,0
R100220,10,24,567,16870,0.311,0.763,106.9,3,0.839,7,91000,36,2831,65.7,1
R100221,15,18,309,8000,0.43,0.673,84.0,2,0.791,12,60000,18,3733,53.6,0
R100222,4,25,455,11262,0.354,0.73,103.5,2,0.767,4,89000,24,4153,55.5,0
R100223,21,21,450,12162,0.387,0.963,156.9,1,0.913,12,58000,30,2165,71.6,0
R100224,20,25,605,19425,0.197,0.815,147.2,0,0.947,17,65000,36,2022,81.4,1
R100225,11,16,335,8000,0.228,0.753,136.8,2,0.855,8,77000,24,3593,64.9,1
R100226,6,28,627,15267,0.323,0.642,118.6,1,0.842,4,77000,24,3593,60.9,0
R100227,22,29,656,17711,0.122,0.941,137.9,1,0.887,15,65000,24,3033,90.4,1
R100228,3,29,726,25911,0.278,0.791,137.9,1,0.871,2,64000,30,2389,67.8,1
R100229,12,29,550,18920,0.203,0.914,162.6,2,0.847,7,66000,24,3080,75.8,0
R100230,9,19,382,9423,0.22,0.81,121.1,3,0.842,7,69000,36,2147,66.5,0
R100231,14,21,444,15997,0.384,0.821,112.4,1,0.866,8,69000,30,2576,63.3,0
R100232,9,23,478,15579,0.237,0.803,142.1,1,0.801,6,117000,18,7280,67.3,1
R100233,19,24,408,14950,0.231,0.836,109.4,2,0.866,14,47000,36,1462,73.9,0
R100234,5,19,576,19318,0.169,0.884,137.0,1,0.784,3,57000,30,2128,72.5,1
R100235,22,20,587,24685,0.262,0.845,137.5,1,0.815,16,61000,24,2847,78.3,0
R100236,10,14,381,10909,0.516,0.635,106.2,2,0.805,5,82000,24,3827,46.9,0
R100237,8,20,474,13639,0.304,0.868,107.4,2,0.878,5,113000,24,5273,65.3,0
R100238,14,21,485,15765,0.355,0.837,137.4,1,0.847,10,75000,24,3500,65.9,0
R100239,19,25,604,14835,0.142,0.795,149.9,0,0.975,13,76000,36,2364,83.2,1
R100240,10,25,733,29753,0.267,0.855,136.3,0,0.942,7,71000,18,4418,75.3,1
R100241,10,18,533,14106,0.235,0.783,147.6,1,0.84,8,82000,24,3827,69.5,1
R100242,6,23,535,11772,0.122,1.0,167.4,0,0.914,6,57000,30,2128,79.2,0
R100243,2,21,561,17496,0.286,0.84,140.8,1,0.82,2,67000,30,2501,63.9,0
R100244,7,27,722,22780,0.329,0.827,145.9,0,0.956,7,67000,24,3127,69.7,0
R100245,11,26,755,21715,0.153,0.828,134.4,1,0.896,10,89000,18,5538,81.7,0
R100246,9,27,526,15235,0.212,0.925,142.6,0,0.885,4,65000,36,2022,73.5,0
R100247,9,20,494,14674,0.129,0.881,138.6,1,0.853,7,79000,30,2949,75.7,0
R100248,5,26,674,11684,0.121,1.0,134.3,0,0.936,3,74000,30,2763,81.9,1
R100249,5,17,462,8621,0.516,0.654,127.1,3,0.859,3,63000,24,2940,46.7,0
R100250,4,22,453,10838,0.188,0.895,163.1,1,0.882,3,89000,30,3323,69.6,0
R100251,11,24,623,12173,0.209,0.816,150.7,1,0.885,11,55000,30,2053,75.2,0
R100252,15,22,589,17862,0.292,0.84,145.5,2,0.865,10,96000,24,4480,72.3,1
R100253,12,20,491,14291,0.234,0.723,104.9,1,0.831,10,94000,24,4387,67.9,0
R100254,15,25,724,23027,0.241,0.825,137.6,0,0.927,9,107000,18,6658,79.0,0
R100255,5,21,451,10230,0.271,0.898,162.4,0,0.929,3,67000,24,3127,66.1,1
R100256,11,22,519,16634,0.226,0.823,141.7,2,0.825,8,85000,12,7933,70.9,1
R100257,8,20,537,16449,0.383,0.851,137.5,2,0.856,7,60000,18,3733,62.1,0
R100258,10,17,465,15108,0.267,0.683,115.9,2,0.745,8,82000,30,3061,62.4,0
R100259,3,19,558,19808,0.191,0.986,176.5,0,0.9,2,73000,30,2725,73.7,0
R100260,4,17,328,8000,0.443,0.789,93.2,3,0.779,2,67000,36,2084,49.3,1
R100261,11,28,695,27035,0.272,1.0,168.0,0,0.954,7,62000,36,1929,78.8,0
R100262,6,26,677,15293,0.183,0.837,121.7,1,0.892,4,101000,24,4713,75.2,0
R100263,6,23,503,15031,0.185,0.945,136.4,0,0.962,5,73000,18,4542,74.3,1
R100264,9,16,362,13319,0.347,0.746,93.6,2,0.792,8,90000,36,2800,57.3,0
R100265,15,20,496,14685,0.202,0.76,116.1,3,0.785,10,86000,18,5351,72.1,0
R100266,18,26,720,23351,0.259,0.837,160.3,2,0.818,14,49000,24,2287,79.2,1
R100267,3,28,644,14337,0.267,0.859,125.8,1,0.873,1,67000,36,2084,68.1,1
R100268,7,15,282,8777,0.35,0.622,63.9,2,0.753,6,67000,18,4169,50.6,0
R100269,12,20,533,11488,0.263,0.905,117.1,2,0.834,11,95000,24,4433,72.3,0
R100270,14,19,406,11825,0.389,0.616,75.8,2,0.719,11,70000,24,3267,55.4,1
R100271,17,22,491,13481,0.203,0.771,80.7,1,0.873,11,105000,18,6533,74.7,1
R100272,13,23,561,13142,0.257,0.872,139.9,1,0.918,9,85000,24,3967,74.1,1
R100273,7,16,260,8000,0.277,0.66,103.0,2,0.752,6,72000,24,3360,54.3,0
R100274,12,15,332,9327,0.297,0.784,98.8,3,0.691,7,60000,36,1867,60.9,1
R100275,11,24,390,12129,0.255,0.772,130.5,1,0.889,8,104000,18,6471,65.6,0
R100276,4,23,485,12058,0.427,0.742,124.2,1,0.737,2,77000,36,2396,52.4,0
R100277,6,21,470,14177,0.338,0.884,151.0,1,0.861,3,71000,30,2651,62.7,0
R100278,13,30,502,10570,0.321,0.865,151.2,0,0.992,6,109000,24,5087,69.5,1
R100279,17,25,773,17320,0.191,0.931,125.4,0,0.89,11,101000,12,9427,86.6,1
R100280,7,21,407,8471,0.263,0.843,136.9,2,0.852,6,71000,36,2209,64.6,0
R100281,32,21,437,12215,0.245,0.999,127.8,0,0.87,25,56000,12,5227,80.9,1
R100282,1,18,355,13369,0.263,0.805,139.0,2,0.833,1,60000,36,1867,58.3,0
R100283,10,21,491,19459,0.352,0.797,153.4,1,0.896,5,75000,18,4667,63.3,1
R100284,11,20,492,11975,0.401,0.727,108.1,2,0.766,7,70000,18,4356,58.2,0
R100285,20,29,644,19393,0.356,0.774,134.0,2,0.719,14,78000,24,3640,70.4,0
R100286,6,23,588,22603,0.249,0.848,107.6,2,0.82,3,40000,18,2489,69.2,0
R100287,7,21,321,9545,0.399,0.731,127.2,2,0.705,6,58000,12,5413,51.1,0
R100288,7,22,538,15461,0.197,0.799,101.2,0,0.911,5,60000,36,1867,71.0,0
R100289,19,22,576,10129,0.455,0.751,150.6,2,0.795,13,83000,30,3099,63.2,0
R100290,21,21,618,17804,0.277,0.886,152.5,1,0.735,10,82000,24,3827,77.8,1
R100291,8,23,607,14981,0.198,0.903,150.3,0,0.925,6,87000,12,8120,75.9,0
R100292,5,30,895,26244,0.257,0.933,143.1,0,0.899,4,52000,24,2427,76.4,1
R100293,6,16,298,10200,0.579,0.598,85.2,2,0.725,5,80000,36,2489,36.9,0
R100294,4,29,743,21297,0.265,0.88,171.6,0,0.923,2,91000,24,4247,72.3,1
R100295,23,25,656,18445,0.151,0.963,124.2,1,0.922,13,71000,36,2209,90.1,1
R100296,11,21,564,17095,0.363,0.811,121.0,2,0.845,9,75000,30,2800,64.5,0
R100297,18,20,541,11041,0.165,0.756,133.1,2,0.89,10,68000,30,2539,78.3,0
R100298,9,18,257,11555,0.319,0.719,127.8,2,0.772,5,83000,24,3873,55.1,0
R100299,35,24,511,13040,0.281,0.759,95.5,2,0.802,17,74000,24,3453,74.2,1
R100300,17,16,384,13321,0.318,0.82,115.2,2,0.762,8,88000,18,5476,65.5,0
R100301,13,26,739,19761,0.292,0.74,143.5,1,0.852,10,73000,24,3407,72.5,1
R100302,15,21,555,19359,0.359,0.87,141.5,1,0.874,10,74000,24,3453,68.9,1
R100303,5,26,575,11465,0.329,0.836,152.8,1,0.891,4,65000,36,2022,64.3,0
R100304,7,25,381,10224,0.2,0.983,130.7,0,0.916,4,114000,24,5320,71.6,0
R100305,18,21,613,17278,0.114,0.991,190.0,1,0.905,9,53000,30,1979,88.7,1
R100306,11,15,298,9068,0.491,0.683,95.8,3,0.642,6,82000,18,5102,46.0,0
R100307,15,29,607,14941,0.286,0.795,113.2,1,0.836,10,40000,18,2489,72.2,0
R100308,9,25,634,11595,0.1,0.801,132.3,0,0.921,7,71000,24,3313,79.4,1
R100309,10,28,716,22364,0.179,0.907,160.9,0,0.907,5,67000,24,3127,80.5,1
R100310,22,25,672,22953,0.154,0.825,135.9,0,0.973,10,66000,12,6160,86.7,1
R100311,12,22,352,16644,0.185,0.732,108.3,2,0.791,11,60000,12,5600,66.9,0
R100312,12,20,369,10507,0.285,0.735,154.3,1,0.745,7,52000,36,1618,61.9,0
R100313,10,26,688,19090,0.144,0.902,171.5,1,0.979,8,64000,30,2389,82.5,1
R100314,8,18,397,10143,0.387,0.693,75.9,3,0.73,5,67000,12,6253,53.4,0
R100315,9,23,412,9923,0.234,0.889,138.9,0,0.913,6,120000,30,4480,69.2,1
R100316,11,27,592,12409,0.108,0.79,106.8,1,0.867,8,75000,18,4667,78.5,1
R100317,22,21,522,14547,0.164,0.891,144.9,1,0.932,11,103000,18,6409,84.1,0
R100318,11,21,365,9151,0.33,0.725,84.6,2,0.851,10,60000,18,3733,59.4,1
R100319,20,19,484,17798,0.366,0.814,96.7,1,0.746,13,86000,24,4013,67.2,0
R100320,6,30,853,26912,0.354,0.892,114.9,1,0.902,4,102000,30,3808,70.4,0
R100321,14,24,610,13616,0.235,0.924,160.2,0,0.975,7,75000,30,2800,78.8,1
R100322,2,17,341,8000,0.469,0.716,86.9,3,0.653,2,101000,12,9427,43.9,0
R100323,6,17,323,10571,0.267,0.82,141.7,2,0.808,5,50000,36,1556,60.7,0
R100324,6,21,499,15922,0.287,0.996,122.1,1,0.924,3,104000,24,4853,69.8,1
R100325,8,16,318,8646,0.348,0.64,101.2,3,0.758,6,84000,24,3920,52.2,0
R100326,20,23,499,13406,0.186,0.913,140.7,1,0.946,15,73000,30,2725,81.5,1
R100327,2,15,263,8141,0.414,0.491,65.1,2,0.739,2,102000,24,4760,40.2,0
R100328,21,13,241,9446,0.464,0.554,64.5,3,0.642,14,65000,36,2022,49.3,0
R100329,2,19,431,8000,0.244,0.723,137.5,2,0.786,1,86000,24,4013,59.5,0
R100330,8,14,229,8000,0.243,0.639,92.9,3,0.737,7,78000,24,3640,55.7,0
R100331,9,20,383,11238,0.258,0.693,119.0,1,0.805,7,83000,30,3099,61.0,0
R100332,25,25,638,18550,0.152,0.978,150.6,1,0.891,12,88000,12,8213,90.5,1
R100333,16,29,705,20260,0.21,0.967,144.5,0,0.984,14,46000,24,2147,84.8,1
R100334,31,28,719,26866,0.08,0.948,158.4,1,0.862,23,84000,24,3920,95.3,1
R100335,34,10,181,8000,0.523,0.824,109.1,3,0.767,28,110000,18,6844,54.5,1
R100336,20,22,445,13281,0.178,0.89,137.0,1,0.866,13,67000,30,2501,79.1,0
R100337,6,30,754,17518,0.116,0.955,139.1,2,0.889,4,99000,24,4620,83.5,1
R100338,14,29,595,16737,0.101,0.934,137.3,0,0.918,8,99000,24,4620,84.9,1
R100339,11,22,471,14103,0.296,0.734,94.5,1,0.765,9,66000,18,4107,63.5,0
R100340,7,20,363,9712,0.217,0.802,138.3,1,0.907,4,45000,30,1680,65.4,1
R100341,19,25,450,11485,0.259,0.856,118.8,1,0.898,12,83000,36,2582,74.0,1
R100342,4,17,416,10295,0.257,0.704,132.0,2,0.809,3,74000,24,3453,59.0,0
R100343,6,18,384,9567,0.337,0.755,116.5,1,0.893,4,86000,30,3211,57.3,0
R100344,2,23,360,10066,0.274,0.832,127.5,2,0.891,2,62000,24,2893,60.0,0
R100345,5,20,479,12925,0.397,0.646,129.9,3,0.751,4,78000,24,3640,52.1,0
R100346,6,20,374,8145,0.461,0.638,86.8,3,0.689,5,63000,24,2940,45.8,1
R100347,10,17,350,14107,0.386,0.661,82.1,2,0.66,6,84000,30,3136,51.7,0
R100348,20,26,718,20640,0.139,0.901,146.5,0,0.941,12,71000,30,2651,89.2,1
R100349,7,16,387,12676,0.461,0.723,99.4,2,0.77,5,58000,30,2165,50.0,0
R100350,20,23,466,8000,0.381,0.718,102.4,4,0.783,13,90000,24,4200,64.1,0
R100351,33,30,691,21690,0.196,0.775,138.1,0,0.951,27,60000,36,1867,85.1,1
R100352,22,23,485,20828,0.265,0.843,113.8,3,0.859,15,86000,30,3211,75.7,1
R100353,5,18,315,11619,0.243,0.849,121.2,1,0.899,3,81000,12,7560,62.8,0
R100354,7,17,330,8993,0.463,0.608,81.3,3,0.66,3,75000,18,4667,44.0,1
R100355,20,26,759,25804,0.269,0.809,161.3,1,0.893,11,88000,30,3285,80.8,0
R100356,6,17,337,8000,0.26,0.895,117.0,1,0.901,4,52000,24,2427,64.4,0
R100357,11,23,398,12043,0.336,0.768,105.9,3,0.759,8,80000,30,2987,60.3,1
R100358,14,16,291,9612,0.242,0.678,123.7,3,0.687,9,68000,30,2539,61.5,0
R100359,17,23,469,12623,0.263,0.922,166.6,0,0.966,11,55000,36,1711,75.3,0
R100360,12,18,423,14150,0.345,0.672,113.1,3,0.785,9,103000,24,4807,58.9,0
R100361,4,12,211,8000,0.552,0.504,62.7,3,0.64,3,61000,24,2847,32.1,0
R100362,8,20,500,8000,0.237,0.758,122.3,3,0.781,6,100000,12,9333,66.0,0
R100363,22,22,406,12762,0.332,0.733,132.9,2,0.788,19,120000,30,4480,66.7,0
R100364,11,24,560,19171,0.308,0.769,98.4,1,0.834,6,120000,24,5600,66.2,1
R100365,29,25,551,10507,0.146,0.838,106.5,3,0.796,18,44000,30,1643,84.2,0
R100366,13,19,419,11108,0.182,0.936,108.8,1,0.816,9,82000,12,7653,74.6,0
R100367,6,20,474,11409,0.347,0.569,104.6,2,0.779,3,62000,24,2893,53.4,0
R100368,15,26,712,14701,0.385,0.945,146.3,0,0.955,11,100000,18,6222,74.6,0
R100369,22,17,441,14016,0.513,0.584,109.6,2,0.622,13,79000,24,3687,53.1,0
R100370,12,19,537,11122,0.244,0.635,101.7,2,0.704,6,109000,24,5087,65.0,1
R100371,12,15,260,13305,0.448,0.627,73.2,4,0.617,6,86000,12,8027,46.3,0
R100372,14,22,605,11899,0.22,0.834,155.0,1,0.801,8,82000,24,3827,75.1,1
R100373,15,28,799,25705,0.263,0.935,143.4,0,0.928,13,84000,12,7840,82.2,1
R100374,7,22,410,14225,0.271,0.835,145.3,1,0.772,4,49000,18,3049,63.0,1
R100375,3,27,430,14429,0.195,0.808,125.0,1,0.902,2,63000,24,2940,65.5,0
R100376,16,26,745,20559,0.295,0.787,158.4,1,0.875,11,90000,24,4200,75.7,1
R100377,11,25,491,16365,0.319,0.724,112.9,1,0.83,6,86000,36,2676,62.8,0
R100378,14,24,431,15135,0.27,0.884,130.8,1,0.921,12,62000,18,3858,70.7,0
R100379,9,26,680,23390,0.296,0.843,94.3,1,0.87,6,83000,18,5164,71.3,1
R100380,14,17,328,8000,0.383,0.566,86.9,2,0.693,9,47000,24,2193,52.0,1
R100381,5,25,593,11424,0.234,0.86,122.7,0,0.885,4,90000,24,4200,70.4,0
R100382,8,27,827,20768,0.325,0.849,143.9,0,0.884,8,98000,18,6098,72.3,1
R100383,5,20,479,10763,0.329,0.841,115.7,1,0.973,3,95000,12,8867,62.9,0
R100384,8,22,472,15701,0.334,0.801,109.9,1,0.806,6,99000,30,3696,61.7,1
R100385,4,21,476,14079,0.124,0.732,139.5,1,0.851,2,61000,30,2277,68.8,0
R100386,17,23,476,12777,0.29,0.809,121.5,1,0.913,9,112000,30,4181,70.8,1
R100387,25,18,297,8000,0.254,0.816,100.2,2,0.784,12,75000,36,2333,71.5,0
R100388,4,23,284,8000,0.287,0.685,166.6,1,0.846,3,98000,36,3049,54.3,0
R100389,11,19,432,10981,0.426,0.651,97.9,2,0.83,9,42000,30,1568,53.9,1
R100390,9,21,534,18010,0.208,0.793,140.5,3,0.729,8,89000,24,4153,69.6,1
R100391,25,23,560,14901,0.29,0.778,110.6,1,0.878,22,92000,36,2862,76.2,1
R100392,11,24,586,15145,0.156,0.849,157.0,0,0.919,7,80000,24,3733,78.1,1
R100393,21,20,485,13106,0.347,0.766,136.5,2,0.839,19,50000,30,1867,68.8,0
R100394,16,14,368,11122,0.406,0.678,66.0,2,0.778,12,87000,36,2707,56.9,0
R100395,13,18,425,10789,0.229,0.858,115.5,2,0.828,10,44000,30,1643,70.5,0
R100396,7,23,569,10678,0.187,0.957,167.5,0,0.936,6,40000,24,1867,76.4,1
R100397,13,26,757,18603,0.243,0.918,137.5,1,0.942,6,77000,18,4791,80.8,1
R100398,5,22,357,11463,0.399,0.725,128.3,1,0.79,3,80000,24,3733,51.4,0
R100399,8,23,522,19282,0.287,0.853,146.3,1,0.892,5,119000,24,5553,67.5,1
R100400,2,16,286,8385,0.422,0.706,114.0,2,0.715,2,86000,24,4013,45.4,0
R100401,23,22,354,8891,0.484,0.595,75.9,2,0.75,17,85000,30,3173,54.5,0
R100402,12,24,529,18958,0.231,0.928,137.4,2,0.851,10,64000,30,2389,74.4,1
R100403,23,20,538,15264,0.215,0.762,117.6,1,0.828,18,81000,24,3780,78.0,0
R100404,12,23,575,15435,0.194,0.992,152.0,0,0.963,9,56000,30,2091,80.0,0
R100405,12,26,636,19863,0.367,0.811,110.2,1,0.881,5,90000,36,2800,67.5,1
R100406,16,17,338,8000,0.286,0.78,116.9,1,0.826,10,97000,30,3621,65.1,0
R100407,10,20,434,13927,0.203,0.751,157.6,1,0.836,5,81000,36,2520,67.9,1
R100408,9,19,371,13256,0.349,0.742,112.1,1,0.881,9,60000,18,3733,58.3,0
R100409,9,22,525,12510,0.41,0.757,84.3,2,0.818,4,73000,36,2271,58.2,0
R100410,5,22,444,10999,0.312,0.878,114.4,2,0.79,3,94000,36,2924,62.1,1
R100411,9,26,538,14523,0.149,0.968,122.4,0,0.928,7,70000,36,2178,78.6,0
R100412,20,22,582,19871,0.338,0.887,136.5,1,0.904,10,66000,36,2053,74.6,0
R100413,8,16,336,10606,0.388,0.768,110.8,1,0.848,7,57000,24,2660,54.9,0
R100414,32,27,539,10991,0.343,0.747,151.7,1,0.796,28,91000,30,3397,71.3,0
R100415,2,19,511,12171,0.385,0.734,115.1,2,0.731,1,86000,30,3211,53.9,1
R100416,20,21,398,10600,0.356,0.667,75.2,2,0.81,12,81000,30,3024,63.0,0
R100417,9,20,432,13464,0.387,0.899,107.4,1,0.874,6,84000,18,5227,61.5,1
R100418,14,21,516,9834,0.332,0.712,121.6,1,0.751,7,51000,36,1587,64.0,0
R100419,6,23,564,21244,0.333,0.666,113.0,2,0.788,3,72000,24,3360,58.9,1
R100420,3,19,453,17657,0.239,0.935,161.7,0,0.93,2,58000,36,1804,67.5,0
R100421,18,26,586,15087,0.24,0.826,144.0,2,0.894,14,52000,18,3236,77.1,1
R100422,23,21,638,19621,0.267,0.877,134.0,1,0.915,14,72000,30,2688,81.5,1
R100423,11,23,511,12039,0.265,0.879,118.8,2,0.812,7,81000,24,3780,70.0,0
R100424,8,25,497,15534,0.366,0.611,110.3,1,0.927,5,80000,24,3733,56.9,0
R100425,10,23,658,19677,0.21,0.829,148.6,1,0.828,6,65000,24,3033,75.1,0
R100426,10,18,399,14140,0.178,0.884,161.5,0,0.955,8,80000,12,7467,72.9,1
R100427,9,21,553,25343,0.249,0.919,147.6,0,0.917,4,60000,24,2800,72.7,1
R100428,12,27,617,27041,0.235,0.853,143.6,0,0.989,6,75000,18,4667,75.8,0
R100429,15,27,458,13929,0.37,0.658,125.3,1,0.889,10,55000,36,1711,60.9,1
R100430,14,24,677,15525,0.17,0.831,161.3,0,0.979,9,40000,18,2489,81.6,1
R100431,7,20,398,12495,0.479,0.626,68.9,3,0.697,5,84000,24,3920,45.9,0
R100432,9,17,342,8846,0.28,0.976,146.7,1,0.9,5,78000,24,3640,67.1,0
R100433,5,21,512,13773,0.28,0.722,117.2,1,0.856,4,57000,30,2128,61.9,1
R100434,14,20,427,12041,0.274,0.602,91.2,2,0.685,11,61000,18,3796,61.1,0
R100435,6,25,545,14950,0.282,0.809,134.9,2,0.814,6,40000,24,1867,65.1,0
R100436,1,20,518,14736,0.204,0.987,166.1,1,0.921,1,75000,30,2800,71.2,1
R100437,7,18,363,8410,0.412,0.875,101.0,1,0.765,3,77000,36,2396,55.8,0
R100438,14,24,630,16857,0.304,0.907,98.6,1,0.936,7,79000,12,7373,75.0,1
R100439,15,18,416,13884,0.377,0.783,131.5,1,0.779,8,83000,24,3873,61.4,1
R100440,20,28,518,12852,0.389,0.888,163.7,1,0.925,10,88000,36,2738,70.8,0
R100441,36,24,463,8946,0.273,0.953,111.3,0,0.93,25,47000,24,2193,79.5,1
R100442,11,16,411,10610,0.292,0.712,120.4,1,0.766,6,67000,30,2501,61.2,0
R100443,9,27,659,20228,0.27,0.907,151.5,2,0.854,7,82000,18,5102,73.6,1
R100444,12,20,367,8000,0.354,0.564,122.1,2,0.731,10,47000,36,1462,53.4,0
R100445,8,19,473,12346,0.302,0.86,148.3,2,0.814,5,61000,36,1898,64.9,1
R100446,4,21,520,13342,0.172,0.959,154.1,1,0.948,2,97000,12,9053,74.4,1
R100447,4,15,297,8000,0.35,0.705,89.6,2,0.747,2,59000,24,2753,50.9,0
R100448,10,20,355,11464,0.305,0.592,51.9,3,0.666,9,73000,36,2271,54.7,0
R100449,24,23,690,17793,0.255,0.755,141.3,2,0.878,20,81000,24,3780,80.7,0
R100450,8,16,355,11354,0.227,0.916,111.9,1,0.92,5,83000,24,3873,68.1,1
R100451,16,17,290,8000,0.474,0.701,89.3,1,0.803,13,84000,24,3920,52.4,0
R100452,22,24,428,9575,0.372,0.778,168.6,1,0.845,16,55000,36,1711,66.7,1
R100453,16,17,322,12359,0.334,0.606,90.2,3,0.706,10,61000,36,1898,57.1,0
R100454,18,15,335,8270,0.293,0.748,115.0,2,0.797,9,89000,24,4153,64.8,0
R100455,4,19,335,12962,0.278,0.853,125.9,1,0.834,3,78000,24,3640,60.4,0
R100456,9,25,589,10415,0.229,0.806,131.7,1,0.858,7,76000,12,7093,71.2,0
R100457,3,30,655,15722,0.156,0.963,101.7,0,0.931,2,79000,30,2949,77.8,1
R100458,7,21,536,12193,0.287,0.735,145.6,1,0.793,5,42000,36,1307,63.1,0
R100459,4,25,433,11692,0.207,0.835,134.2,2,0.789,2,46000,18,2862,65.5,0
R100460,14,21,441,16354,0.234,0.781,125.2,1,0.829,8,77000,30,2875,69.8,0
R100461,4,26,760,25447,0.288,0.863,140.2,0,0.9,3,78000,30,2912,71.2,1
R100462,4,16,269,8000,0.323,0.641,88.6,2,0.768,2,61000,18,3796,50.3,0
R100463,10,26,677,23850,0.26,0.74,107.9,1,0.778,9,104000,24,4853,70.1,1
R100464,2,17,270,8000,0.478,0.682,89.8,4,0.687,1,74000,24,3453,41.2,0
R100465,34,20,547,23086,0.383,0.81,125.9,1,0.857,17,77000,24,3593,71.5,0
R100466,9,21,616,18840,0.312,0.925,154.6,2,0.755,7,54000,24,2520,69.4,0
R100467,21,25,509,12729,0.277,0.701,125.9,1,0.833,16,77000,24,3593,71.5,0
R100468,4,23,573,19825,0.172,0.889,152.6,1,0.913,3,52000,18,3236,73.6,1
R100469,13,19,297,8000,0.53,0.479,64.6,3,0.716,9,57000,30,2128,41.0,0
R100470,15,17,323,8000,0.394,0.669,87.3,3,0.736,13,89000,30,3323,54.9,0
R100471,5,25,578,15242,0.181,0.756,125.6,2,0.835,2,71000,24,3313,69.6,1
R100472,17,20,442,10936,0.264,0.784,113.2,1,0.853,13,59000,12,5507,70.2,0
R100473,7,24,514,8000,0.109,1.0,133.9,1,0.967,5,71000,24,3313,80.2,1
R100474,8,20,347,8235,0.265,0.651,120.0,2,0.752,5,95000,18,5911,57.6,0
R100475,5,14,249,12126,0.481,0.75,80.6,2,0.684,3,116000,36,3609,43.9,0
R100476,18,26,729,20226,0.316,0.922,154.2,0,0.897,9,61000,30,2277,78.8,1
R100477,13,24,630,10314,0.241,0.765,100.1,1,0.829,9,40000,18,2489,72.7,1
R100478,12,19,495,13894,0.262,0.625,107.2,1,0.849,9,74000,18,4604,64.6,0
R100479,12,19,483,11760,0.341,0.758,57.0,2,0.677,10,60000,24,2800,61.6,0
R100480,13,27,662,16792,0.319,0.895,136.8,0,0.965,8,104000,24,4853,73.9,1
R100481,6,22,564,17302,0.469,0.738,95.3,2,0.748,6,65000,30,2427,53.6,0
R100482,16,23,547,16131,0.317,0.706,121.4,2,0.717,12,87000,12,8120,66.2,0
R100483,6,28,763,26882,0.27,1.0,174.6,0,0.994,5,81000,36,2520,77.6,1
R100484,12,21,590,11904,0.326,0.703,133.3,1,0.865,11,83000,24,3873,65.7,1
R100485,10,28,677,14946,0.259,0.934,150.4,0,0.934,7,72000,24,3360,76.2,1
R100486,7,16,232,8029,0.466,0.73,86.4,2,0.761,7,105000,24,4900,46.0,0
R100487,10,24,641,19954,0.214,0.801,132.7,0,0.921,5,57000,30,2128,74.3,1
R100488,12,22,651,20756,0.211,0.856,137.4,1,0.884,9,70000,24,3267,77.3,1
R100489,16,24,507,11077,0.368,0.862,124.6,2,0.839,15,94000,18,5849,67.6,0
R100490,11,24,600,19447,0.309,0.813,134.1,1,0.782,6,75000,24,3500,68.0,0
R100491,19,17,342,8000,0.348,0.787,108.1,2,0.788,10,59000,36,1836,63.8,0
R100492,7,14,198,8000,0.511,0.738,113.2,3,0.708,5,61000,12,5693,42.0,0
R100493,9,19,389,8000,0.295,0.835,112.3,1,0.845,5,66000,36,2053,63.2,0
R100494,15,27,756,17304,0.235,0.898,165.2,0,0.882,7,76000,24,3547,81.2,1
R100495,4,24,552,12165,0.235,0.756,120.9,2,0.871,3,76000,36,2364,66.0,0
R100496,39,29,734,17865,0.168,0.826,138.9,1,0.926,23,78000,12,7280,88.6,0
R100497,17,19,517,10503,0.325,0.768,123.2,2,0.832,11,120000,24,5600,68.4,0
R100498,5,20,328,12999,0.21,0.82,113.9,1,0.841,4,88000,36,2738,63.2,0
R100499,29,30,858,24446,0.18,0.952,150.7,0,0.981,24,102000,18,6347,93.3,0
R100500,7,18,357,8000,0.199,0.635,106.3,1,0.833,4,81000,24,3780,61.1,1
R100501,27,21,433,10317,0.391,0.73,120.7,2,0.735,14,71000,24,3313,65.1,0
R100502,17,21,549,14324,0.171,0.923,133.4,1,0.905,10,75000,18,4667,81.4,0
R100503,4,25,807,20672,0.369,0.737,162.6,0,0.837,3,99000,18,6160,63.9,0
R100504,6,24,525,18339,0.164,0.987,147.1,0,0.992,4,95000,30,3547,76.8,0
R100505,4,21,536,13895,0.178,1.0,138.6,0,0.946,3,84000,18,5227,75.3,1
R100506,9,24,402,12218,0.369,0.752,103.2,2,0.71,6,91000,24,4247,56.2,0
R100507,19,20,417,8306,0.238,0.813,133.8,1,0.902,13,83000,24,3873,73.2,1
R100508,25,18,461,13699,0.176,0.763,104.9,1,0.785,21,86000,12,8027,78.4,0
R100509,5,19,514,8000,0.303,0.748,114.6,2,0.82,4,71000,24,3313,61.2,0
R100510,5,17,434,9769,0.273,0.862,140.9,1,0.905,4,49000,36,1524,64.1,0
R100511,13,24,536,16209,0.186,0.876,167.7,0,0.964,10,67000,30,2501,77.8,0
R100512,4,12,240,8000,0.451,0.581,90.6,3,0.631,3,74000,36,2302,39.7,0
R100513,19,27,546,17436,0.22,0.858,133.4,2,0.85,12,48000,24,2240,77.8,1
R100514,16,26,861,26556,0.155,0.933,161.0,0,0.988,13,94000,24,4387,89.1,1
R100515,11,20,440,12890,0.204,0.828,162.5,1,0.893,6,68000,18,4231,71.1,0
R100516,18,21,381,11221,0.376,0.76,123.5,1,0.887,10,88000,24,4107,63.1,1
R100517,18,30,824,28239,0.223,0.998,145.7,0,0.917,16,91000,36,2831,87.7,1
R100518,6,20,566,15557,0.327,0.763,128.3,2,0.848,5,79000,24,3687,62.2,1
R100519,4,19,320,8374,0.371,0.63,102.9,2,0.714,3,79000,36,2458,48.4,0
R100520,10,15,360,8000,0.454,0.658,104.8,2,0.671,9,93000,24,4340,48.9,1
R100521,18,21,516,15249,0.322,0.866,137.6,1,0.864,14,68000,24,3173,71.9,1
R100522,5,21,494,16151,0.247,0.81,138.0,1,0.852,4,66000,24,3080,65.7,0
R100523,5,25,448,13342,0.499,0.736,93.9,1,0.848,3,68000,36,2116,48.9,1
R100524,5,20,496,20067,0.163,0.888,125.9,0,0.843,3,98000,24,4573,71.7,1
R100525,8,20,442,11049,0.284,0.64,112.5,3,0.777,5,65000,24,3033,59.0,0
R100526,1,24,556,12964,0.273,0.73,82.4,1,0.901,1,101000,24,4713,61.6,1
R100527,6,21,609,18121,0.237,0.827,119.5,1,0.872,4,80000,24,3733,70.1,1
R100528,14,25,680,18444,0.334,0.698,144.3,1,0.827,6,74000,24,3453,68.2,1
R100529,18,27,596,15205,0.17,0.966,150.5,1,0.886,14,80000,30,2987,84.6,1
R100530,34,15,338,8000,0.256,0.783,106.3,2,0.672,27,94000,36,2924,70.5,0
R100531,10,20,502,14868,0.225,0.866,131.0,1,0.849,8,99000,24,4620,71.3,0
R100532,7,24,586,18047,0.216,0.839,177.1,1,0.815,4,94000,18,5849,71.1,0
R100533,30,22,463,12250,0.308,0.786,154.1,1,0.844,21,120000,24,5600,72.7,1
R100534,11,15,288,13152,0.242,0.564,77.4,2,0.848,7,44000,36,1369,58.0,0
R100535,11,26,703,16725,0.217,0.953,101.3,2,0.89,10,79000,30,2949,80.0,1
R100536,22,20,452,12798,0.277,0.726,119.1,1,0.827,17,82000,12,7653,71.3,1
R100537,3,18,461,21588,0.323,0.81,155.6,1,0.743,2,95000,36,2956,58.3,1
R100538,11,21,421,8000,0.348,0.756,122.6,1,0.82,11,76000,30,2837,60.6,0
R100539,4,19,380,8000,0.304,0.769,79.4,2,0.788,3,88000,24,4107,57.4,0
R100540,2,29,901,24621,0.209,0.926,149.9,0,0.93,1,71000,24,3313,77.1,0
R100541,6,23,531,13653,0.29,0.853,119.5,2,0.849,4,84000,36,2613,65.5,1
R100542,26,24,491,16233,0.266,0.809,108.7,2,0.886,22,60000,24,2800,76.6,0
R100543,3,17,283,9417,0.39,0.798,75.0,2,0.792,3,52000,30,1941,50.5,1
R100544,8,24,671,22960,0.159,0.782,135.2,0,0.939,5,70000,24,3267,76.5,1
R100545,17,15,220,8000,0.42,0.561,92.2,4,0.675,10,84000,12,7840,49.2,0
R100546,6,26,672,18826,0.19,0.81,164.4,0,0.896,5,44000,36,1369,73.9,1
R100547,33,24,652,18954,0.309,0.811,134.0,1,0.894,24,90000,30,3360,78.5,1
R100548,11,24,623,8508,0.328,0.806,139.4,1,0.924,5,57000,36,1773,68.5,1
R100549,3,19,347,8000,0.39,0.709,94.5,1,0.74,1,83000,36,2582,49.2,1
R100550,6,20,331,8000,0.234,0.845,105.6,1,0.857,3,78000,24,3640,63.3,0
R100551,3,26,484,9869,0.267,0.726,117.6,1,0.862,2,47000,24,2193,60.9,1
R100552,6,22,535,13681,0.322,0.827,115.6,1,0.773,4,51000,24,2380,62.8,0
R100553,9,23,421,10488,0.277,0.783,125.5,1,0.83,8,94000,30,3509,63.4,1
R100554,18,27,542,17527,0.169,0.96,134.9,0,0.947,16,91000,36,2831,83.3,1
R100555,38,17,389,15073,0.443,0.692,106.2,2,0.728,24,57000,30,2128,60.2,0
R100556,9,27,606,17269,0.125,0.932,171.8,0,1.0,8,69000,18,4293,81.6,1
R100557,16,21,562,12893,0.191,0.756,90.8,2,0.858,8,82000,36,2551,75.6,0
R100558,10,14,235,8000,0.316,0.614,92.8,4,0.671,7,68000,24,3173,51.6,0
R100559,5,17,395,8198,0.39,0.598,127.6,2,0.731,3,73000,30,2725,49.1,1
R100560,7,25,726,26391,0.44,0.766,82.0,2,0.794,5,86000,18,5351,60.4,0
R100561,25,22,436,17449,0.487,0.816,91.1,2,0.779,15,53000,36,1649,62.7,1
R100562,8,22,468,16142,0.238,0.804,149.9,1,0.839,6,69000,18,4293,66.6,0
R100563,28,29,781,20072,0.108,0.943,161.3,0,0.939,26,76000,24,3547,96.0,1
R100564,11,22,570,13100,0.294,0.727,122.3,2,0.764,8,79000,24,3687,65.8,1
R100565,12,28,556,9616,0.284,0.807,108.6,1,0.857,10,82000,12,7653,69.3,1
R100566,22,23,494,13036,0.138,0.815,141.3,1,0.848,11,76000,24,3547,81.8,1
R100567,12,23,528,18501,0.157,0.757,142.8,1,0.804,7,65000,30,2427,73.8,1
R100568,1,19,417,9704,0.197,0.734,129.7,1,0.847,1,102000,24,4760,61.7,1
R100569,6,21,553,12789,0.379,0.849,114.2,1,0.899,3,68000,24,3173,62.1,0
R100570,12,15,325,8000,0.246,0.888,129.1,1,0.8,8,42000,24,1960,66.9,1
R100571,13,22,441,11476,0.254,0.874,109.6,1,0.832,6,40000,24,1867,69.9,0
R100572,12,29,771,23393,0.235,0.961,145.2,0,0.922,11,69000,30,2576,82.1,1
R100573,10,26,762,17726,0.387,0.71,93.6,1,0.808,5,95000,12,8867,65.0,0
R100574,11,24,447,8819,0.223,0.773,120.7,1,0.874,9,88000,18,5476,68.9,1
R100575,23,19,460,9198,0.324,0.779,127.5,1,0.796,15,83000,24,3873,70.5,1
R100576,8,21,516,16631,0.256,0.81,139.3,1,0.872,6,120000,12,11200,67.7,0
R100577,10,23,491,16456,0.294,0.956,138.0,0,0.908,6,64000,24,2987,70.2,1
R100578,19,22,504,15595,0.174,0.943,145.3,1,0.971,13,93000,24,4340,82.7,1
R100579,19,16,312,8000,0.291,0.601,94.1,2,0.698,16,69000,30,2576,60.8,0
R100580,4,16,433,14506,0.322,0.786,118.3,1,0.833,2,73000,12,6813,58.8,0
R100581,2,13,186,8000,0.458,0.65,68.5,5,0.645,2,83000,18,5164,38.7,0
R100582,17,20,318,9231,0.303,0.789,108.8,1,0.844,10,95000,24,4433,64.9,0
R100583,14,17,294,9108,0.376,0.668,60.3,2,0.657,10,84000,24,3920,53.7,0
R100584,11,13,246,9225,0.271,0.719,113.5,2,0.766,8,43000,36,1338,58.4,1
R100585,18,22,656,14770,0.327,0.943,161.1,1,0.894,10,74000,24,3453,77.1,0
R100586,9,22,534,14898,0.381,0.802,103.4,1,0.783,4,84000,24,3920,61.1,0
R100587,13,25,606,21563,0.314,0.725,126.5,2,0.835,9,51000,24,2380,67.7,1
R100588,8,16,311,15272,0.347,0.58,99.6,2,0.721,7,76000,36,2364,50.2,0
R100589,6,30,751,26054,0.253,0.897,147.8,0,0.944,4,99000,18,6160,75.3,1
R100590,9,23,545,13000,0.269,0.768,125.4,1,0.831,7,89000,24,4153,66.8,0
R100591,3,21,406,8000,0.191,0.72,104.0,1,0.842,3,57000,36,1773,62.7,0
R100592,6,27,680,18765,0.317,0.781,146.9,1,0.843,5,75000,30,2800,66.0,1
R100593,10,16,317,10236,0.242,0.653,85.8,2,0.716,9,105000,24,4900,59.4,0
R100594,14,13,292,8000,0.397,0.588,90.2,2,0.729,9,77000,24,3593,51.2,0
R100595,22,27,624,11987,0.286,0.871,149.7,1,0.932,13,66000,24,3080,79.3,0
R100596,10,24,574,18723,0.286,0.673,131.6,1,0.851,8,79000,30,2949,65.1,1
R100597,6,26,686,24543,0.315,0.889,143.5,2,0.808,3,92000,18,5724,68.8,0
R100598,4,28,606,12726,0.294,0.866,126.9,0,0.931,3,52000,24,2427,67.4,1
R100599,21,30,629,14396,0.11,0.96,165.9,0,0.992,10,70000,36,2178,90.9,1
R100600,12,21,519,18397,0.204,0.762,146.9,0,0.958,6,77000,36,2396,72.4,1
R100601,10,24,603,13695,0.206,0.902,148.0,0,0.993,6,96000,30,3584,77.0,1
R100602,12,26,715,15431,0.177,0.923,154.4,0,0.994,10,75000,30,2800,83.3,1
R100603,18,28,679,15536,0.281,0.862,137.9,1,0.93,8,86000,24,4013,78.5,1
R100604,26,26,615,14325,0.264,0.896,166.2,0,0.944,16,56000,18,3484,82.5,1
R100605,4,26,740,21515,0.332,0.795,141.3,1,0.878,2,76000,36,2364,66.2,0
R100606,9,25,694,16745,0.154,0.901,105.0,1,0.833,9,99000,30,3696,80.0,1
R100607,17,24,473,13805,0.266,0.69,148.6,1,0.885,12,60000,36,1867,68.7,0
R100608,4,20,380,13065,0.287,0.712,109.4,2,0.775,3,95000,36,2956,56.6,1
R100609,31,21,468,18415,0.36,0.749,100.4,1,0.779,18,92000,24,4293,68.5,0
R100610,9,21,398,11232,0.438,0.839,118.5,1,0.793,6,87000,36,2707,55.7,0
R100611,34,21,414,11294,0.451,0.735,106.3,4,0.724,21,116000,18,7218,61.4,0
R100612,3,24,575,14455,0.166,0.696,136.6,1,0.811,3,58000,30,2165,67.5,0
R100613,20,27,676,21007,0.158,0.835,128.3,0,0.96,11,73000,18,4542,85.8,1
R100614,7,20,391,12923,0.357,0.715,91.1,3,0.689,5,82000,24,3827,54.1,1
R100615,11,21,484,14032,0.268,0.763,138.1,1,0.777,6,54000,24,2520,65.8,1
R100616,16,23,559,16549,0.279,0.901,146.2,0,0.968,9,68000,24,3173,75.6,1
R100617,19,22,487,16655,0.393,0.73,98.5,2,0.838,18,78000,24,3640,64.2,1
R100618,14,28,551,14990,0.292,0.778,141.1,1,0.902,9,92000,24,4293,70.0,1
R100619,10,14,282,8000,0.27,0.816,100.5,2,0.816,8,66000,12,6160,62.2,0
R100620,12,23,575,18734,0.363,0.761,121.9,1,0.834,7,60000,36,1867,64.3,0
R100621,46,21,551,19079,0.343,0.906,108.2,1,0.822,22,61000,36,1898,75.8,0
R100622,21,23,556,12684,0.239,0.773,145.0,1,0.845,16,82000,18,5102,76.5,0
R100623,5,23,631,15442,0.204,0.745,133.5,1,0.84,4,112000,24,5227,69.5,0
R100624,12,21,544,14129,0.413,0.812,120.9,2,0.864,9,61000,24,2847,62.3,0
R100625,15,26,731,17705,0.138,0.797,129.9,0,0.874,11,64000,36,1991,83.1,0
R100626,1,21,576,13639,0.165,0.892,135.7,2,0.849,1,72000,18,4480,71.5,1
R100627,23,26,664,15754,0.335,0.785,109.0,1,0.841,11,92000,24,4293,75.3,0
R100628,6,22,448,11619,0.337,0.833,134.6,1,0.948,5,56000,24,2613,61.5,0
R100629,7,22,586,11714,0.17,0.961,115.6,0,0.954,5,103000,12,9613,77.9,1
R100630,4,22,461,8000,0.228,0.758,136.2,1,0.844,2,117000,24,5460,63.9,0
R100631,20,21,504,10062,0.275,0.807,139.1,1,0.921,17,89000,30,3323,74.3,0
R100632,16,26,484,17201,0.339,0.877,151.8,2,0.872,12,59000,36,1836,69.3,1
R100633,21,27,429,16134,0.392,0.798,144.3,1,0.916,15,81000,36,2520,66.5,1
R100634,27,24,494,10873,0.289,0.803,118.0,0,0.858,24,86000,36,2676,75.0,1
R100635,13,20,487,14631,0.262,0.88,126.5,1,0.863,9,40000,18,2489,71.2,1
R100636,8,25,531,16073,0.168,0.911,150.2,1,0.933,4,120000,36,3733,75.6,1
R100637,13,22,421,9512,0.317,0.721,75.8,2,0.854,8,95000,24,4433,62.7,0
R100638,7,25,581,17021,0.211,0.857,144.6,1,0.843,5,103000,36,3204,71.8,1
R100639,16,28,587,22403,0.21,0.962,135.7,0,0.976,13,103000,24,4807,81.4,1
R100640,23,20,628,10664,0.249,0.822,144.9,1,0.862,21,74000,18,4604,80.4,0
R100641,6,22,540,9052,0.24,0.86,119.6,2,0.796,3,76000,24,3547,68.2,1
R100642,13,27,636,21531,0.169,0.883,163.7,0,0.921,12,68000,24,3173,80.6,0
R100643,10,27,555,10540,0.265,0.839,112.8,1,0.877,7,63000,18,3920,70.3,1
R100644,11,19,385,8949,0.307,0.879,134.1,1,0.802,7,96000,30,3584,64.4,1
R100645,20,23,495,8000,0.277,0.902,129.1,1,0.881,11,65000,36,2022,75.8,1
R100646,15,27,573,17492,0.284,0.793,126.5,2,0.865,13,78000,18,4853,71.4,0
R100647,9,21,351,10793,0.527,0.819,140.9,1,0.821,6,85000,36,2644,49.7,0
R100648,10,23,464,15656,0.396,0.794,132.0,1,0.864,5,94000,18,5849,59.7,0
R100649,12,23,547,14756,0.299,0.887,142.7,1,0.826,10,53000,30,1979,70.0,0
R100650,11,25,526,11920,0.3,0.949,123.2,0,0.864,7,103000,24,4807,71.0,0
R100651,12,23,465,11367,0.263,0.913,127.9,0,0.865,9,98000,24,4573,70.8,1
R100652,18,14,214,8000,0.243,0.719,105.8,2,0.758,17,99000,24,4620,63.5,0
R100653,4,23,520,12619,0.242,0.883,140.7,0,0.917,2,79000,30,2949,68.4,0
R100654,15,25,549,16696,0.232,0.794,119.8,1,0.888,7,62000,24,2893,73.9,1
R100655,16,26,566,14006,0.192,0.921,139.6,0,0.913,12,72000,36,2240,80.5,1
R100656,33,23,516,10266,0.206,0.786,130.6,1,0.793,30,55000,36,1711,78.8,0
R100657,10,26,694,15761,0.13,0.858,169.5,0,0.95,9,62000,36,1929,82.2,1
R100658,15,21,501,10363,0.273,0.795,111.1,1,0.855,9,96000,18,5973,70.1,1
R100659,20,16,410,8000,0.318,0.759,111.5,1,0.802,11,80000,24,3733,67.1,1
R100660,15,12,148,8000,0.423,0.559,100.1,2,0.696,8,98000,30,3659,45.8,0
R100661,2,25,660,18122,0.265,0.859,106.5,2,0.816,2,72000,30,2688,67.7,0
R100662,2,22,545,19464,0.27,0.874,132.6,0,1.0,2,73000,36,2271,67.0,1
R100663,10,24,574,13293,0.273,0.768,146.2,0,0.942,9,76000,24,3547,68.9,0
R100664,11,20,273,8000,0.38,0.769,124.9,3,0.701,8,94000,24,4387,54.3,0
R100665,14,20,572,17059,0.283,0.874,115.0,1,0.928,10,98000,24,4573,73.3,0
R100666,4,24,475,13640,0.307,0.874,132.2,1,0.908,2,97000,24,4527,63.4,0
R100667,16,26,621,21388,0.16,0.862,109.3,1,0.891,12,43000,30,1605,82.0,1
R100668,4,24,479,17955,0.271,0.843,155.1,1,0.819,3,114000,18,7093,63.8,0
R100669,15,20,553,16647,0.266,0.78,124.7,1,0.81,7,88000,36,2738,70.7,0
R100670,5,23,540,13803,0.317,0.846,151.2,1,0.873,4,46000,24,2147,64.2,0
R100671,16,21,549,10185,0.367,0.764,121.0,1,0.89,11,70000,18,4356,66.6,1
R100672,20,25,488,13874,0.27,0.902,143.3,1,0.849,13,109000,24,5087,75.7,1
R100673,6,24,773,21847,0.219,0.865,130.3,0,0.818,5,74000,36,2302,75.7,0
R100674,14,23,546,13100,0.08,0.849,137.7,0,0.968,12,70000,30,2613,83.6,0
R100675,12,19,355,9898,0.337,0.64,78.3,3,0.718,12,46000,30,1717,56.3,1
R100676,6,25,533,15200,0.169,0.854,149.4,0,0.905,6,104000,30,3883,72.8,0
R100677,4,21,580,9939,0.303,0.776,143.2,1,0.868,3,81000,18,5040,63.3,1
R100678,17,17,345,9668,0.369,0.7,79.6,2,0.747,14,77000,18,4791,58.8,0
R100679,30,28,637,19117,0.347,0.75,147.4,1,0.854,22,69000,36,2147,74.2,0
R100680,9,25,454,9445,0.169,0.866,151.1,3,0.93,6,98000,36,3049,73.3,1
R100681,2,19,488,8000,0.455,0.795,119.6,1,0.874,2,77000,18,4791,52.4,0
R100682,1,24,654,17617,0.184,0.842,140.1,2,0.801,1,55000,24,2567,70.7,1
R100683,12,22,500,15154,0.311,0.779,132.4,1,0.834,11,84000,36,2613,65.5,0
R100684,3,17,267,8000,0.418,0.644,88.4,2,0.699,3,87000,24,4060,44.0,0
R100685,3,14,359,10239,0.312,0.736,127.3,2,0.757,2,43000,24,2007,54.4,0
R100686,6,22,463,14008,0.287,0.865,116.8,1,0.848,3,98000,24,4573,64.5,1
R100687,16,18,477,15822,0.288,0.76,100.3,2,0.741,13,60000,30,2240,67.6,0
R100688,16,23,460,15148,0.206,0.913,162.3,0,0.98,9,70000,24,3267,77.2,1
R100689,17,21,524,12161,0.162,0.957,145.1,0,0.93,10,49000,24,2287,82.6,1
R100690,8,22,559,14401,0.273,0.837,148.1,2,0.818,6,83000,24,3873,67.7,1
R100691,8,20,490,17033,0.272,0.878,168.0,3,0.868,4,70000,30,2613,67.8,0
R100692,21,17,508,11876,0.211,0.876,173.4,0,0.936,11,94000,24,4387,80.0,0
R100693,9,19,445,19974,0.23,0.768,116.8,2,0.885,7,53000,36,1649,66.8,0
R100694,4,20,437,14185,0.341,0.762,147.4,1,0.846,3,70000,30,2613,57.1,0
R100695,6,24,574,14765,0.125,0.816,109.6,2,0.908,4,100000,24,4667,75.3,1
R100696,17,20,444,9866,0.278,0.852,142.2,1,0.88,12,47000,18,2924,71.5,1
R100697,14,24,772,21599,0.357,0.825,135.8,1,0.894,11,86000,36,2676,73.2,0
R100698,10,16,368,10031,0.433,0.721,110.6,2,0.806,8,108000,30,4032,52.8,0
R100699,3,23,703,17632,0.24,0.745,114.6,2,0.718,3,74000,36,2302,66.8,0
R100700,14,24,559,20905,0.202,0.843,128.3,1,0.927,9,90000,24,4200,76.7,1
R100701,8,22,519,11835,0.244,0.915,137.8,1,0.96,5,67000,24,3127,72.1,0
R100702,4,20,391,14276,0.259,0.815,125.8,2,0.706,3,80000,18,4978,60.2,0
R100703,17,25,565,14922,0.211,0.744,166.2,1,0.898,9,65000,24,3033,75.4,0
R100704,9,21,483,10152,0.201,0.706,138.4,1,0.777,5,58000,30,2165,66.6,0
R100705,11,20,568,17188,0.377,0.75,123.3,1,0.81,6,54000,18,3360,62.5,0
R100706,23,19,510,15004,0.279,0.883,163.2,0,0.958,13,86000,30,3211,78.1,1
R100707,13,20,426,13382,0.239,0.707,122.0,2,0.848,10,73000,30,2725,66.8,0
R100708,16,17,290,8000,0.306,0.762,110.4,1,0.793,8,63000,24,2940,62.4,0
R100709,11,29,802,21015,0.137,0.838,160.1,0,0.899,6,74000,18,4604,83.7,1
R100710,18,18,353,13451,0.394,0.746,79.1,3,0.803,13,90000,18,5600,60.4,1
R100711,5,22,525,15719,0.192,0.913,144.1,1,0.794,3,82000,24,3827,70.9,0
R100712,3,26,629,20980,0.168,0.933,138.3,0,0.911,2,50000,36,1556,75.4,0
R100713,4,15,242,8000,0.398,0.674,102.8,2,0.78,4,85000,36,2644,46.6,0
R100714,8,26,666,26005,0.266,0.935,140.0,1,0.95,4,53000,36,1649,74.8,1
R100715,16,17,409,17347,0.262,0.905,137.3,3,0.894,8,105000,18,6533,72.3,1
R100716,7,24,615,17651,0.08,0.793,142.2,0,0.893,5,73000,30,2725,78.7,1
R100717,16,18,320,12378,0.419,0.658,111.4,3,0.742,10,84000,36,2613,53.9,0
R100718,12,25,693,24625,0.193,0.803,119.9,2,0.788,10,40000,30,1493,76.7,1
R100719,33,23,510,14763,0.164,0.933,125.5,1,0.875,15,74000,24,3453,85.4,1
R100720,12,21,478,15085,0.22,0.701,152.8,1,0.905,6,51000,24,2380,68.6,1
R100721,7,24,521,16230,0.244,0.809,140.0,1,1.0,6,56000,24,2613,68.9,1
R100722,15,24,454,10968,0.296,0.723,120.2,2,0.821,10,81000,24,3780,65.5,0
R100723,11,20,453,8000,0.284,0.926,137.5,0,0.999,9,83000,36,2582,70.7,1
R100724,5,24,527,12639,0.31,0.902,118.9,1,0.881,4,82000,36,2551,65.3,0
R100725,10,22,467,8736,0.304,0.837,106.0,1,0.897,5,70000,24,3267,65.8,0
R100726,9,26,735,17420,0.081,0.971,159.0,0,0.906,5,63000,36,1960,87.6,1
R100727,10,20,575,19043,0.393,0.694,125.5,1,0.859,6,84000,18,5227,60.0,0
R100728,5,28,756,19294,0.244,0.839,139.2,1,0.811,4,78000,36,2427,72.4,1
R100729,30,21,460,11393,0.28,0.761,130.0,2,0.849,21,119000,30,4443,73.5,1
R100730,3,21,558,17299,0.199,0.785,150.8,2,0.871,2,74000,24,3453,68.1,1
R100731,23,21,409,8566,0.394,0.758,99.4,1,0.847,13,82000,30,3061,65.5,0
R100732,11,17,239,10542,0.501,0.528,77.1,3,0.649,10,99000,30,3696,40.1,0
R100733,6,19,352,9980,0.363,0.636,86.5,2,0.675,5,70000,24,3267,50.0,0
R100734,27,22,515,8771,0.256,0.829,133.9,1,0.748,23,54000,24,2520,76.8,0
R100735,1,16,392,13425,0.354,0.805,89.3,1,0.805,1,44000,18,2738,54.2,0
R100736,5,30,791,27420,0.133,0.818,138.3,0,0.889,5,87000,12,8120,79.7,1
R100737,9,18,287,8000,0.421,0.57,92.2,2,0.706,5,84000,36,2613,46.3,0
R100738,6,30,615,19127,0.17,0.9,135.4,0,0.921,4,78000,30,2912,76.1,1
R100739,10,24,626,17779,0.163,0.85,152.0,2,0.855,6,60000,24,2800,77.3,1
R100740,15,20,393,11992,0.302,0.857,142.5,1,0.83,9,75000,36,2333,67.5,0
R100741,4,22,426,8274,0.137,0.86,137.8,1,0.905,3,91000,24,4247,70.7,0
R100742,12,27,651,12208,0.184,0.855,154.9,0,0.912,10,49000,24,2287,79.0,1
R100743,16,26,578,15092,0.133,0.748,137.7,1,0.875,14,87000,30,3248,79.3,0
R100744,4,28,717,21800,0.162,0.91,139.2,0,0.9,4,71000,12,6627,78.0,0
R100745,12,28,557,15447,0.22,0.756,109.5,2,0.875,9,70000,30,2613,71.5,1
R100746,9,21,449,17029,0.303,0.815,123.4,1,0.836,7,57000,30,2128,64.1,0
R100747,5,24,459,14998,0.182,0.929,174.3,0,0.922,3,85000,24,3967,71.7,1
R100748,5,26,533,17346,0.225,0.895,163.9,0,0.948,3,50000,18,3111,70.9,0
R100749,5,28,552,16096,0.274,0.867,131.3,0,0.914,5,79000,30,2949,67.8,0
R100750,8,18,354,8000,0.438,0.736,122.9,3,0.702,7,85000,36,2644,50.1,0
R100751,8,24,504,14021,0.205,0.86,158.8,0,0.928,7,72000,36,2240,71.6,0
R100752,23,25,633,13156,0.236,0.904,97.3,1,0.855,16,95000,12,8867,83.4,0
R100753,13,22,545,10741,0.242,0.675,127.9,1,0.885,7,76000,24,3547,68.9,0
R100754,13,22,456,12816,0.288,0.796,121.1,1,0.8,7,62000,24,2893,66.6,1
R100755,11,20,443,8000,0.444,0.761,125.6,2,0.797,7,106000,36,3298,56.0,0
R100756,12,24,470,10054,0.206,0.82,144.5,1,0.828,9,77000,30,2875,71.4,1
R100757,14,26,681,19441,0.387,0.895,144.3,2,0.886,10,58000,36,1804,70.7,1
R100758,4,21,460,8269,0.126,0.849,133.8,1,0.894,2,64000,36,1991,72.1,0
R100759,10,17,383,18113,0.277,0.788,136.9,1,0.778,9,53000,24,2473,62.7,0
R100760,6,17,424,8428,0.27,0.671,88.8,2,0.819,4,69000,30,2576,59.0,0
R100761,19,22,431,8000,0.141,0.834,95.7,2,0.825,17,66000,18,4107,78.5,0
R100762,7,20,431,13023,0.349,0.765,134.6,1,0.864,5,78000,24,3640,58.8,0
R100763,14,22,529,14519,0.299,0.78,124.5,1,0.84,13,86000,18,5351,68.3,0
R100764,16,23,526,14571,0.294,0.794,141.2,1,0.854,11,76000,30,2837,70.0,1
R100765,12,25,691,19418,0.163,0.952,139.2,1,0.821,8,98000,24,4573,82.7,1
R100766,12,22,716,14956,0.361,0.634,108.0,1,0.826,10,82000,36,2551,64.5,0
R100767,10,29,736,21224,0.171,0.961,143.0,0,0.939,5,61000,24,2847,83.6,1
R100768,16,26,606,13537,0.266,0.88,139.3,0,0.935,7,86000,24,4013,76.7,1
R100769,6,16,431,11950,0.301,0.858,125.7,2,0.739,4,100000,24,4667,61.7,0
R100770,13,19,490,14976,0.435,0.743,110.5,3,0.776,10,60000,18,3733,58.1,0
R100771,2,26,603,13235,0.274,0.801,145.3,2,0.866,2,81000,18,5040,65.1,1
R100772,7,16,269,8000,0.378,0.91,150.7,1,0.839,5,74000,30,2763,56.4,0
R100773,7,22,476,13650,0.256,0.836,131.2,2,0.803,4,68000,18,4231,66.2,0
R100774,4,24,636,8000,0.321,0.89,118.7,1,0.849,3,50000,18,3111,66.1,1
R100775,12,23,555,18490,0.247,0.906,140.2,0,0.91,8,65000,12,6067,74.1,0
R100776,6,23,473,8000,0.335,0.946,135.1,1,0.905,4,114000,30,4256,65.0,0
R100777,21,22,562,8685,0.247,0.8,128.2,1,0.885,11,69000,24,3220,77.4,0
R100778,9,22,536,14072,0.343,0.587,93.3,2,0.764,7,65000,36,2022,57.4,0
R100779,15,22,445,14933,0.373,0.732,113.6,1,0.875,8,81000,24,3780,62.3,0
R100780,19,17,505,13492,0.283,0.81,140.1,1,0.882,14,73000,18,4542,73.0,0
R100781,14,25,473,12969,0.147,0.773,142.8,2,0.849,7,70000,18,4356,75.0,1
R100782,8,20,308,8000,0.413,0.582,115.8,2,0.769,7,71000,30,2651,47.4,0
R100783,10,19,375,11701,0.446,0.692,126.8,2,0.793,6,76000,24,3547,51.9,0
R100784,4,16,317,10163,0.287,0.858,130.5,1,0.883,3,40000,24,1867,59.5,0
R100785,15,24,449,14376,0.287,0.621,95.9,1,0.845,9,95000,30,3547,64.0,1
R100786,34,18,365,14603,0.262,0.792,125.4,1,0.804,31,85000,24,3967,72.4,1
R100787,18,21,464,15788,0.243,0.811,127.0,1,0.837,17,118000,36,3671,73.0,0
R100788,8,18,368,12871,0.273,0.784,115.0,4,0.763,7,86000,18,5351,61.1,1
R100789,8,18,446,11408,0.252,0.76,121.1,2,0.895,6,79000,24,3687,65.2,0
R100790,19,25,560,19491,0.126,0.984,126.3,0,0.962,11,70000,18,4356,87.5,1
R100791,4,24,526,18895,0.114,0.854,139.3,2,0.85,2,42000,24,1960,73.7,1
R100792,6,19,327,11220,0.36,0.718,78.2,3,0.768,6,70000,36,2178,53.1,0
R100793,7,25,690,15766,0.25,0.886,167.2,3,0.848,6,50000,30,1867,73.2,1
R100794,2,24,566,19960,0.087,0.983,130.8,0,0.995,2,98000,18,6098,79.8,1
R100795,14,29,681,21093,0.372,1.0,116.2,0,0.998,11,85000,18,5289,75.1,1
R100796,8,25,457,12270,0.291,0.854,148.7,0,0.961,5,70000,18,4356,66.2,1
R100797,8,21,643,18283,0.247,0.885,136.2,0,0.877,6,72000,24,3360,73.1,1
R100798,11,20,487,10669,0.466,0.742,74.9,2,0.725,6,79000,30,2949,54.7,0
R100799,3,26,526,8304,0.196,0.963,132.7,0,0.964,2,92000,24,4293,72.7,0
R100800,10,26,429,8740,0.235,0.929,151.3,1,0.914,8,71000,24,3313,71.1,0
R100801,3,25,646,15842,0.107,0.917,148.8,0,0.899,2,71000,30,2651,78.5,1
R100802,14,18,386,14642,0.328,0.788,108.6,1,0.793,9,67000,36,2084,62.7,0
R100803,20,20,487,12878,0.287,0.904,136.9,1,0.902,12,96000,30,3584,75.5,0
R100804,15,19,454,12513,0.293,0.825,114.0,2,0.763,9,65000,30,2427,68.0,0
R100805,7,20,595,19812,0.191,0.965,131.5,0,0.955,4,52000,36,1618,77.0,0
R100806,14,16,296,8000,0.344,0.581,59.0,2,0.76,9,94000,18,5849,54.6,0
R100807,9,18,480,15288,0.378,0.985,126.5,1,0.867,8,58000,18,3609,65.0,0
R100808,11,25,555,17396,0.08,0.928,160.1,0,1.0,5,74000,36,2302,83.9,0
R100809,14,22,410,10590,0.441,0.785,109.2,2,0.817,12,104000,30,3883,57.7,1
R100810,1,25,661,22837,0.145,0.97,155.8,0,0.949,1,73000,24,3407,77.5,1
R100811,3,23,491,14400,0.144,0.865,148.8,1,0.904,2,50000,36,1556,71.2,1
R100812,9,24,680,19331,0.243,0.891,113.1,1,0.914,5,59000,24,2753,75.5,1
R100813,6,26,662,15457,0.203,0.854,156.8,0,0.901,3,75000,36,2333,74.0,0
R100814,10,19,398,11588,0.42,0.636,62.9,2,0.71,5,73000,30,2725,51.3,0
R100815,11,25,649,23491,0.209,0.839,166.6,1,0.835,9,63000,36,1960,75.7,1
R100816,7,23,737,26112,0.39,0.863,118.6,1,0.788,4,40000,30,1493,65.9,1
R100817,8,19,413,13963,0.266,0.891,161.3,0,0.923,7,88000,30,3285,67.1,1
R100818,5,20,434,14148,0.349,0.736,108.9,2,0.791,4,100000,36,3111,56.0,1
R100819,12,26,485,11667,0.293,0.778,101.7,1,0.812,9,46000,24,2147,66.0,0
R100820,17,23,547,15409,0.473,0.871,91.6,3,0.803,11,64000,24,2987,63.2,0
R100821,3,23,587,19886,0.31,0.579,115.3,2,0.772,2,51000,36,1587,56.7,0
R100822,16,20,439,13232,0.278,0.825,126.4,1,0.814,13,80000,24,3733,69.4,1
R100823,13,22,532,20718,0.253,0.783,130.3,1,0.865,12,100000,30,3733,70.6,0
R100824,15,25,521,18245,0.342,0.726,123.6,2,0.804,13,67000,30,2501,65.0,1
R100825,20,23,527,15911,0.297,0.727,123.7,3,0.789,15,96000,36,2987,70.6,0
R100826,7,22,534,25082,0.264,0.679,120.0,2,0.751,4,49000,24,2287,62.5,0
R100827,19,17,395,12518,0.35,0.735,130.1,1,0.799,16,91000,12,8493,63.7,0
R100828,21,17,430,15861,0.391,0.67,106.8,3,0.717,16,85000,24,3967,61.2,0
R100829,4,16,339,10754,0.284,0.745,83.9,1,0.874,3,51000,24,2380,57.3,0
R100830,11,24,584,13595,0.304,0.873,129.2,1,0.87,6,90000,18,5600,70.3,1
R100831,11,22,477,19261,0.428,0.819,118.1,1,0.826,7,67000,24,3127,59.2,1
R100832,21,22,426,11617,0.377,0.781,133.9,2,0.817,11,46000,24,2147,66.1,0
R100833,40,24,668,13121,0.273,0.936,156.2,1,0.959,22,64000,36,1991,84.5,1
R100834,15,19,418,8794,0.298,0.834,134.3,2,0.828,8,63000,30,2352,67.8,0
R100835,31,22,540,12189,0.296,0.864,113.3,1,0.871,16,67000,36,2084,77.4,0
R100836,6,23,463,18566,0.415,0.683,99.2,2,0.801,6,70000,24,3267,52.8,1
R100837,15,30,646,22334,0.08,1.0,173.3,0,1.0,9,96000,24,4480,90.2,0
R100838,10,30,811,24997,0.188,0.921,134.9,0,0.883,8,69000,36,2147,82.3,0
R100839,14,20,446,10223,0.233,0.808,123.2,2,0.822,12,52000,30,1941,70.1,0
R100840,16,20,359,9741,0.212,0.794,133.9,1,0.811,12,115000,30,4293,69.7,0
R100841,17,26,493,10828,0.273,0.769,105.4,1,0.954,14,72000,24,3360,71.7,0
R100842,8,23,528,13521,0.374,0.648,110.5,2,0.772,5,73000,36,2271,56.8,0
R100843,9,27,713,26663,0.152,1.0,148.2,0,0.987,5,57000,24,2660,84.7,0
R100844,16,18,331,8000,0.248,0.779,102.0,3,0.758,13,62000,24,2893,66.8,0
R100845,13,21,409,8233,0.347,0.854,115.3,1,0.834,8,56000,24,2613,63.7,1
R100846,6,25,638,10996,0.279,0.767,115.2,1,0.924,6,71000,36,2209,67.9,0
R100847,9,21,371,10766,0.325,0.721,88.5,2,0.77,7,92000,24,4293,58.0,0
R100848,19,21,422,8056,0.265,0.647,127.6,2,0.828,10,45000,30,1680,67.4,0
R100849,5,22,569,15608,0.232,0.862,151.2,0,0.909,4,74000,36,2302,70.1,1
R100850,10,21,501,12397,0.174,0.774,130.8,0,0.937,9,85000,24,3967,72.6,1
R100851,4,26,569,21632,0.156,0.896,135.2,0,0.947,3,50000,30,1867,74.5,1
R100852,21,20,538,15060,0.451,0.64,73.9,2,0.744,13,87000,30,3248,60.2,0
R100853,41,23,465,8373,0.364,0.708,113.4,2,0.759,19,73000,24,3407,67.0,0
R100854,24,22,633,19922,0.298,0.768,129.4,1,0.803,15,63000,24,2940,76.5,0
R100855,7,18,429,13699,0.329,0.825,108.5,1,0.818,5,60000,30,2240,60.9,0
R100856,7,29,756,26860,0.135,0.926,129.4,0,0.988,6,90000,36,2800,83.5,0
R100857,20,26,615,19058,0.342,0.885,114.8,2,0.786,19,61000,18,3796,74.0,1
R100858,18,17,360,8000,0.456,0.615,104.9,3,0.69,9,100000,12,9333,53.0,0
R100859,26,18,355,12254,0.414,0.773,97.6,1,0.794,14,67000,36,2084,63.6,0
R100860,10,22,503,11281,0.279,0.875,133.0,2,0.888,5,66000,18,4107,69.4,1
R100861,5,17,242,8000,0.456,0.603,89.3,4,0.695,3,65000,36,2022,41.2,0
R100862,11,25,545,16255,0.283,0.909,151.9,1,0.943,6,59000,24,2753,71.7,0
R100863,10,21,507,19935,0.363,0.809,134.3,1,0.793,8,80000,24,3733,61.9,0
R100864,36,25,694,19615,0.364,0.697,123.4,2,0.702,26,96000,36,2987,71.8,1
R100865,16,17,370,12344,0.363,0.815,123.8,1,0.797,8,59000,36,1836,62.5,1
R100866,3,14,223,8000,0.183,0.748,75.2,3,0.723,2,88000,30,3285,57.7,1
R100867,16,24,710,19953,0.08,0.828,177.1,0,0.97,8,94000,30,3509,88.2,1
R100868,21,25,556,18085,0.289,0.897,152.4,0,0.978,15,79000,24,3687,78.0,1
R100869,19,25,622,21368,0.309,0.773,113.2,1,0.801,14,86000,24,4013,72.5,0
R100870,18,26,567,14169,0.283,0.776,142.6,1,0.843,15,79000,24,3687,72.6,0
R100871,12,21,330,8000,0.27,0.808,91.0,1,0.848,7,62000,18,3858,64.7,0
R100872,9,18,408,14187,0.157,0.79,129.5,2,0.801,9,44000,24,2053,69.7,1
R100873,4,26,573,14653,0.348,0.797,98.5,2,0.882,2,86000,24,4013,61.7,0
R100874,27,20,616,21198,0.309,0.853,120.7,1,0.809,25,58000,30,2165,77.8,0
R100875,15,20,388,8000,0.397,0.814,108.4,1,0.911,9,69000,18,4293,61.8,0
R100876,7,24,595,13113,0.08,0.813,125.8,1,0.893,6,88000,30,3285,78.7,1
R100877,12,20,421,8000,0.356,0.814,125.2,1,0.781,9,56000,18,3484,61.4,1
R100878,4,22,609,17062,0.298,0.954,129.2,0,1.0,3,83000,36,2582,70.4,1
R100879,11,27,519,13746,0.269,0.882,141.8,0,0.874,9,63000,24,2940,71.0,0
R100880,22,30,804,17383,0.2,0.913,169.9,0,0.982,14,73000,30,2725,90.4,1
R100881,16,22,488,17552,0.243,0.784,109.1,1,0.827,12,80000,24,3733,71.6,0
R100882,20,16,344,8000,0.345,0.651,128.8,1,0.775,18,81000,36,2520,61.3,1
R100883,19,24,596,14398,0.223,0.729,167.5,1,0.857,15,64000,30,2389,76.2,1
R100884,14,21,530,20827,0.31,0.889,133.2,1,0.916,12,61000,24,2847,71.3,1
R100885,10,27,670,18420,0.171,1.0,125.4,0,0.96,9,68000,36,2116,82.6,1
R100886,8,19,322,11780,0.347,0.79,106.2,2,0.696,6,72000,24,3360,55.9,0
R100887,26,18,487,11571,0.174,0.981,136.6,1,0.913,20,94000,30,3509,85.9,0
R100888,15,20,434,13780,0.288,0.774,144.1,2,0.806,7,54000,24,2520,66.8,1
R100889,14,18,448,14605,0.412,0.627,69.6,2,0.756,12,61000,24,2847,56.0,0
R100890,15,22,489,21643,0.361,0.743,125.1,1,0.789,13,60000,12,5600,63.4,0
R100891,9,19,527,17074,0.275,0.76,126.2,3,0.734,5,56000,24,2613,64.8,1
R100892,14,24,551,13450,0.086,0.848,123.0,1,0.784,7,40000,18,2489,81.2,1
R100893,7,10,203,8000,0.618,0.549,67.4,3,0.706,4,109000,36,3391,31.8,0
R100894,8,18,300,9672,0.344,0.635,94.3,2,0.749,4,93000,24,4340,51.9,0
R100895,17,22,474,8000,0.119,0.846,151.4,0,1.0,14,43000,30,1605,81.3,1
R100896,15,25,592,15916,0.33,0.895,134.0,3,0.798,11,65000,30,2427,71.3,0
R100897,17,25,742,18454,0.26,0.912,160.2,0,0.909,9,63000,24,2940,81.5,0
R100898,18,23,483,16466,0.277,0.744,135.7,1,0.766,10,65000,36,2022,69.5,1
R100899,9,24,471,8063,0.236,0.752,108.4,1,0.862,5,92000,24,4293,66.6,0
R100900,11,26,583,12484,0.248,0.925,115.3,1,0.911,7,81000,36,2520,74.8,0
R100901,16,23,520,14765,0.268,0.748,115.3,2,0.832,11,40000,24,1867,70.2,0
R100902,6,27,539,15257,0.218,0.832,127.5,2,0.894,3,98000,24,4573,69.9,1
R100903,1,19,420,14022,0.248,0.799,153.2,1,0.948,1,62000,30,2315,61.7,0
R100904,3,20,508,14969,0.205,0.846,108.4,2,0.741,3,77000,24,3593,66.6,0
R100905,8,20,402,10745,0.31,0.669,114.2,2,0.822,4,70000,30,2613,57.7,0
R100906,9,26,681,22549,0.2,0.87,149.7,0,0.936,6,92000,30,3435,77.5,1
R100907,14,16,292,11512,0.403,0.522,104.2,2,0.697,11,79000,12,7373,48.8,0
R100908,21,18,195,8000,0.429,0.75,95.8,3,0.67,17,61000,36,1898,55.0,0
R100909,9,22,566,20685,0.095,0.863,131.2,1,0.884,7,78000,24,3640,79.7,1
R100910,7,28,708,23580,0.244,0.824,111.3,1,0.874,6,90000,24,4200,72.9,1
R100911,4,23,562,23530,0.283,0.771,119.0,1,0.888,3,67000,30,2501,64.3,1
R100912,7,16,303,9587,0.345,0.653,124.7,2,0.796,3,70000,24,3267,52.1,1
R100913,7,26,536,16612,0.366,0.829,101.0,1,0.895,4,89000,36,2769,62.1,1
R100914,12,23,564,8997,0.242,0.884,152.5,0,0.948,7,81000,36,2520,74.6,1
R100915,7,20,385,12194,0.52,0.803,122.7,1,0.78,4,43000,24,2007,48.5,0
R100916,9,27,790,18337,0.108,1.0,150.3,0,0.964,6,87000,24,4060,88.4,1
R100917,8,22,525,12388,0.31,0.902,162.3,1,0.835,4,54000,24,2520,67.0,1
R100918,11,21,426,16746,0.323,0.729,109.6,1,0.843,7,63000,36,1960,61.5,0
R100919,16,21,464,12637,0.281,0.761,113.5,1,0.851,8,54000,36,1680,68.3,1
R100920,14,17,348,14632,0.354,0.64,120.6,1,0.829,13,67000,24,3127,57.3,0
R100921,6,26,726,27730,0.289,0.765,143.4,1,0.853,4,96000,36,2987,68.4,1
R100922,7,22,467,15799,0.27,0.713,131.0,2,0.821,4,57000,36,1773,62.4,1
R100923,17,29,557,17958,0.331,0.836,153.0,2,0.792,10,75000,12,7000,70.4,1
R100924,20,26,661,12279,0.306,0.818,119.1,1,0.815,15,56000,18,3484,75.8,1
R100925,4,22,573,15488,0.244,0.879,101.7,1,0.896,3,72000,36,2240,69.1,0
R100926,4,23,514,11303,0.419,0.869,154.6,2,0.852,2,60000,18,3733,57.5,1
R100927,26,18,405,11709,0.271,0.744,129.9,2,0.695,23,69000,36,2147,70.6,0
R100928,4,20,470,12991,0.348,0.828,92.8,1,0.824,2,62000,30,2315,59.4,0
R100929,6,23,715,15396,0.391,0.773,115.1,1,0.813,5,76000,36,2364,62.8,0
R100930,9,23,453,10370,0.295,0.782,132.1,1,0.855,7,69000,12,6440,63.7,0
R100931,6,23,704,19662,0.212,0.92,134.8,0,0.905,6,79000,18,4916,76.5,1
R100932,6,20,464,9558,0.396,0.609,102.1,2,0.808,3,87000,18,5413,52.2,0
R100933,6,18,551,20530,0.147,0.799,138.6,2,0.739,5,101000,24,4713,71.6,1
R100934,12,23,468,19654,0.173,0.99,138.9,0,0.9,6,46000,36,1431,78.0,0
R100935,3,25,666,17199,0.369,0.705,121.7,1,0.74,1,94000,18,5849,58.3,1
R100936,17,24,636,15418,0.303,0.775,135.4,3,0.732,11,70000,24,3267,71.8,1
R100937,4,26,598,16028,0.204,0.84,113.8,1,0.893,3,54000,36,1680,70.6,0
R100938,25,20,470,12819,0.262,0.796,128.3,1,1.0,11,89000,36,2769,77.1,1
R100939,8,19,593,10207,0.223,0.998,146.2,3,0.849,5,104000,36,3236,75.6,0
R100940,7,20,408,8000,0.324,0.777,135.2,1,0.847,6,61000,30,2277,59.8,0
R100941,2,21,516,14314,0.445,0.739,99.6,2,0.833,2,104000,24,4853,52.0,1
R100942,2,23,716,19532,0.197,0.883,138.2,0,0.916,1,89000,18,5538,74.4,1
R100943,10,16,365,8000,0.265,0.814,115.0,1,0.866,5,62000,24,2893,64.8,0
R100944,2,25,557,20615,0.213,0.756,115.7,2,0.836,2,89000,18,5538,65.7,1
R100945,6,28,826,20241,0.154,0.813,131.4,0,0.985,5,72000,30,2688,80.1,1
R100946,15,18,381,12663,0.293,0.79,135.0,1,0.816,11,60000,24,2800,65.7,0
R100947,12,23,449,15476,0.206,0.69,106.3,1,0.843,9,91000,12,8493,67.6,1
R100948,8,23,284,8000,0.387,0.666,119.1,1,0.804,7,52000,30,1941,50.9,1
R100949,11,9,231,12480,0.398,0.583,84.1,3,0.686,8,66000,36,2053,47.3,0
R100950,15,26,674,20960,0.281,0.997,139.2,1,0.889,9,91000,18,5662,79.7,1
R100951,8,23,609,15429,0.283,0.815,139.6,1,0.896,6,77000,24,3593,68.6,1
R100952,17,11,235,8000,0.396,0.798,92.4,3,0.739,16,87000,30,3248,57.3,0
R100953,10,27,748,19704,0.224,0.851,139.7,1,0.878,6,100000,24,4667,77.6,1
R100954,20,20,538,11489,0.395,0.739,76.6,4,0.705,12,69000,24,3220,64.6,0
R100955,11,20,441,10024,0.284,0.904,126.7,2,0.875,10,57000,12,5320,68.4,0
R100956,4,20,399,8000,0.377,0.662,105.1,4,0.693,3,84000,18,5227,50.1,0
R100957,6,25,599,16614,0.153,0.863,135.1,1,0.888,4,82000,12,7653,75.4,0
R100958,10,20,582,16605,0.44,0.744,86.2,2,0.72,6,63000,18,3920,57.6,0
R100959,40,17,371,12115,0.223,0.841,125.8,1,0.931,28,101000,36,3142,77.1,0
R100960,6,21,537,18235,0.344,0.775,141.4,1,0.831,5,49000,24,2287,60.8,0
R100961,34,17,362,10469,0.368,0.789,140.7,2,0.843,22,77000,18,4791,67.0,0
R100962,18,21,359,11081,0.227,0.677,101.2,1,0.8,10,68000,24,3173,67.6,0
R100963,19,19,467,15468,0.265,0.897,121.1,1,0.959,17,71000,24,3313,75.7,1
R100964,15,19,438,12780,0.24,0.839,157.1,2,0.864,11,86000,30,3211,71.7,0
R100965,32,28,678,16777,0.206,0.859,135.3,1,0.84,15,80000,18,4978,85.2,1
R100966,6,25,741,25248,0.392,0.854,131.0,1,0.851,4,70000,36,2178,66.0,0
R100967,18,25,499,14931,0.19,0.834,131.0,1,0.875,11,89000,30,3323,77.4,0
R100968,4,26,748,18875,0.296,0.623,129.6,1,0.907,4,99000,24,4620,64.5,0
R100969,6,18,395,8000,0.314,0.899,122.2,1,0.877,3,57000,24,2660,62.8,0
R100970,16,25,556,12714,0.22,0.893,147.1,0,0.973,13,81000,24,3780,78.6,0
R100971,19,20,401,8000,0.276,0.74,105.7,2,0.779,11,75000,24,3500,67.9,0
R100972,14,23,554,19040,0.28,0.874,151.1,1,0.831,9,56000,36,1742,71.9,1
R100973,2,21,467,9237,0.154,0.931,177.5,1,0.949,1,95000,36,2956,71.8,0
R100974,6,17,337,12464,0.44,0.497,62.1,3,0.636,5,85000,36,2644,41.8,0
R100975,4,23,485,13572,0.167,0.73,122.9,1,0.832,2,59000,12,5507,66.4,1
R100976,10,18,337,8000,0.39,0.804,116.0,1,0.852,9,101000,36,3142,56.7,0
R100977,4,23,572,15818,0.367,0.748,120.1,1,0.878,3,107000,24,4993,58.9,1
R100978,7,26,637,15490,0.239,0.931,158.8,3,0.844,5,64000,18,3982,73.4,1
R100979,7,21,443,16474,0.284,0.756,120.0,2,0.752,5,108000,30,4032,60.8,1
R100980,22,21,430,9755,0.171,0.833,127.6,1,0.863,13,70000,30,2613,79.1,1
R100981,7,20,527,16988,0.369,0.799,84.6,2,0.795,6,47000,36,1462,60.3,0
R100982,33,22,518,11343,0.306,0.801,112.2,1,0.842,15,63000,30,2352,74.5,0
R100983,8,21,472,8866,0.433,0.715,113.8,2,0.807,7,65000,12,6067,54.0,0
R100984,15,16,352,9202,0.277,0.848,158.7,1,0.871,13,59000,18,3671,67.5,0
R100985,12,23,491,10704,0.212,0.79,140.3,2,0.792,9,59000,30,2203,70.6,1
R100986,11,24,544,15368,0.191,0.837,158.4,2,0.813,9,70000,30,2613,73.7,0
R100987,18,20,497,15896,0.278,0.77,133.1,2,0.824,15,75000,18,4667,70.7,1
R100988,10,26,552,13146,0.271,0.987,157.4,0,0.951,5,50000,36,1556,74.2,1
R100989,7,26,795,22457,0.284,0.953,149.8,0,0.907,5,65000,30,2427,76.2,1
R100990,16,26,512,22817,0.255,0.888,128.7,0,0.994,14,87000,36,2707,75.9,1
R100991,5,20,481,16138,0.257,0.784,105.7,2,0.731,4,71000,24,3313,62.7,0
R100992,8,19,557,23860,0.211,0.914,92.2,1,0.867,4,66000,24,3080,73.6,1
R100993,18,19,492,12732,0.146,0.778,148.8,1,0.895,13,51000,24,2380,78.5,1
R100994,9,25,523,11251,0.335,0.864,158.9,1,0.889,4,60000,30,2240,66.0,0
R100995,14,17,414,10391,0.322,0.682,125.6,1,0.831,10,117000,36,3640,61.6,1
R100996,12,23,483,13471,0.08,0.945,151.7,0,0.928,8,102000,18,6347,82.8,1
R100997,7,25,543,13933,0.318,0.758,144.0,1,0.882,6,80000,18,4978,63.2,1
R100998,10,18,363,12180,0.217,0.903,130.5,0,0.878,6,55000,24,2567,69.2,1
R100999,5,15,415,11056,0.291,0.859,114.2,2,0.834,4,67000,24,3127,62.0,0
R101000,20,25,645,17865,0.276,0.902,129.5,1,0.823,17,86000,24,4013,79.0,0
R101001,8,25,589,11433,0.236,0.825,153.5,0,0.901,4,86000,18,5351,71.3,1
R101002,21,20,540,9770,0.25,0.922,143.7,0,0.938,11,80000,24,3733,80.0,0
R101003,9,22,468,13812,0.292,0.832,158.9,1,0.9,5,96000,24,4480,66.0,1
R101004,15,26,681,19870,0.234,0.892,169.1,0,0.954,13,58000,18,3609,79.8,1
R101005,5,22,545,19262,0.191,0.986,122.3,0,0.981,3,90000,12,8400,75.2,0
R101006,19,21,564,11149,0.266,0.908,183.1,1,0.907,10,79000,24,3687,77.9,1
R101007,9,18,389,13716,0.124,0.962,134.7,2,0.864,5,91000,36,2831,75.9,1
R101008,7,24,387,8409,0.317,0.743,123.2,1,0.798,5,69000,12,6440,58.3,1
R101009,4,23,593,20997,0.25,0.745,121.0,2,0.813,3,93000,24,4340,65.3,0
R101010,45,24,479,17671,0.271,0.796,137.4,1,0.862,40,92000,24,4293,75.4,1
R101011,4,26,617,18749,0.313,0.831,108.6,1,0.841,2,69000,36,2147,64.6,1
R101012,33,28,791,24304,0.204,0.921,155.9,0,0.898,29,84000,36,2613,90.3,1
R101013,27,20,588,12880,0.207,0.96,138.7,1,0.948,16,84000,12,7840,86.5,0
R101014,3,26,509,16065,0.318,0.825,165.4,1,0.881,3,95000,24,4433,61.8,0
R101015,10,25,569,12674,0.123,0.883,114.4,1,0.962,9,66000,12,6160,79.9,0
R101016,9,23,516,13443,0.431,0.672,93.2,2,0.741,6,84000,24,3920,54.5,0
R101017,10,30,724,20425,0.228,0.911,127.6,1,0.917,8,93000,12,8680,78.6,1
R101018,12,25,641,17398,0.304,0.826,151.4,0,1.0,8,87000,24,4060,72.6,1
R101019,21,15,276,8000,0.357,0.604,83.0,2,0.744,18,78000,36,2427,58.0,0
R101020,4,18,347,9163,0.374,0.84,102.6,2,0.835,3,92000,36,2862,55.1,0
R101021,9,22,471,13819,0.307,0.685,102.6,1,0.909,8,64000,18,3982,61.9,0
R101022,7,26,697,22578,0.09,0.942,139.2,0,0.971,6,67000,36,2084,84.8,0
R101023,7,30,699,23531,0.199,1.0,169.0,0,0.972,5,84000,30,3136,80.2,1
R101024,10,24,546,14838,0.3,0.895,140.0,2,0.905,8,99000,12,9240,70.0,0
R101025,9,22,656,22878,0.208,0.822,135.2,3,0.848,8,68000,18,4231,74.2,1
R101026,1,25,568,21045,0.304,0.958,137.3,0,0.934,1,69000,36,2147,66.5,0
R101027,13,22,567,19934,0.145,0.904,130.0,0,0.914,12,80000,24,3733,80.3,1
R101028,2,16,449,16099,0.216,0.815,106.5,1,0.857,1,79000,24,3687,64.3,1
R101029,20,19,386,12657,0.296,0.663,101.9,2,0.791,12,84000,30,3136,65.0,1
R101030,11,30,882,30191,0.151,0.881,152.8,0,0.886,8,72000,30,2688,84.2,1
R101031,8,28,675,20396,0.221,0.918,155.0,0,1.0,8,47000,24,2193,77.6,1
R101032,3,21,460,15714,0.315,0.981,121.6,1,0.867,2,88000,36,2738,64.4,1
R101033,13,27,659,20708,0.107,0.848,133.4,0,0.972,7,84000,36,2613,84.0,1
R101034,10,30,778,22387,0.143,0.932,179.5,1,0.998,9,83000,18,5164,85.6,1
R101035,10,26,732,11655,0.179,0.931,143.2,0,0.898,5,74000,24,3453,81.9,1
R101036,11,15,285,8000,0.402,0.686,84.7,2,0.784,6,93000,12,8680,52.3,0
R101037,15,26,582,14305,0.113,0.922,153.6,0,0.914,9,66000,24,3080,84.6,0
R101038,13,21,505,9824,0.258,0.616,99.6,2,0.773,11,84000,18,5227,64.2,0
R101039,26,20,454,11133,0.344,0.735,124.8,2,0.824,23,54000,18,3360,69.1,1
R101040,15,29,552,18457,0.235,0.823,134.4,0,0.972,12,106000,24,4947,75.5,0
R101041,12,21,491,13508,0.369,0.762,100.6,1,0.807,10,40000,18,2489,61.9,0
R101042,11,14,321,8513,0.478,0.766,118.0,2,0.747,9,68000,18,4231,50.4,0
R101043,5,26,658,16669,0.185,0.952,139.6,0,0.832,3,49000,18,3049,76.3,0
R101044,3,18,362,8000,0.348,0.501,80.3,2,0.789,2,65000,36,2022,47.2,0
R101045,1,26,567,14997,0.237,0.778,142.7,2,0.805,1,56000,12,5227,64.0,1
R101046,15,23,634,12943,0.217,0.865,157.0,0,0.938,9,62000,24,2893,78.9,0
R101047,10,30,970,26085,0.255,0.987,173.7,0,0.926,5,82000,36,2551,81.0,1
R101048,16,22,522,17260,0.184,0.913,128.5,0,0.864,14,64000,24,2987,78.8,1
R101049,24,21,513,11397,0.171,0.872,138.2,0,0.889,22,55000,18,3422,83.7,1
R101050,9,23,497,15188,0.308,0.922,144.4,1,0.86,6,91000,36,2831,68.0,0
R101051,4,23,452,9537,0.342,0.681,123.6,2,0.811,2,95000,18,5911,54.9,0
R101052,19,25,490,16603,0.372,0.749,140.0,1,0.849,15,89000,24,4153,65.7,1
R101053,9,28,681,22083,0.194,0.955,133.3,1,0.896,4,80000,12,7467,79.4,1
R101054,7,27,520,16582,0.235,0.899,139.7,0,0.868,4,73000,12,6813,70.1,1
R101055,6,22,542,16879,0.088,0.865,155.8,0,0.989,3,68000,12,6347,78.5,1
R101056,15,19,360,9269,0.192,0.818,120.7,1,0.864,9,105000,30,3920,71.4,1
R101057,15,21,480,14936,0.333,0.766,128.7,1,0.829,8,89000,30,3323,65.2,0
R101058,21,26,729,11428,0.393,0.774,111.9,1,0.927,19,74000,24,3453,73.7,1
R101059,4,25,522,18690,0.377,0.779,113.1,1,0.835,3,43000,36,1338,58.0,1
R101060,4,20,410,8000,0.399,0.689,101.9,1,0.852,2,79000,30,2949,51.9,1
R101061,12,22,446,10671,0.206,0.878,134.2,1,0.932,9,46000,30,1717,73.0,1
R101062,12,18,313,10355,0.472,0.584,37.1,3,0.687,8,77000,30,2875,46.5,0
R101063,20,25,520,8000,0.261,0.869,151.3,2,0.831,17,89000,24,4153,75.7,0
R101064,20,17,421,9444,0.211,0.926,140.3,1,0.846,15,93000,24,4340,78.0,0
R101065,11,23,586,8320,0.196,0.911,150.4,0,0.969,6,64000,30,2389,78.1,1
R101066,21,24,599,14002,0.296,0.755,111.0,1,0.823,12,63000,18,3920,74.0,1
R101067,10,21,498,12673,0.171,0.856,109.6,0,0.929,5,47000,18,2924,74.5,1
R101068,10,20,514,17192,0.298,0.76,135.4,1,0.822,9,62000,18,3858,64.8,1
R101069,9,21,526,11955,0.278,0.883,122.5,1,0.912,4,66000,24,3080,69.3,1
R101070,4,26,647,18614,0.192,0.893,132.5,1,0.935,4,55000,24,2567,74.6,0
R101071,3,21,403,15573,0.25,0.816,128.5,1,0.846,2,68000,12,6347,61.7,0
R101072,11,23,616,17661,0.374,0.757,70.4,2,0.767,7,76000,36,2364,63.7,0
R101073,19,22,464,14043,0.256,0.759,139.1,1,0.83,12,65000,24,3033,71.3,1
R101074,6,21,658,13208,0.242,0.77,124.8,1,0.774,4,47000,24,2193,68.9,1
R101075,20,23,589,20649,0.375,0.968,180.4,1,0.833,15,40000,24,1867,74.4,0
R101076,24,21,453,14101,0.461,0.884,122.1,1,0.821,13,104000,36,3236,66.5,0
R101077,8,20,499,13940,0.455,0.928,115.9,0,0.941,4,73000,18,4542,60.3,1
R101078,2,24,697,21628,0.182,0.89,137.8,1,0.959,2,57000,24,2660,75.3,0
R101079,9,16,306,8000,0.341,0.755,72.0,3,0.623,5,50000,18,3111,54.4,0
R101080,5,19,346,10233,0.293,0.696,126.3,2,0.787,2,65000,24,3033,55.6,0
R101081,19,21,421,9161,0.318,0.805,157.9,2,0.851,13,74000,24,3453,68.4,0
R101082,12,24,736,21052,0.207,0.838,126.7,2,0.856,8,75000,30,2800,78.6,0
R101083,2,17,385,8416,0.406,0.689,109.0,2,0.816,1,94000,18,5849,49.2,0
R101084,14,19,514,8104,0.278,0.821,142.5,2,0.844,8,58000,30,2165,70.1,1
R101085,20,22,559,9860,0.329,0.813,133.8,1,0.893,11,78000,24,3640,72.4,1
R101086,11,21,506,12409,0.279,0.952,126.7,0,0.919,7,96000,30,3584,71.9,1
R101087,7,30,937,31673,0.251,0.97,152.6,0,0.986,5,52000,12,4853,79.7,1
R101088,13,24,638,15427,0.219,0.888,141.2,3,0.828,6,86000,30,3211,77.4,0
R101089,27,18,501,12856,0.471,0.601,124.2,2,0.735,22,73000,18,4542,59.3,1
R101090,22,25,654,18647,0.306,0.904,150.2,0,0.928,16,74000,18,4604,79.9,1
R101091,4,23,484,17132,0.392,0.621,104.6,2,0.749,3,71000,24,3313,51.1,0
R101092,12,17,403,8000,0.325,0.704,122.6,1,0.853,9,66000,30,2464,60.6,0
R101093,5,21,485,11845,0.146,0.87,130.8,2,0.854,2,56000,24,2613,72.0,1
R101094,7,27,870,16127,0.185,0.857,142.8,0,0.881,5,82000,24,3827,79.3,1
R101095,23,17,348,12930,0.311,0.775,100.2,2,0.727,11,85000,24,3967,67.3,0
R101096,12,22,385,15175,0.202,0.912,121.3,1,0.962,10,100000,24,4667,72.9,1
R101097,5,23,476,13047,0.336,0.78,161.6,0,0.921,3,70000,30,2613,60.4,1
R101098,9,30,790,23915,0.206,0.955,131.9,1,0.958,4,65000,24,3033,81.9,0
R101099,16,30,672,14563,0.26,0.828,150.1,3,0.851,11,87000,24,4060,76.8,1
R101100,7,20,460,12220,0.35,0.676,104.3,2,0.796,6,83000,30,3099,56.5,0
R101101,12,24,530,13641,0.284,0.845,144.2,2,0.841,6,94000,36,2924,69.6,1
R101102,7,26,725,25524,0.218,0.836,137.4,1,0.919,5,48000,12,4480,75.6,0
R101103,8,27,660,18534,0.089,0.839,175.2,0,0.985,4,80000,30,2987,81.8,0
R101104,24,21,515,16143,0.398,0.782,133.1,2,0.861,18,73000,18,4542,69.3,1
R101105,11,21,496,16269,0.298,0.783,129.5,1,0.829,8,59000,36,1836,65.9,0
R101106,15,21,370,8670,0.332,0.76,145.8,1,0.882,7,58000,18,3609,63.0,0
R101107,11,23,398,8676,0.365,0.859,126.4,1,0.915,6,68000,30,2539,62.6,1
R101108,3,27,574,18335,0.133,0.856,159.4,0,0.926,2,74000,24,3453,74.2,1
R101109,4,28,668,19248,0.259,0.88,168.5,1,0.857,2,40000,24,1867,70.6,0
R101110,24,22,533,11210,0.218,0.791,126.8,1,0.886,17,85000,36,2644,79.7,1
R101111,22,18,440,13404,0.146,0.85,135.0,2,0.803,15,82000,18,5102,80.8,1
R101112,11,21,511,13261,0.169,0.94,156.3,0,0.949,6,80000,12,7467,78.0,0
R101113,6,21,481,8138,0.21,0.892,131.8,1,0.837,5,98000,30,3659,69.5,1
R101114,3,16,244,11923,0.382,0.622,115.7,2,0.791,2,63000,18,3920,45.3,0
R101115,35,28,856,24196,0.219,0.831,144.2,0,0.954,32,77000,18,4791,88.0,1
R101116,4,17,417,12062,0.402,0.693,107.6,2,0.764,2,93000,24,4340,51.1,0
R101117,6,22,526,13557,0.274,0.891,147.8,0,0.968,3,69000,36,2147,68.7,1
R101118,7,25,565,17284,0.173,0.912,136.7,1,0.803,6,78000,36,2427,74.4,0
R101119,6,30,710,17130,0.156,0.77,147.1,1,0.915,4,87000,30,3248,75.7,1
R101120,10,20,543,16798,0.322,0.806,138.3,2,0.834,8,83000,24,3873,65.8,0
R101121,33,20,457,11062,0.153,0.802,153.6,3,0.833,17,61000,30,2277,81.0,1
R101122,9,25,623,10905,0.14,0.905,162.6,1,0.998,7,86000,36,2676,80.9,1
R101123,13,13,246,8017,0.433,0.641,129.9,3,0.745,9,97000,30,3621,49.0,0
R101124,15,21,410,9437,0.318,0.903,107.5,2,0.768,14,79000,24,3687,67.6,0
R101125,18,21,392,11565,0.213,0.754,88.6,2,0.782,14,73000,30,2725,70.6,0
R101126,11,23,530,13992,0.135,0.852,142.1,0,0.855,6,72000,30,2688,77.1,1
R101127,5,21,426,11123,0.32,0.824,130.2,0,0.898,3,74000,24,3453,60.9,0
R101128,16,24,429,10272,0.449,0.685,109.1,2,0.691,13,73000,24,3407,55.1,0
R101129,27,19,386,8723,0.226,0.814,91.4,1,0.783,22,93000,24,4340,75.1,0
R101130,3,17,361,9227,0.349,0.757,102.7,2,0.755,2,51000,30,1904,53.0,0
R101131,7,24,513,11455,0.309,0.871,110.1,1,0.904,6,93000,24,4340,65.8,0
R101132,13,21,518,18787,0.299,0.667,104.5,2,0.758,6,40000,36,1244,63.9,1
R101133,16,21,517,9140,0.331,0.818,104.1,1,0.886,8,52000,24,2427,69.0,0
R101134,8,25,544,15266,0.154,0.852,147.3,0,0.913,7,76000,12,7093,75.0,1
R101135,18,25,660,19503,0.283,0.774,158.3,2,0.816,13,102000,30,3808,74.4,0
R101136,21,30,906,22337,0.397,0.765,112.5,1,0.827,15,102000,12,9520,74.0,1
R101137,13,15,286,9282,0.486,0.706,105.8,3,0.734,9,89000,36,2769,49.0,1
R101138,17,20,519,18116,0.288,0.699,136.4,1,0.845,9,82000,36,2551,68.8,1
R101139,9,22,648,17587,0.318,0.959,144.3,1,0.858,9,80000,24,3733,72.1,0
R101140,4,29,801,17970,0.205,0.885,134.0,0,0.997,3,71000,36,2209,78.1,1
R101141,5,30,701,23216,0.173,0.914,169.0,0,0.925,3,47000,18,2924,78.0,1
R101142,30,21,662,20700,0.201,0.932,118.8,1,0.874,18,63000,18,3920,87.2,1
R101143,21,27,600,16248,0.296,0.823,158.3,0,0.908,20,69000,18,4293,76.7,1
R101144,5,16,251,8000,0.264,0.756,133.7,1,0.856,4,61000,24,2847,57.1,0
R101145,5,24,710,26638,0.233,0.928,124.2,1,0.869,4,53000,24,2473,74.4,1
R101146,16,26,817,15062,0.225,1.0,140.6,0,1.0,9,66000,24,3080,87.2,1
R101147,45,21,394,8000,0.515,0.59,135.2,2,0.775,40,54000,24,2520,54.5,1
R101148,11,20,540,12971,0.158,0.731,104.1,1,0.74,9,107000,12,9987,72.1,1
R101149,6,19,449,11864,0.394,0.803,133.1,1,0.939,4,84000,24,3920,57.9,0
R101150,18,25,417,8720,0.217,0.842,171.4,0,0.958,17,72000,36,2240,75.3,0
R101151,23,18,380,8000,0.27,0.852,124.2,2,0.901,19,61000,24,2847,74.4,1
R101152,16,22,487,14603,0.15,0.894,167.8,0,0.973,11,64000,12,5973,80.4,1
R101153,14,26,618,22274,0.091,0.817,159.3,0,0.908,10,95000,24,4433,83.3,1
R101154,5,19,447,11904,0.228,1.0,173.9,0,0.921,3,40000,18,2489,70.6,1
R101155,19,23,487,11867,0.226,0.764,162.8,2,0.811,17,94000,24,4387,73.3,0
R101156,16,28,623,14674,0.223,0.862,131.8,1,0.871,8,96000,36,2987,78.3,1
R101157,8,21,570,12853,0.143,0.764,116.1,0,0.87,7,86000,24,4013,74.0,1
R101158,4,21,529,18191,0.124,0.78,105.0,1,0.89,3,64000,24,2987,71.7,0
R101159,8,25,702,17798,0.238,0.783,138.9,1,0.885,5,72000,24,3360,72.6,1
R101160,11,26,421,13327,0.264,0.966,124.3,2,0.819,6,40000,36,1244,69.9,1
R101161,17,25,568,16788,0.275,0.838,138.3,0,0.997,13,73000,36,2271,75.3,0
R101162,19,21,384,12203,0.3,0.824,138.6,2,0.857,16,65000,36,2022,68.8,0
R101163,10,30,871,25918,0.225,0.927,119.3,0,0.802,7,91000,18,5662,79.8,1
R101164,9,23,455,11617,0.201,0.848,122.2,1,0.884,8,103000,36,3204,70.9,1
R101165,21,19,316,8000,0.349,0.77,98.3,1,0.835,13,88000,30,3285,64.2,0
R101166,13,19,496,8238,0.328,0.689,77.3,2,0.759,7,74000,24,3453,62.6,0
R101167,16,25,595,9911,0.227,0.934,160.3,0,0.972,12,82000,24,3827,80.1,1
R101168,8,20,574,11766,0.256,0.781,124.1,1,0.83,7,70000,24,3267,68.2,1
R101169,20,17,277,12012,0.343,0.902,100.1,1,0.838,19,92000,30,3435,66.7,1
R101170,7,16,285,8000,0.49,0.502,97.4,2,0.676,6,72000,36,2240,39.2,0
R101171,33,25,447,13291,0.212,0.907,93.1,1,0.879,18,97000,30,3621,80.7,1
R101172,4,23,483,10563,0.424,0.779,106.0,1,0.807,3,69000,18,4293,54.3,1
R101173,11,23,507,16156,0.321,0.952,154.5,1,0.899,8,73000,24,3407,69.8,1
R101174,4,21,421,12283,0.461,0.899,96.1,1,0.837,4,61000,18,3796,53.9,0
R101175,15,21,517,11403,0.372,0.805,132.3,1,0.944,9,105000,24,4900,66.6,1
R101176,22,19,351,9050,0.406,0.67,97.4,2,0.691,12,91000,30,3397,59.0,0
R101177,16,21,551,16365,0.134,0.864,136.0,0,0.901,15,94000,36,2924,81.5,1
R101178,8,19,485,13009,0.348,0.821,108.3,2,0.819,5,94000,24,4387,61.8,0
R101179,4,17,410,11027,0.235,0.782,91.2,2,0.74,2,69000,36,2147,61.6,0
R101180,8,27,600,18382,0.245,0.927,172.3,0,0.931,8,60000,24,2800,73.8,1
R101181,16,26,551,8778,0.305,0.844,113.5,1,0.8,9,92000,24,4293,71.1,1
R101182,5,18,399,10130,0.265,0.774,109.7,1,0.899,3,70000,18,4356,61.8,0
R101183,3,18,420,11591,0.384,0.599,75.8,2,0.708,2,88000,12,8213,48.4,1
R101184,9,25,454,12484,0.333,0.879,178.8,1,0.887,7,75000,24,3500,64.7,0
R101185,4,21,555,18602,0.265,0.901,165.2,1,0.854,3,88000,24,4107,67.8,0
R101186,13,22,576,14410,0.262,0.866,138.3,1,0.894,8,82000,30,3061,73.6,1
R101187,10,23,640,15856,0.18,0.852,153.1,0,0.957,6,63000,24,2940,77.9,1
R101188,9,23,490,13041,0.283,0.807,151.4,1,0.879,8,49000,24,2287,66.2,0
R101189,35,24,667,19255,0.291,0.772,130.2,0,0.895,27,68000,30,2539,78.8,0
R101190,14,25,598,21219,0.361,0.759,98.4,1,0.825,12,80000,12,7467,66.3,0
R101191,1,18,484,12286,0.257,0.75,130.0,3,0.767,1,59000,12,5507,59.9,1
R101192,32,24,524,14219,0.253,0.806,175.2,0,0.934,16,75000,24,3500,78.5,1
R101193,11,17,391,8000,0.303,0.609,91.7,3,0.77,8,75000,24,3500,57.9,0
R101194,8,26,603,14412,0.293,0.832,129.8,2,0.814,8,46000,18,2862,68.1,0
R101195,12,18,379,8000,0.193,0.819,121.1,1,0.834,9,48000,36,1493,70.2,0
R101196,5,21,543,14541,0.229,0.795,138.5,1,0.847,3,87000,36,2707,66.9,0
R101197,10,17,467,18755,0.301,0.717,115.1,2,0.796,7,40000,24,1867,62.0,1
R101198,20,21,444,13588,0.169,0.759,134.7,2,0.819,13,73000,24,3407,76.1,1
R101199,9,17,322,9657,0.337,0.754,63.8,2,0.906,8,92000,12,8587,57.9,0
R101200,7,18,479,14070,0.378,0.854,116.0,1,0.856,7,48000,36,1493,60.8,1
R101201,6,24,596,13521,0.197,0.783,149.2,2,0.818,4,78000,24,3640,70.4,0
R101202,18,22,375,14780,0.108,0.82,157.4,1,0.917,15,54000,24,2520,78.9,1
R101203,13,24,563,12259,0.378,0.811,124.1,1,0.861,7,80000,30,2987,65.6,0
R101204,32,18,287,9273,0.343,0.703,115.6,3,0.734,27,65000,36,2022,63.2,1
R101205,29,29,754,22319,0.321,0.794,142.2,0,0.887,13,63000,36,1960,79.9,0
R101206,9,24,498,17205,0.197,0.752,137.5,1,0.783,5,60000,24,2800,68.7,0
R101207,16,19,301,9456,0.441,0.757,92.2,2,0.82,12,65000,12,6067,55.4,1
R101208,8,29,757,25443,0.311,0.745,130.2,3,0.826,5,50000,30,1867,68.8,0
R101209,7,27,568,8000,0.264,0.816,154.3,0,0.975,4,63000,24,2940,69.3,0
R101210,7,23,514,12204,0.288,0.841,138.0,1,0.834,4,46000,24,2147,65.6,1
R101211,6,17,377,9077,0.412,0.843,105.0,2,0.812,5,92000,12,8587,55.2,0
R101212,20,29,610,14535,0.207,0.863,139.6,0,0.933,18,68000,30,2539,82.0,0
R101213,7,14,235,13782,0.385,0.58,56.8,2,0.726,6,93000,24,4340,46.1,0
R101214,8,22,587,20104,0.259,0.938,131.5,0,0.891,4,84000,24,3920,72.8,1
R101215,13,22,457,12967,0.326,0.975,148.2,1,0.917,7,74000,30,2763,70.2,0
R101216,12,23,557,12567,0.421,0.977,145.4,0,0.969,9,55000,36,1711,67.8,0
R101217,12,16,359,9084,0.444,0.634,87.5,3,0.676,8,57000,36,1773,49.7,0
R101218,22,24,724,18083,0.179,0.909,161.4,0,0.996,15,78000,36,2427,89.5,1
R101219,7,19,319,8000,0.369,0.719,90.9,3,0.744,5,109000,30,4069,52.6,0
R101220,6,21,403,9830,0.18,0.886,123.9,0,0.994,4,50000,30,1867,70.9,0
R101221,1,18,460,18394,0.323,0.859,136.1,5,0.688,0,86000,24,4013,57.7,0
R101222,16,24,491,10375,0.255,0.844,141.4,2,0.803,11,108000,30,4032,72.1,1
R101223,15,23,537,14391,0.229,0.899,140.9,1,0.895,14,96000,30,3584,76.7,0
R101224,21,15,346,8446,0.375,0.773,80.7,2,0.743,16,70000,24,3267,63.0,1
R101225,9,18,440,20430,0.287,0.843,168.0,2,0.823,7,75000,24,3500,65.1,1
R101226,10,23,549,10807,0.154,0.961,132.2,1,0.888,9,81000,18,5040,79.1,0
R101227,20,24,680,26060,0.193,0.975,144.1,1,0.899,17,79000,36,2458,86.6,1
R101228,8,20,419,11830,0.255,0.69,99.3,1,0.792,5,104000,24,4853,61.4,0
R101229,11,22,556,12505,0.419,0.735,82.9,3,0.735,9,82000,36,2551,58.7,1
R101230,22,22,429,8582,0.162,0.79,141.2,1,0.799,19,80000,36,2489,77.9,0
R101231,15,16,291,8000,0.501,0.657,81.0,2,0.712,10,69000,24,3220,48.2,0
R101232,9,27,700,18073,0.307,0.902,124.1,1,0.846,6,72000,30,2688,72.1,0
R101233,19,28,601,21169,0.232,0.877,147.6,1,0.88,15,67000,18,4169,79.8,1
R101234,10,19,474,11635,0.227,0.729,121.0,1,0.867,9,91000,24,4247,67.5,1
R101235,20,26,726,29001,0.244,0.817,153.3,2,0.842,10,65000,30,2427,80.6,1
R101236,13,24,554,11923,0.254,0.696,101.7,2,0.777,11,68000,24,3173,68.1,0
R101237,8,25,500,14480,0.4,0.611,118.7,2,0.75,4,111000,30,4144,53.3,0
R101238,5,22,381,12380,0.342,0.707,98.9,2,0.782,4,66000,24,3080,54.3,1
R101239,18,22,481,11726,0.416,0.775,105.8,1,0.852,9,40000,24,1867,63.2,0
R101240,19,22,460,21044,0.419,0.817,103.0,1,0.867,12,106000,24,4947,64.4,0
R101241,24,27,430,8000,0.289,0.784,118.8,2,0.818,20,69000,24,3220,72.4,0
R101242,16,18,493,11339,0.332,0.841,154.3,1,0.815,10,92000,36,2862,68.3,1
R101243,10,28,678,21225,0.342,0.885,135.7,1,0.898,5,108000,36,3360,70.3,0
R101244,13,20,428,11939,0.228,0.792,103.6,1,0.75,6,49000,24,2287,68.3,1
R101245,11,23,552,18388,0.172,0.997,165.9,0,0.983,8,63000,24,2940,80.9,1
R101246,9,15,370,8000,0.356,0.673,112.7,2,0.753,7,81000,24,3780,55.0,0
R101247,4,20,494,13785,0.263,0.976,133.4,0,0.889,3,50000,24,2333,68.8,1
R101248,5,22,425,10293,0.339,0.813,111.7,1,0.799,4,61000,36,1898,58.4,0
R101249,18,28,609,18729,0.301,0.778,87.6,1,0.881,15,74000,30,2763,73.0,0
R101250,6,22,495,12775,0.147,0.923,146.8,1,0.844,4,87000,36,2707,74.3,0
R101251,9,23,567,15497,0.144,0.937,163.5,1,0.952,7,71000,24,3313,79.5,1
R101252,3,22,423,15493,0.401,0.752,114.3,2,0.83,2,56000,24,2613,52.7,0
R101253,3,20,425,12046,0.333,0.771,141.0,2,0.825,2,42000,36,1307,56.9,1
R101254,6,27,643,17039,0.23,0.807,141.3,1,0.89,3,87000,36,2707,71.2,1
R101255,17,18,576,18309,0.284,0.744,122.3,3,0.785,14,92000,30,3435,71.0,0
R101256,18,23,410,11334,0.368,0.856,122.9,1,0.802,14,75000,18,4667,65.8,0
R101257,12,22,492,13956,0.45,0.602,77.4,2,0.752,7,80000,24,3733,53.2,0
R101258,7,22,522,12278,0.16,0.789,182.1,0,0.97,5,75000,36,2333,72.6,1
R101259,25,23,543,14795,0.369,0.829,168.8,0,0.987,20,57000,30,2128,74.0,1
R101260,9,25,627,15375,0.202,0.986,143.0,0,0.959,8,83000,30,3099,79.1,0
R101261,27,28,745,13606,0.152,1.0,134.0,2,0.902,23,101000,24,4713,93.9,1
R101262,14,25,678,23205,0.244,0.855,123.4,1,0.886,11,77000,36,2396,77.4,1
R101263,20,22,537,13572,0.281,0.833,137.9,1,0.93,9,88000,24,4107,75.5,0
R101264,20,29,601,14567,0.354,0.78,126.5,1,0.771,17,55000,24,2567,70.4,1
R101265,2,24,474,9862,0.342,0.872,139.8,1,0.931,1,66000,24,3080,60.7,1
R101266,5,25,547,16346,0.245,0.967,129.9,0,0.991,4,76000,24,3547,72.1,1
R101267,9,27,769,23819,0.297,0.703,127.6,1,0.848,7,96000,24,4480,69.2,0
R101268,6,23,480,16143,0.204,0.759,130.6,1,0.866,6,62000,36,1929,67.1,0
R101269,15,20,539,22969,0.373,0.782,104.5,1,0.872,10,85000,30,3173,65.5,0
R101270,15,19,352,8000,0.34,0.739,134.0,1,0.871,11,82000,18,5102,62.0,1
R101271,8,30,621,15001,0.266,0.853,139.9,1,0.941,5,89000,30,3323,71.5,0
R101272,7,16,315,12260,0.375,0.733,100.0,2,0.778,4,62000,12,5787,53.1,0
R101273,19,22,490,13726,0.355,0.662,127.2,2,0.783,9,86000,30,3211,64.2,0
R101274,8,23,540,21005,0.201,0.793,125.1,0,0.969,7,83000,18,5164,71.3,0
R101275,21,16,232,10490,0.396,0.744,97.6,2,0.847,11,83000,18,5164,59.6,0
R101276,13,20,425,8000,0.314,0.746,99.4,1,0.874,7,98000,36,3049,63.6,1
R101277,13,24,496,11672,0.169,0.841,135.9,1,0.889,12,101000,18,6284,75.6,1
R101278,5,13,284,9805,0.504,0.631,108.6,2,0.724,4,79000,24,3687,41.2,0
R101279,17,23,519,10842,0.157,0.831,146.8,0,0.962,9,62000,30,2315,79.8,0
R101280,5,27,655,18940,0.121,0.744,122.9,1,0.871,4,75000,30,2800,74.5,0
R101281,17,23,564,12203,0.287,0.776,101.0,1,0.812,14,55000,24,2567,71.2,0
R101282,15,24,618,17885,0.139,0.877,137.4,1,0.871,11,80000,18,4978,82.6,0
R101283,16,20,450,17607,0.446,0.929,123.8,2,0.868,12,105000,18,6533,63.7,1
R101284,15,25,518,17358,0.217,0.835,149.2,0,0.927,11,72000,36,2240,75.5,1
R101285,19,26,586,14221,0.316,0.787,127.8,1,0.942,9,83000,30,3099,73.3,1
R101286,14,15,325,15321,0.451,0.533,80.4,3,0.657,8,69000,36,2147,47.5,1
R101287,3,23,504,12459,0.209,0.742,93.6,3,0.749,2,69000,18,4293,63.4,0
R101288,13,20,366,9522,0.38,0.909,137.2,1,0.868,7,85000,24,3967,63.2,1
R101289,6,19,459,17449,0.173,0.816,148.8,1,0.896,5,57000,24,2660,69.7,0
R101290,4,17,323,11751,0.397,0.731,100.1,2,0.761,3,59000,30,2203,49.6,1
R101291,5,26,679,17579,0.094,0.883,159.0,1,0.98,3,103000,30,3845,81.4,1
R101292,7,20,463,12474,0.29,0.786,142.6,1,0.741,4,50000,18,3111,62.0,0
R101293,16,15,292,8000,0.393,0.574,89.5,3,0.765,10,70000,12,6533,52.8,0
R101294,9,29,737,21333,0.164,0.944,146.2,0,0.879,7,117000,18,7280,82.1,1
R101295,19,19,373,8000,0.29,0.751,132.9,1,0.891,12,108000,24,5040,67.8,0
R101296,7,19,365,8000,0.229,0.763,127.7,1,0.892,3,73000,18,4542,63.4,0
R101297,9,27,597,21991,0.08,0.959,121.4,1,0.918,5,93000,18,5787,83.9,1
R101298,7,24,495,10148,0.337,0.852,119.0,1,0.905,3,70000,24,3267,63.5,0
R101299,2,23,540,8000,0.278,0.984,169.1,0,0.948,1,58000,24,2707,68.3,1
R101300,11,26,524,17021,0.271,0.86,137.9,1,0.894,6,71000,24,3313,70.5,1
R101301,42,18,333,10135,0.2,0.726,93.2,2,0.778,25,78000,18,4853,72.9,0
R101302,4,22,480,9858,0.194,0.9,133.6,1,0.903,3,59000,18,3671,70.0,0
R101303,17,21,596,14445,0.244,0.89,136.0,0,0.978,14,89000,24,4153,78.8,1
R101304,19,17,292,9257,0.3,0.633,83.0,2,0.776,15,98000,18,6098,61.3,0
R101305,12,28,607,16099,0.223,1.0,135.4,0,0.995,8,70000,24,3267,79.8,1
R101306,4,23,542,19764,0.342,0.807,96.9,1,0.857,2,52000,30,1941,61.2,1
R101307,35,20,438,16745,0.21,0.84,130.2,2,0.843,28,102000,24,4760,78.5,0
R101308,15,15,187,8000,0.538,0.587,79.4,3,0.628,10,72000,24,3360,41.1,0
R101309,27,22,696,17107,0.26,0.81,87.3,1,0.845,16,66000,24,3080,81.6,0
R101310,3,27,469,8000,0.225,0.846,169.1,1,0.838,2,53000,18,3298,65.4,0
R101311,7,24,472,15960,0.251,0.917,118.9,1,0.852,4,65000,24,3033,68.8,1
R101312,4,23,444,10891,0.38,0.869,126.5,1,0.804,3,101000,36,3142,57.5,1
R101313,20,18,252,10154,0.355,0.571,106.6,3,0.77,16,76000,24,3547,56.6,0
R101314,3,20,430,14751,0.365,0.804,108.0,1,0.897,2,63000,12,5880,56.6,0
R101315,10,18,384,10084,0.313,0.75,94.8,2,0.793,6,80000,18,4978,60.2,0
R101316,9,29,666,17553,0.372,0.924,162.2,0,0.945,6,55000,24,2567,69.6,1
R101317,2,21,433,12148,0.291,0.599,77.2,3,0.754,2,91000,18,5662,53.6,0
R101318,16,17,386,14590,0.258,0.863,165.1,0,0.958,9,73000,36,2271,71.5,1
R101319,14,23,457,8289,0.275,0.865,79.5,2,0.771,10,91000,24,4247,69.4,1
R101320,7,24,564,20309,0.08,0.81,149.3,0,0.858,5,73000,36,2271,77.3,0
R101321,27,21,418,8000,0.361,0.746,119.4,1,0.789,22,94000,24,4387,67.2,0
R101322,3,14,282,8000,0.41,0.683,92.4,2,0.775,1,79000,36,2458,46.2,0
R101323,2,21,524,11015,0.345,0.791,141.0,1,0.931,2,66000,36,2053,59.2,1
R101324,12,20,453,9691,0.194,0.855,133.2,0,0.952,6,101000,30,3771,73.7,1
R101325,5,24,710,14419,0.226,0.926,146.8,0,0.893,3,63000,30,2352,75.4,1
R101326,10,22,440,11361,0.372,0.799,128.5,1,0.833,7,86000,12,8027,60.3,1
R101327,22,21,442,10377,0.329,0.743,88.6,2,0.805,15,40000,30,1493,68.5,0
R101328,4,26,667,22250,0.306,0.76,114.6,2,0.809,2,83000,30,3099,64.2,0
R101329,21,19,320,10986,0.328,0.751,107.6,1,0.819,15,47000,30,1755,64.8,0
R101330,4,14,240,8000,0.52,0.719,97.4,2,0.682,3,86000,36,2676,40.1,0
R101331,8,25,426,10546,0.259,0.827,108.2,3,0.831,5,93000,30,3472,65.2,0
R101332,23,19,444,9444,0.227,0.822,153.0,1,0.835,13,88000,12,8213,76.9,1
R101333,16,23,517,13738,0.204,0.843,77.3,1,0.882,14,87000,24,4060,76.5,0
R101334,6,24,571,14785,0.286,0.872,111.9,1,0.824,3,96000,24,4480,67.0,0
R101335,13,16,346,13224,0.342,0.831,159.7,1,0.759,12,61000,36,1898,61.6,1
R101336,7,20,526,19194,0.151,0.772,140.5,2,0.841,7,87000,24,4060,71.8,1
R101337,8,15,340,8000,0.336,0.598,88.9,2,0.76,4,94000,30,3509,52.7,1
R101338,9,25,436,11718,0.35,0.846,110.6,1,0.823,8,59000,30,2203,61.9,1
R101339,15,22,546,21887,0.208,0.79,130.3,2,0.909,10,58000,30,2165,75.1,1
R101340,11,21,613,12533,0.238,0.752,123.3,2,0.758,10,85000,24,3967,70.5,1
R101341,9,12,247,8000,0.354,0.606,88.2,2,0.752,6,82000,24,3827,50.3,1
R101342,10,19,413,9007,0.347,0.718,137.9,1,0.861,6,100000,30,3733,58.9,0
R101343,12,22,571,16144,0.239,0.852,173.5,0,0.93,8,72000,30,2688,74.3,1
R101344,11,24,764,31117,0.308,0.876,139.5,0,0.912,8,73000,18,4542,75.0,1
R101345,7,24,580,17652,0.184,0.848,151.0,0,0.892,6,62000,12,5787,73.7,1
R101346,13,25,504,9974,0.327,0.7,109.3,1,0.812,7,62000,18,3858,63.2,0
R101347,14,25,680,21725,0.258,0.805,116.8,1,0.896,10,59000,12,5507,75.6,1
R101348,13,16,258,8542,0.316,0.784,135.4,2,0.778,8,82000,36,2551,59.5,1
R101349,19,25,511,10001,0.175,0.815,126.3,1,0.761,13,88000,12,8213,77.6,0
R101350,7,29,1000,19691,0.189,0.942,173.6,0,0.935,5,75000,36,2333,81.4,0
R101351,7,25,423,15088,0.242,0.823,137.1,1,0.891,4,82000,24,3827,65.7,0
R101352,25,29,609,16374,0.08,0.97,152.3,0,0.874,20,54000,30,2016,93.2,1
R101353,6,22,470,14196,0.329,0.609,78.5,2,0.728,4,107000,24,4993,54.8,0
R101354,9,16,294,8000,0.372,0.698,98.6,3,0.793,4,58000,36,1804,52.9,0
R101355,2,20,465,14043,0.274,0.851,143.7,1,0.929,1,89000,24,4153,63.1,0
R101356,4,26,448,8000,0.329,0.965,130.6,1,0.915,3,57000,30,2128,63.9,1
R101357,8,22,548,11257,0.377,0.859,146.7,0,0.941,4,84000,30,3136,63.9,0
R101358,8,27,689,15413,0.202,0.928,158.6,0,0.86,7,80000,24,3733,77.4,1
R101359,9,20,479,12006,0.297,0.848,108.4,1,0.925,8,48000,30,1792,66.7,0
R101360,28,24,465,14450,0.301,0.798,97.2,1,0.767,23,64000,18,3982,72.6,1
R101361,2,18,428,8000,0.366,0.833,114.9,1,0.795,1,87000,18,5413,55.9,0
R101362,11,26,715,20217,0.179,0.945,146.9,0,0.941,5,91000,36,2831,82.3,1
R101363,10,24,601,15067,0.368,1.0,158.2,0,0.927,9,82000,30,3061,70.2,1
R101364,31,21,467,16554,0.306,0.892,156.4,0,0.9,19,90000,12,8400,76.1,1
R101365,18,20,378,8476,0.413,0.719,92.7,2,0.687,10,90000,36,2800,57.9,1
R101366,8,29,781,22177,0.184,0.916,158.5,0,0.977,5,98000,18,6098,81.4,1
R101367,24,18,379,13471,0.378,0.705,112.0,3,0.811,18,50000,24,2333,64.5,1
R101368,7,21,572,17415,0.214,0.781,127.8,1,0.873,6,95000,24,4433,69.9,0
R101369,19,22,510,12823,0.285,0.855,138.5,1,0.892,11,100000,18,6222,74.0,1
R101370,27,17,440,8056,0.283,0.683,127.7,2,0.75,18,92000,24,4293,69.9,0
R101371,11,23,632,16143,0.352,0.842,147.1,1,0.914,7,66000,24,3080,68.8,1
R101372,5,18,276,8000,0.304,0.722,102.6,2,0.796,3,78000,36,2427,54.1,0
R101373,2,19,345,9939,0.341,0.821,93.7,2,0.839,2,56000,30,2091,55.2,0
R101374,12,23,487,12307,0.167,0.817,92.3,2,0.754,6,91000,36,2831,72.9,1
R101375,18,19,408,12483,0.283,0.717,111.2,2,0.758,11,71000,18,4418,66.5,1
R101376,47,30,625,20072,0.352,0.858,130.1,0,0.925,23,83000,30,3099,77.0,1
R101377,23,24,533,14058,0.27,0.873,120.2,1,0.873,11,57000,36,1773,78.0,1
R101378,11,21,678,17901,0.405,0.733,136.5,1,0.87,5,76000,30,2837,63.7,1
R101379,5,20,495,8000,0.308,0.715,135.2,1,0.759,4,42000,18,2613,58.7,0
R101380,10,19,301,10224,0.294,0.792,100.4,1,0.887,8,62000,12,5787,61.0,0
R101381,28,25,622,17836,0.285,0.858,169.6,0,0.993,17,92000,24,4293,81.1,1
R101382,35,22,564,16426,0.316,0.823,110.9,1,0.853,25,63000,24,2940,75.8,1
R101383,7,21,546,16021,0.23,0.855,142.5,1,0.878,4,51000,24,2380,70.3,1
R101384,9,18,508,15177,0.416,0.768,96.9,1,0.83,4,120000,30,4480,58.2,0
R101385,25,22,438,13476,0.464,0.79,120.3,2,0.757,17,81000,24,3780,63.1,0
R101386,24,23,476,12839,0.402,0.74,96.7,1,0.852,13,100000,24,4667,67.0,1
R101387,7,13,244,8000,0.342,0.688,76.5,2,0.732,5,64000,18,3982,51.4,1
R101388,17,23,505,16596,0.08,0.743,123.7,2,0.794,10,68000,24,3173,79.7,0
R101389,8,26,563,15248,0.199,0.851,113.5,1,0.817,6,94000,24,4387,72.0,1
R101390,21,25,692,18123,0.221,0.906,138.6,0,0.921,16,83000,36,2582,85.0,1
R101391,11,19,609,13647,0.19,0.858,116.0,1,0.868,8,40000,24,1867,76.3,0
R101392,8,13,246,9193,0.349,0.667,109.9,2,0.809,5,116000,36,3609,52.0,0
R101393,18,20,455,11137,0.382,0.737,125.0,1,0.816,10,69000,24,3220,63.2,0
R101394,11,22,262,8385,0.328,0.647,73.9,2,0.62,10,56000,30,2091,53.0,0
R101395,18,23,518,16339,0.148,0.915,155.7,0,0.947,11,90000,30,3360,82.7,1
R101396,5,21,631,17567,0.313,0.753,97.2,2,0.788,3,53000,12,4947,63.3,0
R101397,6,21,505,15840,0.253,0.848,146.1,1,0.845,4,40000,18,2489,66.8,0
R101398,10,27,632,24070,0.414,0.77,128.3,1,0.933,8,64000,30,2389,63.1,1
R101399,6,23,775,21297,0.235,0.817,150.0,1,0.877,3,61000,18,3796,74.3,1
R101400,8,18,471,8000,0.393,0.76,112.6,1,0.807,5,94000,24,4387,57.3,0
R101401,10,21,529,13802,0.253,0.863,133.2,1,0.93,9,69000,18,4293,71.5,0
R101402,7,20,524,16497,0.299,0.815,138.6,1,0.876,6,73000,24,3407,65.0,1
R101403,27,21,541,20925,0.381,0.746,139.6,1,0.819,21,120000,36,3733,69.5,1
R101404,6,17,507,13113,0.516,0.805,107.8,2,0.747,6,65000,30,2427,51.1,1
R101405,10,21,623,20265,0.222,0.806,113.2,2,0.821,5,66000,30,2464,72.7,1
R101406,10,30,698,24434,0.269,0.754,113.5,1,0.829,8,65000,36,2022,70.9,0
R101407,12,19,308,10351,0.369,0.861,112.1,1,0.812,10,87000,12,8120,59.4,0
R101408,8,23,542,14115,0.186,0.812,127.9,1,0.817,7,75000,18,4667,71.7,1
R101409,19,17,356,9429,0.256,0.673,68.6,2,0.8,16,62000,36,1929,66.2,1
R101410,20,22,670,13566,0.153,0.793,128.4,2,0.833,15,91000,36,2831,83.3,0
R101411,7,22,536,15653,0.186,0.722,123.8,1,0.872,5,53000,18,3298,69.0,1
R101412,21,20,445,12240,0.139,1.0,133.5,0,1.0,17,77000,36,2396,85.8,0
R101413,7,18,494,11785,0.421,0.653,89.1,2,0.714,5,40000,36,1244,52.1,1
R101414,10,24,551,14238,0.183,0.847,109.5,0,0.93,6,105000,36,3267,75.1,0
R101415,11,19,359,11070,0.348,0.684,93.0,2,0.757,5,51000,12,4760,56.3,0
R101416,4,23,565,14274,0.217,0.759,127.2,1,0.888,4,82000,24,3827,67.5,0
R101417,7,23,607,14862,0.318,0.812,146.4,1,0.918,3,94000,36,2924,66.2,0
R101418,3,24,725,20804,0.308,0.891,130.5,2,0.841,3,51000,24,2380,68.9,1
R101419,12,22,615,18826,0.275,0.862,142.5,1,0.881,6,58000,24,2707,72.7,0
R101420,5,24,450,9045,0.469,0.729,113.8,5,0.685,4,59000,30,2203,48.7,0
R101421,26,20,421,11391,0.249,0.788,164.1,1,0.865,17,69000,18,4293,75.0,1
R101422,8,21,593,23280,0.446,0.547,91.1,2,0.685,7,65000,30,2427,50.9,0
R101423,17,15,258,8000,0.318,0.757,91.9,2,0.749,13,73000,18,4542,61.1,0
R101424,16,20,323,8000,0.241,0.695,100.6,3,0.678,10,83000,30,3099,64.1,0
R101425,6,25,492,14765,0.268,0.779,147.1,1,0.909,3,86000,24,4013,65.0,1
R101426,8,18,382,8000,0.318,0.712,123.6,1,0.828,6,96000,30,3584,58.0,0
R101427,8,15,380,8134,0.362,0.64,101.8,2,0.756,6,59000,24,2753,53.1,1
R101428,13,20,413,10319,0.333,0.695,106.0,1,0.883,9,93000,30,3472,61.2,1
R101429,43,29,731,21218,0.208,0.92,174.0,0,0.975,32,40000,24,1867,89.3,1
R101430,12,20,382,8000,0.32,0.867,110.1,1,0.858,7,40000,30,1493,64.9,0
R101431,7,28,508,11900,0.13,0.821,117.3,1,0.907,6,84000,30,3136,74.3,1
R101432,13,28,767,22857,0.136,0.885,173.5,0,1.0,9,98000,24,4573,86.5,1
R101433,5,25,650,18888,0.168,0.944,185.5,0,1.0,2,80000,18,4978,78.1,1
R101434,6,17,421,8000,0.237,0.939,169.0,0,0.894,5,82000,30,3061,68.4,1
R101435,26,22,565,22299,0.203,0.799,135.7,0,0.982,19,52000,24,2427,82.4,1
R101436,9,21,564,18629,0.206,0.785,155.0,1,0.883,8,59000,36,1836,71.5,1
R101437,6,22,510,11000,0.163,0.945,147.6,0,0.975,4,62000,24,2893,75.4,0
R101438,4,20,336,10788,0.104,0.768,102.9,2,0.871,4,72000,30,2688,67.6,1
R101439,10,26,689,22725,0.23,0.875,154.2,1,0.926,8,70000,24,3267,76.9,0
R101440,4,19,371,8000,0.39,0.667,108.3,1,0.838,2,88000,24,4107,50.7,0
R101441,21,25,610,14843,0.289,0.923,142.0,1,0.919,19,81000,30,3024,79.9,1
R101442,16,29,687,19041,0.174,0.795,127.8,1,0.868,9,62000,36,1929,81.1,1
R101443,7,19,397,14433,0.269,0.562,109.2,2,0.76,5,73000,36,2271,56.1,0
R101444,30,16,394,15359,0.479,0.644,81.8,2,0.685,26,72000,12,6720,56.8,0
R101445,8,16,414,10745,0.424,0.74,119.6,2,0.795,5,40000,36,1244,53.6,0
R101446,9,25,574,20719,0.195,0.877,143.5,0,1.0,4,52000,18,3236,75.8,1
R101447,6,20,477,9276,0.314,0.875,106.7,2,0.801,3,104000,30,3883,63.3,0
R101448,16,24,433,10607,0.409,0.716,81.5,3,0.741,9,83000,30,3099,58.6,0
R101449,5,26,653,12455,0.138,0.881,148.6,0,0.888,2,104000,24,4853,77.1,1
R101450,7,30,1000,35840,0.236,1.0,153.8,0,0.877,5,90000,30,3360,80.2,1
R101451,7,20,392,11683,0.401,0.848,117.4,1,0.81,4,98000,24,4573,56.3,0
R101452,12,28,774,28395,0.211,0.928,143.9,0,0.897,8,65000,36,2022,82.3,0
R101453,4,14,245,8000,0.522,0.619,96.6,2,0.687,3,90000,18,5600,37.5,0
R101454,10,22,523,14366,0.27,0.814,112.2,1,0.775,7,75000,24,3500,67.2,1
R101455,21,19,421,14791,0.167,0.847,122.2,1,0.787,18,111000,18,6907,78.4,1
R101456,4,20,577,17309,0.286,0.645,147.1,1,0.848,2,54000,24,2520,60.8,0
R101457,16,16,300,10359,0.327,0.548,87.9,3,0.759,10,76000,24,3547,55.9,0
R101458,18,22,564,19319,0.253,0.916,160.7,1,0.88,11,66000,12,6160,78.1,0
R101459,9,19,377,10368,0.329,0.833,114.8,1,0.896,5,92000,18,5724,61.9,1
R101460,2,27,712,21908,0.161,0.887,130.6,1,0.847,1,52000,24,2427,75.3,1
R101461,16,17,392,12384,0.346,0.831,111.3,2,0.79,9,64000,18,3982,64.3,0
R101462,21,27,494,12896,0.318,0.758,110.1,2,0.772,14,68000,18,4231,69.6,0
R101463,29,18,363,10735,0.254,0.759,118.1,1,0.817,18,96000,18,5973,72.1,0
R101464,11,27,529,17913,0.2,0.901,139.8,0,0.843,10,55000,30,2053,74.8,1
R101465,3,23,521,8000,0.314,0.823,116.2,1,0.791,2,78000,36,2427,60.8,1
R101466,16,22,599,15836,0.21,0.962,152.2,2,0.878,14,94000,24,4387,80.7,1
R101467,3,25,529,12533,0.224,0.747,129.6,1,0.856,2,62000,30,2315,64.7,1
R101468,14,21,441,11106,0.261,0.64,124.8,3,0.795,9,72000,24,3360,64.3,0
R101469,17,24,709,19200,0.189,0.779,142.3,1,0.885,8,88000,36,2738,81.1,1
R101470,22,25,435,13601,0.223,0.862,96.5,1,0.839,19,85000,24,3967,76.9,1
R101471,8,24,476,15283,0.246,0.762,117.5,1,0.889,4,52000,30,1941,65.8,0
R101472,5,18,415,12818,0.376,0.885,127.6,2,0.724,4,95000,36,2956,57.4,1
R101473,11,20,363,9599,0.183,0.691,107.9,2,0.834,5,98000,30,3659,66.2,0
R101474,4,21,552,17405,0.24,0.788,160.1,1,0.874,2,89000,12,8307,66.1,1
R101475,8,21,640,11659,0.374,0.772,152.4,1,0.794,7,82000,24,3827,62.8,0
R101476,7,24,596,14931,0.092,0.775,117.8,1,0.902,5,105000,12,9800,76.7,0
R101477,19,26,513,15839,0.251,0.821,135.9,0,0.932,17,58000,36,1804,75.8,1
R101478,25,21,332,8000,0.305,0.75,116.3,2,0.762,18,77000,18,4791,67.8,1
R101479,15,23,513,12008,0.281,0.807,150.6,1,0.894,8,66000,30,2464,70.6,1
R101480,18,23,465,11370,0.288,0.726,129.5,1,0.842,16,82000,24,3827,68.4,0
R101481,11,14,408,15813,0.508,0.623,88.2,3,0.717,7,75000,36,2333,47.4,0
R101482,11,24,497,12402,0.286,0.717,119.2,1,0.836,5,68000,30,2539,64.5,1
R101483,3,24,539,11216,0.26,0.85,133.9,1,0.809,2,90000,36,2800,65.3,0
R101484,13,26,633,17452,0.171,0.929,151.7,0,0.879,10,94000,30,3509,81.3,0
R101485,17,23,439,8604,0.367,0.766,110.7,3,0.713,9,94000,24,4387,62.8,0
R101486,9,15,218,8000,0.378,0.649,87.2,2,0.737,4,109000,30,4069,48.8,0
R101487,9,23,701,23347,0.293,0.803,127.4,1,0.834,4,68000,24,3173,70.4,0
R101488,2,29,922,22556,0.239,0.944,153.1,1,0.948,2,91000,24,4247,75.9,1
R101489,9,21,691,17542,0.218,1.0,163.9,0,0.899,5,70000,24,3267,79.7,1
R101490,19,28,625,15106,0.245,0.743,130.0,2,0.737,12,69000,24,3220,75.0,0
R101491,13,19,448,12901,0.147,0.799,116.4,2,0.816,6,107000,30,3995,73.8,0
R101492,10,19,341,8000,0.402,0.805,146.9,1,0.864,9,96000,24,4480,56.5,1
R101493,4,24,595,15069,0.292,0.991,109.5,1,0.874,2,57000,30,2128,70.0,1
R101494,7,27,625,21325,0.152,0.957,139.6,0,0.918,6,65000,24,3033,79.5,1
R101495,6,26,774,17736,0.228,0.746,138.0,1,0.92,3,85000,30,3173,73.4,1
R101496,5,30,744,16252,0.312,0.92,156.9,0,0.987,3,69000,24,3220,72.3,0
R101497,13,22,515,13008,0.225,0.667,133.3,1,0.897,7,60000,24,2800,68.8,1
R101498,8,26,702,18008,0.287,0.912,155.8,1,0.945,4,99000,36,3080,73.6,0
R101499,18,18,352,8000,0.39,0.829,133.9,1,0.832,16,47000,30,1755,62.9,0
R101500,10,17,351,8173,0.288,0.746,100.6,2,0.786,7,98000,36,3049,60.6,0
R101501,31,21,452,8000,0.221,0.799,135.6,1,0.838,16,55000,12,5133,77.2,1
R101502,7,18,427,16293,0.412,0.696,83.2,3,0.695,4,62000,12,5787,52.2,0
R101503,21,18,382,14858,0.352,0.654,99.4,2,0.732,15,83000,24,3873,62.1,0
R101504,24,26,768,21862,0.254,0.801,146.7,0,0.934,18,94000,12,8773,84.4,1
R101505,7,25,662,16537,0.165,0.867,114.1,0,0.946,6,82000,30,3061,77.6,1
R101506,9,20,435,9842,0.275,0.787,111.7,1,0.801,4,86000,30,3211,64.2,0
R101507,8,27,750,21415,0.378,0.729,78.7,2,0.735,4,87000,24,4060,63.6,0
R101508,7,22,446,9448,0.124,0.879,129.4,1,0.874,3,42000,18,2613,73.8,1
R101509,15,19,391,11663,0.442,0.538,53.3,2,0.682,7,69000,30,2576,50.5,0
R101510,16,14,237,9287,0.337,0.726,113.5,3,0.696,9,40000,24,1867,57.8,0
R101511,6,22,428,14387,0.29,0.874,116.7,1,0.814,3,92000,24,4293,63.6,1
R101512,6,20,343,8393,0.176,0.905,112.4,1,0.827,5,55000,36,1711,68.3,1
R101513,10,30,624,24504,0.36,0.894,175.2,0,0.9,8,78000,24,3640,68.6,1
R101514,10,22,523,17393,0.261,0.856,133.1,1,0.922,9,79000,36,2458,70.4,1
R101515,3,22,510,16318,0.34,0.865,141.9,1,0.851,3,61000,30,2277,61.1,0
R101516,16,21,495,13291,0.179,0.836,116.8,3,0.766,11,72000,24,3360,75.4,0
R101517,3,21,474,14332,0.198,0.803,121.9,1,0.886,2,89000,30,3323,66.3,0
R101518,6,23,399,8000,0.256,0.757,133.1,1,0.925,3,88000,18,5476,62.5,0
R101519,11,22,436,14556,0.306,0.726,108.5,2,0.802,10,69000,18,4293,62.3,1
R101520,15,23,393,8027,0.352,0.831,103.2,2,0.781,10,102000,24,4760,63.7,0
R101521,6,16,238,8000,0.36,0.711,97.8,2,0.69,4,50000,12,4667,49.4,0
R101522,9,22,568,19636,0.227,0.782,128.7,0,0.909,6,84000,24,3920,70.9,1
R101523,8,25,523,8784,0.317,0.768,92.6,1,0.799,5,86000,24,4013,62.5,0
R101524,1,26,610,15446,0.281,0.822,128.8,3,0.721,1,52000,24,2427,63.1,0
R101525,8,23,634,15406,0.223,0.903,134.2,1,0.837,6,80000,24,3733,74.2,1
R101526,5,25,569,12590,0.207,0.803,127.7,3,0.879,4,97000,12,9053,69.4,0
R101527,10,30,738,19339,0.288,0.873,168.3,0,0.962,5,75000,24,3500,75.2,1
R101528,4,30,691,20449,0.226,0.694,133.6,1,0.894,2,84000,18,5227,68.5,0
R101529,7,23,548,16275,0.204,0.82,115.6,2,0.819,3,83000,30,3099,70.5,1
R101530,9,25,833,18365,0.259,0.698,128.2,1,0.787,7,56000,36,1742,71.7,0
R101531,11,20,414,12979,0.364,0.725,77.0,1,0.824,6,97000,12,9053,58.4,0
R101532,9,20,449,12776,0.475,0.837,126.9,3,0.939,5,70000,18,4356,56.1,1
R101533,21,23,474,14539,0.234,0.907,130.2,1,0.803,9,80000,24,3733,77.3,1
R101534,12,25,430,9478,0.312,0.853,141.3,2,0.739,8,57000,36,1773,64.7,0
R101535,15,18,302,11443,0.287,0.703,104.7,1,0.782,9,59000,12,5507,61.2,0
R101536,9,19,441,11327,0.224,0.866,138.5,0,0.952,8,74000,24,3453,70.5,0
R101537,1,22,511,19532,0.363,0.634,114.0,1,0.733,1,74000,30,2763,51.7,0
R101538,4,10,211,8000,0.368,0.557,86.0,2,0.727,2,80000,24,3733,43.8,0
R101539,3,18,419,12637,0.292,0.759,113.2,1,0.846,3,89000,24,4153,58.9,0
R101540,9,18,366,8000,0.207,0.845,112.1,1,0.862,6,71000,18,4418,67.5,0
R101541,23,17,440,8572,0.226,0.872,171.4,1,0.89,18,84000,18,5227,78.6,0
R101542,12,22,511,10683,0.407,0.65,81.4,2,0.754,8,101000,30,3771,56.6,0
R101543,18,18,388,12377,0.355,0.751,115.5,2,0.737,9,65000,30,2427,62.4,0
R101544,5,27,725,22931,0.293,0.891,125.4,1,0.835,4,72000,30,2688,70.8,1
R101545,11,18,409,16085,0.501,0.572,80.6,4,0.695,8,64000,30,2389,45.9,0
R101546,21,25,420,10598,0.507,0.659,107.1,2,0.758,9,56000,36,1742,55.0,0
R101547,18,23,493,14894,0.281,0.956,174.0,0,0.873,9,81000,24,3780,75.5,1
R101548,7,25,629,10827,0.234,0.859,142.3,0,0.929,4,75000,30,2800,72.5,0
R101549,9,21,394,15680,0.156,0.892,154.1,0,0.956,6,77000,24,3593,73.6,1
R101550,19,23,546,19657,0.184,0.871,164.7,2,0.96,10,63000,24,2940,81.2,0
R101551,6,23,403,8000,0.28,0.736,118.9,2,0.772,6,52000,18,3236,59.6,0
R101552,9,25,591,13864,0.167,1.0,120.5,0,0.968,6,61000,24,2847,80.5,1
R101553,2,21,362,11409,0.276,0.785,101.7,1,0.857,2,69000,36,2147,58.2,1
R101554,17,20,448,14120,0.307,0.777,117.0,1,0.824,12,102000,24,4760,67.4,0
R101555,16,25,672,19934,0.214,0.79,128.8,1,0.944,15,120000,36,3733,79.0,1
R101556,2,23,432,10547,0.299,0.705,133.0,1,0.944,2,76000,24,3547,57.8,0
R101557,9,25,625,13759,0.331,0.85,126.8,1,0.86,6,65000,24,3033,67.9,0
R101558,20,21,479,11405,0.279,0.795,157.4,1,0.917,11,79000,18,4916,72.7,1
R101559,4,24,732,19805,0.259,0.923,139.4,0,0.824,4,79000,36,2458,72.9,1
R101560,12,25,719,18494,0.422,0.916,142.1,0,0.884,11,58000,36,1804,69.5,0
R101561,7,23,689,22327,0.241,0.954,133.2,0,0.919,4,77000,36,2396,76.5,0
R101562,19,24,641,18495,0.29,0.86,144.3,0,0.947,10,85000,12,7933,78.0,1
R101563,2,26,525,10934,0.308,0.878,118.1,2,0.808,1,83000,36,2582,62.4,0
R101564,2,21,485,11251,0.221,0.956,145.6,1,0.866,2,73000,24,3407,68.6,0
R101565,6,30,663,22285,0.336,0.827,123.0,3,0.814,3,67000,24,3127,65.8,0
R101566,10,26,661,16266,0.246,0.853,117.7,2,0.857,6,83000,30,3099,74.2,0
R101567,10,22,440,10153,0.213,0.763,133.7,3,0.796,5,96000,24,4480,67.6,0
R101568,3,25,621,18488,0.325,0.835,136.1,1,0.906,2,74000,18,4604,64.2,1
R101569,13,24,415,13561,0.446,0.861,133.2,2,0.804,7,105000,30,3920,59.1,1
R101570,15,24,510,9198,0.256,0.768,114.7,1,0.824,9,93000,24,4340,70.5,0
R101571,11,20,421,14994,0.372,0.715,123.2,1,0.871,10,95000,12,8867,58.3,0
R101572,20,30,746,20814,0.142,0.83,122.8,1,0.895,17,90000,24,4200,87.3,1
R101573,14,23,691,18572,0.342,0.843,160.5,0,0.889,13,69000,24,3220,72.3,1
R101574,7,16,403,8000,0.369,0.698,83.6,2,0.729,3,52000,36,1618,54.2,0
R101575,23,25,467,11972,0.239,0.877,127.4,1,0.942,12,72000,18,4480,79.3,1
R101576,26,28,756,29551,0.166,0.953,157.9,0,0.905,13,91000,24,4247,92.2,1
R101577,13,29,879,22571,0.255,0.776,156.5,1,0.83,10,74000,30,2763,76.3,0
R101578,5,18,343,8534,0.259,0.658,100.8,2,0.714,4,68000,30,2539,56.0,0
R101579,19,26,618,16277,0.164,0.919,144.1,1,0.913,18,90000,30,3360,85.1,1
R101580,4,21,460,20918,0.339,0.697,88.7,3,0.731,3,106000,18,6596,54.9,0
R101581,6,23,545,15264,0.281,0.88,173.2,1,0.822,4,97000,18,6036,66.7,0
R101582,18,24,572,15822,0.385,0.757,98.4,1,0.776,9,104000,36,3236,65.9,0
R101583,5,27,824,25403,0.203,0.932,155.5,0,0.99,3,63000,24,2940,79.9,1
R101584,22,23,771,14832,0.492,0.879,117.0,1,0.812,17,62000,18,3858,71.5,0
R101585,5,20,401,14946,0.355,0.808,113.4,1,0.836,4,63000,36,1960,57.4,1
R101586,8,18,477,13292,0.382,0.817,118.2,3,0.748,5,62000,12,5787,59.1,0
R101587,8,21,483,8039,0.221,0.759,141.6,1,0.804,5,63000,30,2352,66.5,1
R101588,15,23,571,16536,0.36,0.826,97.2,2,0.853,12,84000,24,3920,68.2,1
R101589,15,24,469,14795,0.343,0.864,144.2,1,0.808,10,86000,36,2676,66.9,0
R101590,8,29,625,22506,0.367,0.865,120.6,1,0.887,7,56000,36,1742,65.7,1
R101591,14,25,528,15352,0.131,0.868,136.5,0,0.905,11,86000,30,3211,80.0,0
R101592,11,26,525,18853,0.156,0.737,101.4,1,0.784,7,66000,12,6160,72.5,0
R101593,16,24,606,22391,0.28,0.763,111.3,1,0.873,9,89000,24,4153,72.4,1
R101594,15,22,371,10901,0.297,0.83,155.7,2,0.836,11,67000,36,2084,66.0,1
R101595,5,25,489,11947,0.297,0.832,137.0,0,0.994,4,92000,24,4293,64.8,0
R101596,22,29,585,11669,0.188,0.891,168.7,1,0.981,14,58000,24,2707,84.9,1
R101597,2,28,730,21309,0.35,0.949,165.1,0,0.893,2,89000,18,5538,68.1,0
R101598,8,22,565,19596,0.247,0.812,156.3,1,0.876,7,68000,24,3173,69.5,1
R101599,14,17,377,8000,0.371,0.718,79.2,2,0.739,13,78000,24,3640,58.2,0
R101600,10,24,612,12729,0.245,0.888,135.7,0,0.899,7,60000,30,2240,73.9,1
R101601,9,24,553,12555,0.164,0.992,147.3,1,0.855,7,75000,12,7000,78.5,1
R101602,8,20,399,11415,0.353,0.699,120.1,2,0.749,6,83000,24,3873,55.6,0
R101603,7,30,824,18255,0.169,0.934,133.3,0,0.994,6,58000,24,2707,83.2,1
R101604,21,19,580,14671,0.365,0.711,97.4,1,0.835,13,55000,24,2567,68.6,0
R101605,9,18,363,10915,0.254,0.8,139.9,2,0.841,7,90000,24,4200,64.1,0
R101606,9,16,368,8841,0.296,0.77,120.3,1,0.779,5,61000,18,3796,60.7,0
R101607,6,24,455,11987,0.271,0.803,112.2,1,0.697,5,72000,24,3360,62.1,1
R101608,15,19,503,10316,0.337,0.762,96.1,1,0.786,11,76000,36,2364,65.2,1
R101609,4,23,451,12708,0.373,0.763,111.9,1,0.911,2,63000,24,2940,56.3,0
R101610,29,22,522,12416,0.182,0.911,148.3,1,0.871,19,108000,18,6720,84.2,1
R101611,5,25,680,14025,0.215,0.924,163.6,0,0.911,5,65000,24,3033,75.4,1
R101612,9,23,569,15753,0.287,0.93,156.9,0,0.947,6,72000,24,3360,71.8,0
R101613,13,20,474,12660,0.306,0.809,112.6,1,0.855,12,50000,24,2333,66.8,0
R101614,18,22,456,12361,0.465,0.781,118.6,2,0.729,15,93000,12,8680,59.4,0
R101615,8,26,636,15046,0.147,0.79,144.5,1,0.867,5,42000,24,1960,75.7,1
R101616,7,20,345,8000,0.337,0.586,102.0,2,0.765,6,63000,18,3920,51.7,0
R101617,11,29,589,20552,0.251,0.844,135.7,1,0.963,10,53000,36,1649,73.3,0
R101618,6,15,317,8000,0.385,0.583,115.2,2,0.823,4,64000,30,2389,48.6,1
R101619,9,22,571,16888,0.262,0.823,104.2,1,0.841,7,62000,18,3858,69.0,0
R101620,24,19,474,14653,0.303,0.765,87.0,1,0.816,19,62000,30,2315,72.3,1
R101621,5,26,571,17349,0.223,0.746,140.4,1,0.841,3,92000,24,4293,67.0,1
R101622,2,22,511,17721,0.178,0.794,148.8,1,0.912,1,81000,18,5040,67.6,1
R101623,6,25,476,17276,0.354,0.765,87.2,2,0.86,4,40000,18,2489,58.8,0
R101624,3,16,358,11276,0.35,0.744,116.7,1,0.815,2,96000,24,4480,53.7,1
R101625,14,27,710,18008,0.206,0.811,160.5,1,0.859,7,86000,24,4013,79.0,1
R101626,7,27,631,22970,0.275,0.92,155.7,1,0.851,5,55000,30,2053,71.3,1
R101627,19,17,439,14402,0.233,0.682,118.9,1,0.789,11,71000,24,3313,70.0,0
R101628,8,21,492,13274,0.232,0.869,121.7,1,0.884,6,105000,24,4900,70.1,1
R101629,4,24,646,14885,0.277,0.637,134.3,1,0.846,2,91000,18,5662,62.4,1
R101630,18,28,673,17799,0.329,0.928,153.7,2,0.856,15,113000,36,3516,76.7,1
R101631,5,17,358,10069,0.405,0.817,121.3,2,0.824,4,100000,30,3733,53.9,0
R101632,2,20,473,13710,0.304,0.614,116.2,3,0.732,1,40000,18,2489,53.7,0
R101633,13,25,579,13154,0.335,0.853,147.2,1,0.844,8,96000,24,4480,68.6,1
R101634,6,26,551,13272,0.217,0.944,182.6,0,0.935,3,73000,24,3407,73.3,1
R101635,13,29,979,23912,0.215,0.96,92.3,1,0.899,8,67000,30,2501,84.1,1
R101636,16,21,599,19394,0.236,0.726,142.1,3,0.82,11,50000,36,1556,73.3,1
R101637,12,23,555,18264,0.225,0.958,135.5,2,0.836,9,68000,24,3173,75.8,1
R101638,6,22,541,14882,0.219,0.857,142.9,0,0.851,4,115000,36,3578,70.0,0
R101639,18,22,450,17894,0.2,0.918,133.5,1,0.845,14,104000,30,3883,77.8,1
R101640,5,21,529,9981,0.275,0.89,123.8,1,0.769,4,57000,30,2128,66.0,1
R101641,13,26,754,20070,0.245,0.653,142.2,1,0.869,8,52000,36,1618,73.4,1
R101642,15,24,803,25551,0.127,0.932,143.7,1,0.843,12,94000,24,4387,88.5,1
R101643,10,26,684,23907,0.157,0.912,161.9,2,0.946,8,56000,24,2613,81.7,0
R101644,16,19,410,11509,0.346,0.734,103.9,2,0.777,9,68000,24,3173,62.4,0
R101645,12,18,420,9003,0.231,0.78,98.8,2,0.823,8,67000,18,4169,67.6,1
R101646,13,24,626,22809,0.404,0.772,121.9,1,0.769,6,92000,18,5724,63.5,0
R101647,16,27,588,12848,0.221,0.927,156.1,0,0.868,10,77000,36,2396,79.2,1
R101648,11,27,503,12795,0.106,0.82,148.0,0,1.0,6,40000,24,1867,78.7,1
R101649,17,19,424,15014,0.319,0.7,146.1,2,0.835,10,67000,18,4169,64.7,0
R101650,22,29,896,26842,0.192,0.894,136.7,2,0.783,14,84000,24,3920,87.8,1
R101651,13,18,522,10230,0.155,0.865,121.8,1,0.862,12,65000,24,3033,77.7,1
R101652,16,27,489,13849,0.224,0.942,143.6,0,0.882,12,75000,24,3500,77.3,1
R101653,10,25,844,31379,0.355,0.902,140.3,1,0.92,6,88000,24,4107,73.7,1
R101654,22,28,706,15833,0.205,0.874,127.4,0,0.893,12,41000,24,1913,85.5,1
R101655,12,24,534,10858,0.185,0.892,152.8,2,0.85,8,57000,36,1773,76.3,1
R101656,16,24,429,9992,0.285,0.945,169.9,1,0.915,12,117000,12,10920,72.4,1
R101657,4,26,663,30418,0.195,0.857,135.2,2,0.861,2,68000,36,2116,72.8,0
R101658,15,22,564,10673,0.383,0.686,118.8,1,0.837,13,75000,12,7000,62.9,0
R101659,11,24,778,20386,0.248,0.925,103.0,2,0.805,9,72000,30,2688,78.5,1
R101660,14,25,631,17360,0.286,0.796,144.9,1,0.896,12,61000,30,2277,72.8,1
R101661,15,30,787,31488,0.092,0.861,161.9,0,0.859,7,59000,24,2753,88.7,0
R101662,16,19,404,10023,0.239,0.8,134.9,1,0.901,13,87000,24,4060,70.9,0
R101663,15,24,497,12892,0.259,0.744,107.8,2,0.78,9,89000,24,4153,68.7,0
R101664,9,20,351,14520,0.337,0.68,77.1,2,0.748,5,66000,30,2464,55.2,0
R101665,27,23,594,14798,0.293,0.847,131.1,2,0.787,14,68000,24,3173,77.7,0
R101666,19,21,436,18108,0.182,0.946,129.6,0,0.946,17,70000,18,4356,80.8,1
R101667,9,28,743,22015,0.184,0.792,154.2,1,0.913,7,40000,24,1867,77.9,0
R101668,9,19,330,12088,0.381,0.669,127.7,2,0.789,7,80000,36,2489,52.7,1
R101669,1,25,555,18279,0.153,0.727,114.1,2,0.704,1,56000,30,2091,65.9,1
R101670,5,19,403,13364,0.375,0.806,131.6,3,0.768,4,98000,36,3049,55.2,1
R101671,6,30,838,30238,0.197,0.915,130.0,0,0.978,5,81000,30,3024,80.2,0
R101672,9,21,375,14235,0.224,0.862,156.7,1,0.847,8,67000,24,3127,67.6,1
R101673,21,21,540,12507,0.198,0.788,146.9,1,0.874,20,79000,24,3687,79.1,0
R101674,9,23,648,21920,0.272,0.765,134.2,1,0.882,8,97000,24,4527,69.4,0
R101675,4,17,464,17057,0.373,0.772,100.8,2,0.744,2,40000,24,1867,55.7,0
R101676,14,23,559,19340,0.202,0.782,151.2,1,0.87,10,83000,24,3873,74.7,0
R101677,15,27,760,20713,0.299,0.824,119.6,1,0.892,12,48000,24,2240,76.3,1
R101678,9,13,229,8000,0.307,0.488,93.9,3,0.668,5,80000,24,3733,48.0,0
R101679,20,21,440,10877,0.389,0.737,134.7,1,0.884,15,101000,30,3771,64.4,1
R101680,21,25,791,23376,0.343,0.698,99.7,2,0.794,12,69000,18,4293,74.2,1
R101681,2,25,585,17355,0.127,0.908,149.6,0,0.944,2,88000,24,4107,75.8,0
R101682,15,23,595,12784,0.423,0.62,84.8,2,0.751,8,82000,24,3827,59.2,0
R101683,1,27,675,13593,0.238,0.947,163.1,1,0.898,1,79000,30,2949,72.1,1
R101684,9,23,527,19713,0.349,0.739,116.0,2,0.788,8,71000,36,2209,61.2,1
R101685,34,22,437,12518,0.221,0.857,124.3,1,0.901,31,59000,24,2753,78.9,1
R101686,14,27,682,14413,0.131,0.845,117.8,0,0.926,9,79000,36,2458,83.8,1
R101687,6,29,660,14658,0.19,0.897,145.9,2,0.891,4,83000,18,5164,76.1,1
R101688,15,22,620,17439,0.459,0.793,131.8,1,0.916,8,89000,30,3323,64.2,0
R101689,6,24,570,17775,0.233,0.917,116.5,2,0.923,4,71000,36,2209,72.1,1
R101690,12,19,511,16387,0.346,0.682,125.0,1,0.843,11,74000,36,2302,61.9,1
R101691,5,26,515,13713,0.308,0.74,155.7,1,0.889,2,83000,24,3873,61.5,0
R101692,8,18,313,8000,0.389,0.82,154.4,1,0.844,5,93000,18,5787,55.4,1
R101693,20,16,398,13657,0.43,0.661,87.9,2,0.743,17,68000,24,3173,57.7,0
R101694,26,25,600,14558,0.206,0.799,105.1,1,0.862,17,64000,24,2987,82.0,0
R101695,12,24,554,10678,0.212,0.893,154.1,1,0.88,9,102000,24,4760,75.7,1
R101696,17,18,431,12081,0.212,0.74,110.4,1,0.812,15,59000,24,2753,70.8,0
R101697,7,21,558,15488,0.279,0.95,121.9,1,0.864,6,59000,30,2203,70.3,1
R101698,5,19,384,13683,0.361,0.766,130.1,1,0.731,4,98000,24,4573,54.2,1
R101699,11,25,510,14260,0.371,0.806,134.7,1,0.819,8,57000,24,2660,62.9,0
R101700,11,25,526,10612,0.336,0.814,138.0,1,0.812,6,85000,24,3967,65.0,0
R101701,35,26,693,13058,0.416,0.888,129.1,1,0.884,28,78000,18,4853,75.7,1
R101702,9,21,575,15008,0.305,1.0,150.6,1,0.982,6,58000,18,3609,73.0,1
R101703,9,23,378,15542,0.157,0.773,150.7,1,0.908,8,66000,24,3080,69.3,1
R101704,14,29,765,24642,0.179,0.881,150.8,0,0.894,10,109000,36,3391,83.9,1
R101705,7,22,352,9060,0.457,0.721,78.8,3,0.8,6,102000,30,3808,49.3,0
R101706,6,18,366,11621,0.304,0.812,101.6,2,0.794,5,100000,18,6222,59.2,1
R101707,13,25,510,17712,0.294,0.852,142.5,1,0.881,11,120000,30,4480,69.8,0
R101708,3,17,386,10020,0.277,0.82,106.2,1,0.815,2,107000,24,4993,60.0,1
R101709,14,22,622,17583,0.141,0.842,155.3,0,0.958,10,107000,30,3995,81.7,0
R101710,8,13,287,8000,0.378,0.753,110.9,3,0.707,4,84000,18,5227,52.1,1
R101711,16,22,445,13155,0.364,0.752,132.2,1,0.779,7,74000,36,2302,62.8,1
R101712,22,26,510,14426,0.213,0.842,161.3,0,0.898,16,66000,18,4107,79.6,0
R101713,6,22,561,20862,0.08,0.953,142.1,0,0.943,4,54000,24,2520,80.9,0
R101714,9,25,503,18527,0.207,0.941,156.4,0,0.906,6,81000,18,5040,73.9,0
R101715,19,17,351,17984,0.317,0.797,108.3,3,0.79,16,88000,24,4107,65.9,0
R101716,12,20,422,9139,0.295,0.733,128.2,1,0.847,6,76000,30,2837,63.7,0
R101717,27,17,442,12840,0.28,0.797,129.0,1,0.798,20,80000,18,4978,73.4,1
R101718,13,25,616,17187,0.187,0.725,109.4,1,0.841,6,82000,18,5102,74.1,1
R101719,21,21,493,14648,0.2,0.84,137.6,2,0.722,16,63000,36,1960,77.6,1
R101720,4,24,540,12734,0.147,0.941,131.0,0,0.958,2,76000,36,2364,75.7,1
R101721,6,23,615,14302,0.282,0.898,137.7,0,0.933,5,66000,36,2053,70.1,1
R101722,24,26,680,13915,0.211,0.972,141.6,2,0.855,22,77000,24,3593,88.0,1
R101723,6,30,635,19733,0.277,0.785,133.4,0,0.962,5,84000,18,5227,68.2,1
R101724,25,30,542,12203,0.24,0.801,145.8,1,0.847,15,86000,36,2676,78.6,0
R101725,6,23,658,16072,0.198,0.783,140.0,1,0.895,4,74000,30,2763,72.6,0
R101726,4,22,456,15656,0.279,0.749,158.2,1,0.817,3,90000,30,3360,60.0,0
R101727,9,29,663,18389,0.132,0.925,155.4,2,0.835,5,68000,24,3173,81.0,1
R101728,4,27,557,12617,0.299,0.835,124.9,2,0.832,3,67000,18,4169,64.2,1
R101729,15,27,694,15668,0.097,0.93,155.8,0,0.852,8,58000,24,2707,87.7,1
R101730,1,29,792,21673,0.183,0.961,157.2,0,0.942,1,85000,18,5289,78.7,0
R101731,30,26,726,23239,0.188,0.861,161.6,0,0.935,20,74000,24,3453,88.3,1
R101732,11,17,357,15996,0.328,0.744,100.0,3,0.762,9,76000,12,7093,58.9,0
R101733,16,25,666,16458,0.315,0.898,119.9,1,0.818,10,60000,24,2800,74.7,1
R101734,17,23,569,25240,0.143,0.921,135.2,2,0.798,11,90000,24,4200,82.5,0
R101735,12,19,478,8000,0.401,0.685,96.8,2,0.763,9,71000,36,2209,57.2,0
R101736,14,17,381,9991,0.324,0.797,134.6,1,0.735,7,60000,30,2240,62.6,1
R101737,8,22,444,11482,0.264,0.865,123.9,0,0.923,7,68000,18,4231,67.4,0
R101738,17,23,486,16361,0.274,0.719,152.5,1,0.932,15,73000,12,6813,69.8,1
R101739,1,20,366,13924,0.358,0.606,128.8,2,0.73,1,96000,36,2987,47.9,0
R101740,27,27,672,14927,0.307,0.752,135.0,1,0.882,17,88000,24,4107,77.5,1
R101741,8,27,726,23875,0.319,0.854,158.5,0,0.938,6,51000,12,4760,71.3,0
R101742,18,18,444,11796,0.235,0.68,104.5,3,0.788,9,73000,24,3407,69.2,0
R101743,20,19,441,10345,0.391,0.749,107.3,2,0.841,10,77000,36,2396,64.4,0
R101744,8,28,648,18593,0.379,0.877,112.2,0,0.912,7,77000,24,3593,66.3,0
R101745,10,24,644,14773,0.331,0.804,137.0,1,0.858,9,55000,18,3422,68.0,0
R101746,10,13,341,8000,0.257,0.772,127.7,1,0.834,5,66000,30,2464,63.0,0
R101747,9,27,740,23393,0.236,0.827,122.1,0,0.883,8,64000,18,3982,75.5,1
R101748,6,27,619,10099,0.272,0.871,177.0,1,0.938,4,65000,24,3033,70.5,1
R101749,10,17,454,14158,0.305,0.913,129.3,1,0.874,9,66000,24,3080,67.6,1
R101750,9,22,438,13484,0.345,0.787,117.2,1,0.79,5,63000,18,3920,60.1,0
R101751,23,21,434,14548,0.234,0.747,122.0,1,0.878,14,87000,24,4060,74.4,0
R101752,12,15,389,8776,0.451,0.761,117.6,2,0.789,8,45000,30,1680,54.8,0
R101753,7,27,680,19873,0.357,0.738,125.2,1,0.721,5,107000,18,6658,62.3,1
R101754,23,27,645,15376,0.24,0.887,134.4,0,0.961,14,83000,36,2582,84.2,1
R101755,21,23,592,17651,0.314,0.842,117.2,2,0.832,15,87000,36,2707,74.9,0
R101756,9,17,361,8783,0.337,0.79,106.5,2,0.815,4,65000,24,3033,59.1,0
R101757,12,24,734,17036,0.244,0.905,140.6,1,0.939,11,59000,30,2203,79.2,1
R101758,23,24,617,20961,0.187,0.857,155.8,0,0.972,14,40000,18,2489,85.2,0
R101759,18,21,610,22876,0.322,0.813,99.3,4,0.757,10,69000,18,4293,71.5,1
R101760,3,20,532,10353,0.349,0.759,122.9,1,0.878,3,78000,18,4853,58.7,0
R101761,5,19,507,14970,0.335,0.678,126.5,1,0.723,4,71000,36,2209,56.7,0
R101762,7,27,757,18028,0.192,0.897,136.3,0,0.897,4,75000,18,4667,79.0,1
R101763,8,20,405,14907,0.279,0.693,128.8,1,0.877,7,76000,24,3547,60.7,1
R101764,10,22,560,13525,0.153,0.762,129.1,2,0.772,5,91000,24,4247,73.2,0
R101765,13,26,650,14333,0.369,0.781,119.4,1,0.84,9,108000,36,3360,67.4,1
R101766,10,22,546,12753,0.188,0.784,113.1,1,0.917,5,71000,18,4418,73.0,1
R101767,20,18,387,8000,0.423,0.656,67.7,2,0.862,16,84000,18,5227,59.4,1
R101768,8,18,315,8000,0.318,0.695,110.6,2,0.809,7,40000,24,1867,55.8,0
R101769,20,27,630,18305,0.272,0.913,141.7,3,0.84,16,51000,24,2380,79.6,1
R101770,12,16,377,11155,0.278,0.692,129.5,1,0.761,11,60000,18,3733,61.7,1
R101771,12,18,504,15565,0.28,0.695,110.6,2,0.821,9,42000,24,1960,65.1,0
R101772,17,26,551,11514,0.167,0.868,158.4,1,0.89,8,75000,24,3500,80.2,0
R101773,15,25,513,14456,0.292,0.814,167.1,1,0.956,11,67000,24,3127,71.0,1
R101774,10,27,594,12482,0.288,0.873,133.9,0,0.938,6,76000,36,2364,71.4,1
R101775,6,21,468,11933,0.323,0.723,120.6,1,0.883,6,90000,36,2800,59.7,0
R101776,23,21,466,11627,0.305,0.87,133.5,1,0.834,19,90000,24,4200,74.3,0
R101777,11,25,713,20024,0.245,0.854,148.6,1,0.94,10,52000,12,4853,77.0,0
R101778,12,15,344,9584,0.265,0.693,114.1,2,0.75,9,68000,30,2539,60.9,0
R101779,39,19,563,13462,0.33,0.837,149.2,1,0.802,24,65000,18,4044,74.9,1
R101780,21,25,521,16811,0.238,0.825,115.4,1,0.85,19,62000,24,2893,76.7,0
R101781,9,23,574,15000,0.28,0.754,132.2,1,0.884,8,56000,24,2613,67.4,0
R101782,11,26,508,12990,0.156,0.915,154.2,0,0.953,7,69000,24,3220,77.9,1
R101783,6,21,467,11910,0.158,0.76,106.8,1,0.783,5,92000,24,4293,68.0,0
R101784,4,20,511,14324,0.194,0.857,136.0,0,0.972,3,76000,36,2364,70.7,1
R101785,9,18,421,9205,0.242,0.783,156.5,1,0.889,7,89000,24,4153,66.4,1
R101786,14,24,772,19284,0.357,0.78,150.1,1,0.915,11,86000,36,2676,72.4,0
R101787,6,22,532,11302,0.311,0.848,140.2,2,0.912,3,69000,18,4293,65.3,0
R101788,18,19,409,9979,0.549,0.688,106.8,3,0.731,17,51000,24,2380,51.2,0
R101789,5,23,505,15872,0.309,0.884,107.0,1,0.89,4,40000,30,1493,64.8,1
R101790,10,16,352,11486,0.357,0.798,113.5,2,0.737,9,48000,36,1493,57.5,0
R101791,17,22,423,15477,0.237,0.847,150.4,2,0.869,11,51000,30,1904,72.7,1
R101792,32,23,559,20256,0.231,0.922,131.2,2,0.904,29,103000,18,6409,83.1,1
R101793,25,23,606,22041,0.297,0.781,133.3,2,0.821,17,68000,18,4231,76.5,0
R101794,22,20,550,13574,0.251,0.758,99.3,1,0.871,13,50000,30,1867,76.0,0
R101795,12,23,594,14090,0.21,0.881,157.6,0,0.893,7,77000,30,2875,76.3,1
R101796,18,29,735,21232,0.209,0.791,120.0,1,0.882,14,46000,36,1431,81.7,1
R101797,9,25,469,12260,0.231,0.821,156.7,1,0.921,7,46000,18,2862,69.1,1
R101798,16,24,528,11995,0.404,0.922,139.5,2,0.838,14,86000,36,2676,67.6,0
R101799,4,19,526,14299,0.311,0.873,170.2,0,0.869,3,96000,18,5973,64.1,1
R101800,13,20,536,15725,0.467,0.877,148.3,2,0.831,8,56000,18,3484,61.7,1
R101801,4,23,518,15903,0.302,0.838,152.9,1,0.828,2,74000,30,2763,63.0,0
R101802,21,20,406,10918,0.403,0.715,105.3,1,0.843,19,55000,36,1711,62.5,0
R101803,18,22,448,11604,0.247,0.745,115.2,1,0.937,9,94000,18,5849,71.5,0
R101804,26,19,406,13865,0.325,0.896,128.4,2,0.77,16,88000,24,4107,72.4,0
R101805,5,24,487,9373,0.29,0.789,98.7,2,0.771,2,84000,36,2613,61.4,0
R101806,39,27,647,20770,0.371,0.894,186.2,0,0.997,26,48000,36,1493,78.2,0
R101807,11,24,528,12835,0.239,0.883,159.2,1,0.924,10,70000,36,2178,72.9,1
R101808,21,25,403,12123,0.188,0.899,131.7,0,0.929,18,101000,18,6284,79.1,1
R101809,6,15,270,11931,0.444,0.681,68.6,2,0.726,4,76000,24,3547,45.4,0
R101810,14,22,391,8786,0.203,0.92,141.2,0,0.943,12,109000,12,10173,74.6,1
R101811,10,20,385,11999,0.431,0.803,125.9,1,0.859,6,84000,30,3136,56.1,1
R101812,18,26,610,16069,0.268,0.859,115.7,1,0.891,16,53000,24,2473,76.9,1
R101813,3,16,400,15729,0.538,0.745,95.8,3,0.766,1,65000,18,4044,43.8,0
R101814,5,21,318,12671,0.333,0.671,120.7,1,0.761,4,50000,30,1867,52.3,1
R101815,22,21,427,11559,0.297,0.817,158.2,1,0.906,10,100000,18,6222,72.5,0
R101816,5,25,622,19588,0.297,0.744,134.7,1,0.807,3,77000,36,2396,64.0,1
R101817,10,20,432,12709,0.3,0.71,144.0,1,0.914,6,85000,36,2644,62.4,0
R101818,9,29,723,29948,0.272,0.84,154.3,0,0.923,7,91000,24,4247,73.9,1
R101819,13,19,421,13602,0.34,0.711,128.7,1,0.826,12,64000,36,1991,61.1,0
R101820,6,21,422,17256,0.229,0.844,117.9,1,0.807,4,53000,30,1979,65.7,1
R101821,23,26,700,21418,0.338,0.624,96.1,1,0.846,21,107000,36,3329,72.5,1
R101822,13,20,575,19510,0.235,0.918,141.5,1,0.896,10,67000,24,3127,76.5,0
R101823,25,24,430,8000,0.207,0.841,134.2,1,0.887,22,74000,30,2763,79.0,1
R101824,18,26,675,18818,0.145,0.894,121.9,2,0.818,11,75000,30,2800,85.0,0
R101825,13,19,587,12316,0.161,0.805,138.8,2,0.893,9,90000,24,4200,77.5,1
R101826,1,25,706,16428,0.216,0.819,124.3,0,0.906,1,50000,36,1556,70.7,1
R101827,16,18,351,13452,0.244,0.808,155.1,1,0.852,9,90000,24,4200,68.9,1
R101828,16,25,646,16676,0.323,0.861,137.5,1,0.953,8,98000,30,3659,74.4,0
R101829,25,27,466,10453,0.28,0.737,75.8,1,0.845,18,66000,30,2464,73.0,0
R101830,12,12,254,10310,0.256,0.655,118.9,2,0.86,7,54000,30,2016,59.7,0
R101831,1,21,444,15665,0.205,0.786,148.4,1,0.849,1,47000,36,1462,63.3,0
R101832,11,24,664,19184,0.195,0.926,148.9,0,1.0,8,84000,36,2613,80.9,1
R101833,17,16,257,8000,0.416,0.731,103.0,2,0.785,11,62000,30,2315,55.2,0
R101834,11,22,427,9618,0.26,0.999,148.4,0,0.986,5,85000,24,3967,73.2,1
R101835,8,24,545,13650,0.312,0.758,142.9,2,0.798,6,88000,36,2738,63.4,0
R101836,19,23,447,14537,0.418,0.847,125.6,1,0.879,12,81000,24,3780,64.9,0
R101837,2,16,435,12627,0.255,0.88,106.5,1,0.887,1,92000,18,5724,63.9,1
R101838,11,21,520,15088,0.15,0.824,131.8,0,0.921,10,66000,24,3080,76.2,0
R101839,8,22,567,18819,0.213,0.896,151.6,2,0.837,4,61000,30,2277,73.3,1
R101840,5,17,300,8361,0.212,0.75,140.9,2,0.798,3,73000,30,2725,60.5,0
R101841,13,25,563,18283,0.187,0.853,159.8,0,0.947,9,76000,36,2364,77.4,0
R101842,27,27,796,28241,0.179,0.921,146.8,0,0.939,24,69000,30,2576,92.1,1
R101843,6,25,498,13952,0.35,0.693,145.9,0,0.923,3,108000,18,6720,58.5,0
R101844,16,28,661,18297,0.207,0.794,108.2,1,0.884,12,44000,18,2738,78.5,1
R101845,15,20,385,10658,0.403,0.787,128.8,1,0.889,8,81000,12,7560,60.3,1
R101846,4,20,342,15744,0.323,0.695,109.4,1,0.88,3,47000,24,2193,54.7,0
R101847,14,19,392,8242,0.459,0.79,149.7,2,0.8,11,75000,24,3500,56.6,1
R101848,9,21,511,11853,0.421,0.66,95.0,2,0.729,5,95000,30,3547,54.1,0
R101849,7,24,714,16775,0.252,0.825,135.6,2,0.805,4,40000,18,2489,71.8,0
R101850,7,17,469,12807,0.287,0.814,138.2,2,0.826,6,79000,18,4916,63.7,0
R101851,41,29,624,16343,0.214,0.931,158.0,0,0.975,31,81000,30,3024,86.6,1
R101852,3,22,580,15284,0.199,1.0,135.3,0,0.933,2,71000,36,2209,74.4,0
R101853,21,24,617,19053,0.401,0.758,157.1,1,0.82,13,63000,18,3920,69.1,0
R101854,10,23,462,13963,0.286,0.695,109.8,1,0.848,9,72000,36,2240,62.6,0
R101855,6,22,545,13922,0.177,0.899,115.1,2,0.866,4,82000,24,3827,73.1,0
R101856,8,26,728,23683,0.163,0.922,184.9,1,0.95,6,41000,30,1531,81.6,1
R101857,22,19,441,8000,0.318,0.723,119.0,2,0.746,21,71000,24,3313,68.1,0
R101858,23,26,513,14887,0.206,0.934,145.6,0,0.867,22,77000,18,4791,82.6,0
R101859,5,23,422,8000,0.306,0.777,122.2,2,0.88,4,86000,24,4013,60.2,0
R101860,14,27,535,17062,0.234,0.879,119.7,1,0.914,8,109000,18,6782,75.2,0
R101861,14,20,447,11072,0.472,0.749,73.5,2,0.715,10,86000,24,4013,54.9,0
R101862,9,23,568,17127,0.328,0.718,132.7,1,0.833,6,76000,30,2837,63.2,0
R101863,15,29,824,19049,0.083,0.799,137.4,0,1.0,12,68000,18,4231,89.3,0
R101864,17,19,393,19016,0.235,0.761,104.2,3,0.837,13,60000,30,2240,70.0,1
R101865,5,22,673,24156,0.252,0.696,135.3,1,0.851,2,73000,12,6813,66.9,0
R101866,3,16,349,8000,0.418,0.585,81.8,2,0.714,1,67000,18,4169,44.4,0
R101867,4,25,479,9130,0.399,0.781,98.5,2,0.808,3,66000,24,3080,55.6,0
R101868,8,26,667,22361,0.172,0.756,127.3,1,0.921,5,82000,24,3827,75.0,0
R101869,9,27,568,19420,0.29,0.82,149.7,2,0.862,4,104000,12,9707,68.1,1
R101870,19,25,647,16975,0.292,0.892,131.4,1,0.775,9,95000,12,8867,76.7,0
R101871,10,23,664,15657,0.326,0.903,151.0,2,0.86,9,89000,30,3323,71.3,1
R101872,8,30,660,22792,0.186,0.909,138.7,0,0.959,4,98000,18,6098,78.3,1
R101873,3,27,584,17259,0.298,0.816,121.9,1,0.871,2,71000,18,4418,63.9,0
R101874,22,22,463,12141,0.27,0.791,136.0,2,0.824,18,63000,12,5880,73.3,1
R101875,5,19,511,11285,0.226,0.717,126.1,3,0.712,4,92000,12,8587,63.5,0
R101876,23,23,635,12106,0.324,0.842,115.7,2,0.847,11,68000,24,3173,77.0,0
R101877,8,17,345,8000,0.369,0.612,85.2,2,0.703,5,59000,24,2753,50.5,0
R101878,5,19,313,8000,0.38,0.767,97.3,2,0.8,4,100000,24,4667,52.1,0
R101879,11,14,305,8000,0.195,0.715,131.0,3,0.691,9,54000,18,3360,63.2,0
R101880,6,10,285,8000,0.378,0.623,83.4,3,0.688,5,71000,24,3313,47.6,0
R101881,9,28,842,23071,0.23,0.85,146.7,2,0.797,4,85000,24,3967,76.9,1
R101882,11,22,384,11046,0.337,0.919,131.6,2,0.806,7,84000,18,5227,63.8,1
R101883,17,16,393,14937,0.369,0.673,86.1,2,0.688,13,65000,36,2022,59.1,1
R101884,31,21,490,13329,0.31,0.776,129.4,2,0.858,28,81000,24,3780,73.1,1
R101885,7,24,637,20853,0.27,0.776,124.7,3,0.794,6,55000,30,2053,67.6,1
R101886,12,21,505,12226,0.377,0.613,122.0,3,0.692,10,89000,24,4153,56.5,0
R101887,4,28,638,20775,0.23,0.82,131.7,0,0.949,2,73000,36,2271,70.5,1
R101888,16,27,710,20015,0.168,0.901,152.8,2,0.86,11,92000,24,4293,84.0,0
R101889,12,21,344,13488,0.327,0.705,106.2,1,0.898,10,85000,36,2644,59.9,1
R101890,3,26,560,10964,0.273,0.774,105.4,1,0.838,2,109000,24,5087,63.2,0
R101891,13,22,466,13549,0.246,0.742,119.6,1,0.84,8,75000,24,3500,67.8,1
R101892,6,23,535,13167,0.298,0.75,109.4,1,0.759,4,90000,18,5600,61.9,0
R101893,9,16,285,8000,0.378,0.792,109.0,1,0.875,5,94000,36,2924,55.5,0
R101894,26,20,362,17008,0.448,0.656,63.4,3,0.644,18,83000,36,2582,57.5,1
R101895,3,22,493,17793,0.128,0.969,139.8,0,0.906,2,64000,24,2987,74.9,1
R101896,16,19,406,15188,0.246,0.771,131.1,1,0.836,14,57000,24,2660,69.3,0
R101897,5,22,513,14745,0.298,0.977,176.6,0,0.908,3,54000,30,2016,68.1,1
R101898,4,21,415,11261,0.269,0.776,124.0,1,0.842,3,104000,24,4853,61.0,0
R101899,7,27,540,9707,0.328,0.778,87.9,2,0.875,6,63000,24,2940,62.9,0
R101900,4,23,653,16410,0.187,0.93,124.8,1,0.903,2,67000,12,6253,75.6,0
R101901,35,19,278,8000,0.322,0.609,114.3,2,0.698,20,82000,24,3827,61.4,0
R101902,3,27,619,14873,0.21,0.871,136.4,0,0.963,2,88000,30,3285,71.7,1
R101903,4,21,525,14690,0.303,0.803,121.1,1,0.866,3,80000,24,3733,62.5,0
R101904,2,20,444,14875,0.289,0.688,95.7,2,0.753,2,80000,36,2489,56.1,1
R101905,6,19,303,8468,0.428,0.74,115.3,1,0.831,4,89000,36,2769,49.6,0
R101906,11,27,622,17653,0.241,0.789,144.4,1,0.797,8,92000,18,5724,71.7,1
R101907,12,21,451,14772,0.332,0.764,103.7,1,0.891,10,69000,24,3220,63.5,0
R101908,13,20,311,8000,0.275,0.571,114.1,3,0.741,10,61000,36,1898,57.3,0
R101909,14,24,628,21498,0.19,0.922,163.4,0,0.917,7,88000,18,5476,80.6,1
R101910,19,16,294,10890,0.41,0.664,101.7,3,0.761,17,78000,24,3640,56.4,0
R101911,27,25,577,11738,0.288,0.772,138.7,1,0.763,21,81000,36,2520,75.4,0
R101912,15,21,509,12137,0.229,0.706,93.7,1,0.802,10,62000,36,1929,70.2,0
R101913,11,21,444,16044,0.515,0.787,108.5,3,0.77,8,96000,12,8960,52.3,1
R101914,5,13,216,8000,0.492,0.595,82.2,3,0.745,4,76000,30,2837,39.3,0
R101915,12,25,642,22558,0.19,0.864,145.9,0,0.913,6,90000,24,4200,78.2,1
R101916,15,18,502,12728,0.288,0.804,127.2,1,0.855,13,84000,24,3920,69.7,1
R101917,9,18,372,11248,0.346,0.696,124.3,3,0.764,7,51000,36,1587,55.7,1
R101918,17,20,474,13706,0.131,0.918,126.7,1,0.928,15,72000,30,2688,82.1,1
R101919,13,24,502,18632,0.167,0.923,111.7,0,0.893,10,70000,30,2613,78.3,0
R101920,6,24,462,10531,0.335,0.757,74.2,2,0.83,3,66000,24,3080,59.1,0
R101921,7,19,456,8867,0.399,0.773,114.7,1,0.847,6,46000,24,2147,56.7,0
R101922,21,21,384,10451,0.193,0.896,172.6,1,0.898,13,102000,24,4760,78.4,1
R101923,2,23,529,11660,0.242,0.827,128.0,1,0.885,1,87000,24,4060,65.5,1
R101924,2,23,560,22135,0.32,0.886,155.8,2,0.849,2,75000,24,3500,63.5,1
R101925,5,27,442,9574,0.26,0.909,136.3,0,0.979,3,58000,30,2165,67.0,1
R101926,37,13,251,8000,0.489,0.623,104.6,2,0.699,23,56000,24,2613,52.3,0
R101927,14,12,233,8889,0.395,0.717,98.1,3,0.708,8,71000,24,3313,52.8,1
R101928,7,14,252,8000,0.483,0.614,51.6,3,0.633,6,77000,24,3593,41.0,0
R101929,14,30,788,22847,0.219,0.924,152.6,1,1.0,10,40000,24,1867,84.1,1
R101930,6,24,507,15833,0.314,0.83,147.4,2,0.934,3,92000,30,3435,64.4,0
R101931,11,23,431,14709,0.236,0.925,130.1,1,0.827,6,81000,30,3024,70.7,0
R101932,7,22,468,9782,0.336,0.776,142.3,3,0.792,5,63000,12,5880,60.1,0
R101933,14,26,691,21277,0.214,0.854,145.6,1,0.86,12,90000,30,3360,78.6,1
R101934,9,25,529,16151,0.177,0.905,169.7,0,0.956,8,86000,24,4013,76.0,1
R101935,7,23,509,15587,0.279,0.951,151.1,2,0.827,4,101000,30,3771,68.6,1
R101936,11,26,562,13670,0.295,0.78,122.0,1,0.819,8,64000,24,2987,67.1,1
R101937,8,25,525,16264,0.247,0.847,97.5,1,0.837,6,77000,36,2396,68.8,0
R101938,8,21,544,11515,0.242,0.893,128.1,1,0.884,7,91000,30,3397,71.2,1
R101939,3,18,322,9643,0.327,0.669,119.0,1,0.864,3,91000,30,3397,52.5,0
R101940,13,17,315,8793,0.395,0.802,105.6,2,0.747,12,93000,24,4340,57.1,0
R101941,44,20,547,11274,0.244,0.865,164.0,1,0.892,40,60000,36,1867,80.6,1
R101942,11,22,581,17810,0.278,0.847,156.0,1,0.917,6,115000,36,3578,71.4,0
R101943,8,16,183,8000,0.424,0.67,100.6,2,0.695,8,68000,36,2116,45.4,0
R101944,8,22,333,9076,0.195,0.994,144.4,1,0.898,4,43000,24,2007,71.4,0
R101945,21,22,542,9307,0.335,0.767,113.2,2,0.831,15,64000,36,1991,70.7,0
R101946,1,18,375,17551,0.085,0.848,144.8,2,0.872,1,63000,24,2940,69.7,0
R101947,11,15,240,8000,0.502,0.74,99.8,2,0.814,9,57000,24,2660,47.5,0
R101948,10,19,268,12083,0.539,0.681,77.5,2,0.758,5,119000,18,7404,43.1,0
R101949,9,28,642,13865,0.292,0.878,144.8,2,0.832,4,57000,30,2128,70.9,1
R101950,11,19,353,9143,0.312,0.733,75.0,2,0.781,9,74000,24,3453,59.3,1
R101951,5,14,272,8000,0.434,0.718,80.2,2,0.719,4,60000,24,2800,46.4,0
R101952,5,17,326,10382,0.228,0.792,108.5,1,0.866,4,84000,36,2613,62.0,1
R101953,3,22,475,13670,0.355,0.843,118.7,1,0.866,2,63000,24,2940,59.0,0
R101954,14,20,442,11926,0.443,0.705,74.9,3,0.69,7,44000,24,2053,54.9,0
R101955,1,27,745,10601,0.154,0.956,152.8,0,0.913,1,67000,36,2084,78.5,0
R101956,12,21,505,16964,0.144,0.867,135.6,2,0.855,7,90000,36,2800,76.8,1
R101957,7,21,426,10971,0.164,0.696,118.5,3,0.781,4,81000,12,7560,65.7,1
R101958,5,27,497,9353,0.292,0.844,134.0,2,0.792,4,83000,36,2582,63.3,0
R101959,11,24,533,14134,0.208,0.83,116.4,2,0.78,6,48000,24,2240,71.9,0
R101960,8,26,579,18012,0.263,0.73,132.5,2,0.802,6,85000,12,7933,65.8,0
R101961,11,22,484,12559,0.326,0.732,97.4,1,0.836,8,79000,24,3687,62.5,0
R101962,5,18,515,8389,0.251,0.792,94.2,1,0.88,3,84000,36,2613,65.7,0
R101963,13,22,538,23133,0.133,0.934,152.9,0,0.979,7,77000,24,3593,81.6,1
R101964,9,28,592,16792,0.264,0.765,129.6,1,0.84,7,72000,30,2688,68.5,1
R101965,17,19,439,10982,0.338,0.793,116.9,2,0.811,12,79000,30,2949,65.8,0
R101966,3,16,364,8000,0.285,0.748,82.1,2,0.826,3,46000,12,4293,57.4,0
R101967,7,28,543,17658,0.311,0.925,144.7,1,0.925,6,92000,18,5724,68.5,1
R101968,7,21,440,11643,0.506,0.735,95.8,2,0.778,4,88000,36,2738,49.0,0
R101969,15,23,676,17091,0.239,0.935,137.5,1,0.823,11,80000,36,2489,79.2,1
R101970,19,21,451,16217,0.409,0.784,121.0,2,0.747,13,80000,12,7467,63.1,0
R101971,11,21,573,18348,0.222,0.807,125.0,1,0.831,8,86000,24,4013,72.4,0
R101972,9,18,445,12799,0.232,0.677,78.2,2,0.832,8,85000,30,3173,64.1,1
R101973,17,15,404,12105,0.34,0.876,102.5,1,0.86,9,54000,24,2520,67.4,1
R101974,8,17,417,12315,0.214,0.688,111.9,1,0.783,4,108000,24,5040,63.4,0
R101975,27,22,495,19876,0.465,0.767,100.0,2,0.683,21,88000,24,4107,63.1,0
R101976,6,16,469,15180,0.181,0.99,160.7,0,0.981,5,99000,24,4620,74.7,0
R101977,2,21,496,15053,0.262,0.855,108.1,1,0.815,1,79000,30,2949,63.5,1
R101978,3,25,711,10942,0.112,0.98,171.2,0,0.986,2,79000,24,3687,82.5,1
R101979,8,25,551,17989,0.25,0.79,112.2,1,0.948,4,71000,30,2651,68.9,1
R101980,35,15,379,8000,0.274,0.759,157.7,2,0.775,20,87000,24,4060,71.0,1
R101981,5,21,457,10938,0.152,0.94,128.2,1,0.89,2,63000,12,5880,73.2,0
R101982,26,18,317,10078,0.321,0.656,91.5,2,0.77,14,69000,24,3220,64.3,0
R101983,11,22,409,11697,0.312,0.856,110.0,1,0.888,6,102000,24,4760,65.3,0
R101984,5,26,752,23969,0.224,1.0,138.8,1,0.866,2,56000,36,1742,78.0,1
R101985,8,18,448,17222,0.212,0.794,122.1,2,0.801,6,80000,24,3733,67.2,0
R101986,18,22,549,15761,0.25,0.893,144.5,2,0.853,10,58000,30,2165,76.8,1
R101987,9,17,334,9736,0.317,0.828,121.4,2,0.826,7,52000,24,2427,60.4,1
R101988,5,25,575,17910,0.215,0.966,130.8,3,0.819,3,70000,30,2613,72.8,1
R101989,8,23,620,27143,0.217,0.731,134.6,1,0.852,7,89000,36,2769,69.9,0
R101990,20,25,593,12161,0.343,0.812,94.6,1,0.746,14,40000,24,1867,71.5,0
R101991,41,23,632,20090,0.196,0.903,160.5,1,0.92,19,90000,24,4200,86.5,1
R101992,17,21,483,15376,0.239,0.913,124.2,2,0.788,15,101000,18,6284,75.2,1
R101993,28,22,446,12975,0.314,0.883,151.7,1,0.968,13,47000,30,1755,75.6,0
R101994,17,24,500,10341,0.233,0.879,144.5,0,0.924,15,91000,18,5662,76.3,1
R101995,17,27,608,20069,0.298,0.992,131.8,2,0.866,8,91000,18,5662,77.7,1
R101996,15,22,560,8646,0.137,0.865,119.9,1,0.868,12,115000,36,3578,80.4,0
R101997,13,25,593,17502,0.306,1.0,178.9,1,0.892,8,52000,24,2427,74.9,1
R101998,6,27,746,17127,0.224,0.954,157.5,1,0.909,3,61000,30,2277,77.8,0
R101999,10,20,449,17281,0.244,0.781,133.9,1,0.894,8,59000,30,2203,67.6,1
R102000,17,23,555,16907,0.345,0.821,138.7,1,0.88,9,71000,12,6627,70.0,1
R102001,13,24,717,21123,0.324,0.995,149.9,0,0.934,8,48000,18,2987,77.4,1
R102002,3,17,393,8000,0.267,0.691,106.5,2,0.781,2,94000,18,5849,56.9,0
R102003,20,18,379,9393,0.111,0.864,113.5,1,0.883,10,77000,30,2875,80.9,1
R102004,15,19,536,12557,0.287,0.666,109.7,1,0.829,7,49000,30,1829,66.9,0
R102005,20,23,589,16519,0.13,0.806,151.1,1,0.954,15,89000,24,4153,84.0,0
R102006,5,24,572,14357,0.162,0.791,131.9,1,0.868,3,103000,18,6409,71.5,0
R102007,3,16,299,13259,0.541,0.582,76.9,2,0.7,1,73000,30,2725,36.6,0
R102008,9,13,321,11109,0.297,0.759,108.6,2,0.771,8,82000,12,7653,58.8,1
R102009,13,22,604,15353,0.178,0.792,123.8,1,0.843,10,64000,30,2389,76.5,1
R102010,25,15,315,8000,0.387,0.702,102.0,2,0.84,13,66000,36,2053,62.7,0
R102011,12,22,622,15074,0.252,0.867,129.7,0,0.963,11,86000,24,4013,75.5,0
R102012,32,28,722,21933,0.32,0.921,125.7,0,0.887,18,75000,12,7000,82.3,1
R102013,7,16,247,8000,0.298,0.75,90.0,2,0.765,7,63000,24,2940,55.8,0
R102014,15,24,586,17139,0.236,0.872,131.4,1,0.869,7,52000,18,3236,76.0,1
R102015,2,21,316,9465,0.438,0.708,86.9,2,0.791,1,93000,24,4340,46.2,0
R102016,18,26,583,13027,0.159,0.99,177.0,0,0.924,10,90000,36,2800,85.7,1
R102017,24,23,607,18693,0.412,0.771,115.0,1,0.834,14,86000,18,5351,70.3,0
R102018,13,25,486,16946,0.199,0.767,146.1,0,0.951,8,109000,18,6782,72.6,1
R102019,4,23,711,17687,0.18,0.98,131.0,0,0.904,2,97000,30,3621,78.6,1
R102020,10,22,577,20049,0.236,0.816,129.6,1,0.932,5,54000,30,2016,72.4,0
R102021,7,22,452,11072,0.301,0.776,140.8,0,0.93,4,74000,18,4604,63.0,1
R102022,8,28,756,20214,0.209,0.967,147.4,0,0.972,7,78000,12,7280,81.0,0
R102023,10,28,676,18518,0.182,1.0,179.5,0,0.845,9,40000,30,1493,81.4,1
R102024,4,21,529,15241,0.156,0.972,143.7,0,0.891,2,46000,24,2147,74.9,0
R102025,12,22,641,18289,0.231,0.791,147.5,0,0.887,6,55000,18,3422,74.3,1
R102026,8,20,364,10359,0.321,0.781,130.5,1,0.891,4,86000,24,4013,59.7,0
R102027,14,23,623,15184,0.227,0.859,145.1,0,0.862,9,86000,36,2676,76.5,1
R102028,14,24,717,16097,0.209,0.823,147.4,0,0.903,12,75000,36,2333,79.4,1
R102029,5,26,497,15706,0.245,0.871,155.1,0,0.928,4,111000,24,5180,67.9,0
R102030,9,26,602,16138,0.241,0.789,104.4,1,0.868,5,76000,24,3547,70.3,0
R102031,8,21,575,12206,0.289,0.74,150.5,1,0.888,6,94000,30,3509,65.9,1
R102032,10,22,617,22085,0.226,0.838,145.0,1,0.905,5,73000,30,2725,74.0,1
R102033,22,21,444,13767,0.244,0.741,137.6,2,0.776,20,71000,30,2651,72.7,0
R102034,7,19,490,11878,0.344,0.667,117.7,2,0.735,6,77000,30,2875,56.5,0
R102035,8,21,703,20038,0.206,0.796,122.7,0,1.0,6,89000,30,3323,76.2,0
R102036,14,22,559,16522,0.137,0.826,129.3,1,0.928,9,96000,30,3584,79.6,1
R102037,11,14,281,8000,0.505,0.496,71.8,4,0.639,9,57000,30,2128,40.2,1
R102038,18,28,687,17567,0.172,0.924,127.1,2,0.865,15,72000,24,3360,85.2,1
R102039,14,26,469,12958,0.278,0.811,125.0,1,0.853,12,59000,24,2753,68.6,1
R102040,8,21,485,14755,0.17,0.956,125.8,0,0.915,4,73000,24,3407,75.7,0
R102041,11,19,438,12786,0.279,0.652,118.3,1,0.829,9,110000,36,3422,62.2,1
R102042,21,26,618,15106,0.401,0.923,122.1,1,0.847,12,86000,18,5351,72.9,1
R102043,4,22,612,18038,0.286,0.766,131.5,2,0.889,3,84000,30,3136,65.2,0
R102044,5,23,558,16503,0.263,0.8,143.8,1,0.83,3,104000,30,3883,65.5,0
R102045,5,23,493,16489,0.163,0.829,125.1,1,0.865,4,56000,18,3484,70.6,0
R102046,9,19,540,15323,0.312,0.648,111.9,2,0.817,6,90000,12,8400,61.1,1
R102047,9,19,424,8922,0.289,0.764,99.7,2,0.804,6,70000,18,4356,62.6,1
R102048,22,26,689,22697,0.281,0.844,142.3,1,0.935,13,56000,30,2091,81.1,1
R102049,7,16,348,9509,0.258,0.891,109.0,1,0.761,4,68000,12,6347,63.8,1
R102050,3,22,453,13531,0.299,0.856,142.3,1,0.878,2,79000,24,3687,62.0,0
R102051,21,29,657,18391,0.182,0.895,122.5,0,0.948,14,72000,18,4480,85.7,1
R102052,7,18,263,8000,0.264,0.648,80.4,2,0.776,6,74000,24,3453,55.3,0
R102053,16,24,408,14971,0.296,0.842,151.6,0,0.92,7,53000,36,1649,69.1,1
R102054,18,25,571,17369,0.242,0.688,148.5,1,0.872,12,113000,24,5273,73.2,0
R102055,12,25,708,22933,0.196,0.805,149.5,2,0.885,8,96000,24,4480,78.1,1
R102056,10,28,588,13388,0.201,0.933,152.6,1,0.887,5,76000,24,3547,76.8,0
R102057,6,26,393,11664,0.292,0.775,121.0,1,0.898,3,102000,18,6347,60.7,0
R102058,6,20,498,9191,0.18,0.948,126.6,0,0.905,3,82000,24,3827,73.6,0
R102059,19,24,526,13829,0.254,0.896,145.1,0,0.942,18,69000,30,2576,77.7,1
R102060,13,20,564,18190,0.212,0.853,110.9,1,0.789,9,65000,12,6067,74.6,0
R102061,19,24,612,24996,0.343,0.81,124.5,1,0.813,17,75000,12,7000,71.7,1
R102062,7,22,504,18783,0.225,0.684,115.6,2,0.752,5,72000,24,3360,64.2,1
R102063,21,11,235,8000,0.307,0.796,97.5,2,0.717,14,80000,24,3733,64.3,0
R102064,26,16,384,13331,0.386,0.76,109.8,1,0.815,16,62000,24,2893,65.6,0
R102065,4,17,312,8000,0.21,0.913,132.0,1,0.922,3,89000,24,4153,65.5,0
R102066,4,16,292,8044,0.33,0.677,109.2,2,0.755,3,78000,30,2912,51.3,0
R102067,17,24,532,13932,0.13,0.64,133.7,1,0.895,9,80000,24,3733,76.0,1
R102068,12,30,606,18059,0.272,1.0,166.6,0,1.0,11,41000,36,1276,77.3,1
R102069,9,18,360,11866,0.278,0.747,137.0,1,0.86,5,78000,30,2912,61.5,1
R102070,18,27,562,15671,0.373,0.666,131.5,1,0.818,17,43000,12,4013,64.9,0
R102071,7,25,697,15080,0.268,0.899,142.8,1,0.844,6,64000,12,5973,72.6,1
R102072,7,24,449,10824,0.142,0.714,154.0,2,0.851,7,66000,18,4107,68.7,1
R102073,4,26,499,12201,0.101,0.929,144.0,1,0.928,4,46000,36,1431,76.7,1
R102074,20,20,513,15276,0.172,0.894,153.5,1,0.881,16,68000,12,6347,81.5,1
R102075,4,23,553,20348,0.342,0.903,120.8,0,0.94,3,44000,18,2738,64.4,1
R102076,18,18,437,11242,0.269,0.816,128.3,1,0.792,16,71000,36,2209,70.8,0
R102077,15,22,526,16630,0.433,0.694,125.0,2,0.813,13,65000,12,6067,59.4,0
R102078,19,18,428,8000,0.195,0.723,128.5,1,0.828,10,95000,30,3547,72.7,0
R102079,5,18,331,10411,0.4,0.758,115.8,2,0.781,4,76000,30,2837,51.2,0
R102080,10,22,514,16950,0.271,0.839,147.7,0,0.846,5,85000,24,3967,68.4,1
R102081,6,22,448,10912,0.267,0.683,100.5,2,0.759,4,62000,24,2893,59.7,0
R102082,25,22,434,15223,0.107,0.868,158.4,3,0.869,18,58000,30,2165,84.8,0
R102083,11,20,504,17155,0.358,0.878,117.1,1,0.892,9,49000,36,1524,65.7,1
R102084,7,22,489,14060,0.244,0.667,129.2,1,0.82,7,57000,24,2660,63.0,0
R102085,6,26,752,20344,0.268,0.96,154.8,0,0.857,4,86000,12,8027,75.0,1
R102086,12,28,506,11618,0.178,0.936,148.0,1,0.949,6,66000,36,2053,77.8,1
R102087,7,24,565,18299,0.323,0.872,127.3,1,0.836,7,90000,24,4200,66.0,1
R102088,8,24,410,11592,0.23,0.938,146.9,2,0.9,4,57000,24,2660,69.7,0
R102089,9,25,496,22648,0.339,0.79,112.3,3,0.772,4,40000,24,1867,62.2,0
R102090,34,23,630,15636,0.324,0.721,122.1,1,0.815,31,85000,24,3967,74.1,1
R102091,11,19,423,13279,0.5,0.682,94.5,2,0.721,5,60000,18,3733,49.4,0
R102092,7,26,719,21187,0.328,0.871,129.2,0,0.856,3,85000,36,2644,69.7,0
R102093,11,18,379,8000,0.394,0.832,122.7,2,0.723,7,52000,18,3236,57.7,1
R102094,6,21,576,19173,0.186,0.918,163.9,2,0.934,4,88000,24,4107,75.0,1
R102095,25,21,434,10063,0.167,0.843,114.0,1,0.877,14,47000,30,1755,81.1,0
R102096,16,15,324,8290,0.283,0.766,132.2,1,0.802,10,67000,24,3127,64.8,0
R102097,4,21,460,11835,0.226,0.855,129.1,1,0.859,4,40000,30,1493,66.2,0
R102098,16,21,601,13909,0.377,0.892,152.2,1,0.78,10,87000,18,5413,69.7,0
R102099,12,26,732,23698,0.374,0.845,93.2,1,0.836,10,49000,24,2287,69.9,0
R102100,14,19,424,11812,0.352,0.892,119.4,4,0.701,11,71000,24,3313,64.6,0
R102101,20,26,510,10774,0.334,0.845,135.2,1,0.9,10,101000,24,4713,72.1,0
R102102,5,23,509,14612,0.398,0.819,118.6,1,0.862,3,49000,36,1524,58.2,1
R102103,10,17,407,11286,0.224,0.829,134.3,1,0.861,6,82000,18,5102,68.0,0
R102104,14,27,654,18030,0.248,0.913,132.4,0,0.936,11,75000,24,3500,78.4,0
R102105,19,23,546,16869,0.265,0.84,105.4,1,0.799,17,83000,30,3099,74.6,1
R102106,16,16,386,13302,0.349,0.773,136.1,1,0.863,12,68000,30,2539,63.2,0
R102107,10,19,384,9880,0.365,0.545,112.6,2,0.746,6,74000,36,2302,51.7,0
R102108,20,24,701,15994,0.197,0.802,101.1,1,0.827,17,62000,12,5787,82.0,0
R102109,9,10,209,10251,0.481,0.719,106.8,2,0.747,4,84000,18,5227,45.2,0
R102110,8,18,493,16043,0.288,0.764,136.5,2,0.898,7,77000,30,2875,64.4,1
R102111,2,28,578,9064,0.301,0.995,127.2,0,0.848,2,92000,36,2862,67.5,0
R102112,4,24,710,18510,0.301,0.947,137.0,0,0.886,4,48000,24,2240,71.4,0
R102113,9,29,712,13802,0.237,0.912,132.1,0,0.914,8,77000,24,3593,77.2,1
R102114,5,24,498,12738,0.191,0.762,124.1,1,0.876,2,77000,24,3593,67.3,1
R102115,3,25,575,15033,0.302,0.765,118.2,1,0.861,3,60000,30,2240,62.2,1
R102116,5,29,733,20173,0.177,0.944,149.8,2,0.92,5,82000,24,3827,79.3,1
R102117,26,19,369,9967,0.451,0.815,137.4,1,0.839,21,83000,24,3873,63.5,0
R102118,4,22,411,12016,0.301,0.815,139.8,1,0.84,2,61000,18,3796,59.8,0
R102119,4,26,490,13718,0.419,0.662,106.7,1,0.851,2,80000,18,4978,52.1,1
R102120,18,23,602,14523,0.255,0.903,153.9,0,0.901,12,54000,18,3360,78.8,0
R102121,14,24,371,11143,0.416,0.8,129.8,1,0.865,8,86000,24,4013,58.9,0
R102122,10,24,692,20983,0.276,0.888,156.7,0,0.871,7,81000,36,2520,74.1,0
R102123,17,19,541,16871,0.276,0.779,134.6,2,0.869,12,102000,24,4760,72.1,0
R102124,11,22,527,11179,0.296,0.835,129.6,0,0.968,8,89000,30,3323,69.2,1
R102125,1,21,498,9083,0.23,0.772,121.4,2,0.769,1,117000,36,3640,62.2,0
R102126,7,22,397,8090,0.479,0.794,93.5,2,0.697,4,88000,18,5476,49.9,0
R102127,37,23,507,15861,0.401,0.741,118.4,1,0.821,21,75000,36,2333,67.5,0
R102128,11,25,647,24045,0.269,0.828,142.3,0,0.912,7,63000,24,2940,72.9,1
R102129,21,17,348,8504,0.281,0.737,116.7,1,0.865,12,68000,36,2116,68.3,0
R102130,22,22,593,17101,0.189,0.901,103.5,1,0.856,14,106000,30,3957,83.9,1
R102131,15,20,578,13569,0.387,0.834,120.0,1,0.846,10,89000,30,3323,67.2,0
R102132,10,21,460,9550,0.278,0.864,142.5,0,0.891,9,48000,24,2240,67.9,0
R102133,6,26,753,17179,0.08,0.893,149.8,0,0.926,4,110000,36,3422,83.9,1
R102134,4,20,440,12341,0.251,0.811,105.4,1,0.849,2,102000,24,4760,63.2,1
R102135,22,17,325,8000,0.25,0.613,89.5,2,0.863,20,60000,18,3733,66.6,0
R102136,13,24,446,22826,0.271,0.718,122.2,1,0.904,11,62000,30,2315,66.4,0
R102137,13,29,384,8222,0.184,0.906,149.5,1,0.925,9,78000,24,3640,74.4,0
R102138,15,24,343,10987,0.333,0.862,123.9,1,0.829,14,78000,18,4853,64.7,0
R102139,8,23,665,21677,0.164,1.0,128.8,1,0.94,4,103000,24,4807,81.7,1
R102140,19,26,703,21934,0.314,0.872,157.0,0,0.866,13,91000,30,3397,77.7,1
R102141,11,16,270,8244,0.331,0.536,66.0,3,0.565,10,75000,36,2333,49.8,0
R102142,9,24,654,21990,0.343,0.749,120.3,1,0.868,7,67000,30,2501,65.4,0
R102143,13,21,316,8000,0.388,0.899,115.4,3,0.763,6,40000,24,1867,60.2,0
R102144,20,29,706,21263,0.126,0.822,138.4,0,0.9,14,61000,36,1898,87.0,0
R102145,8,21,467,13195,0.228,0.833,137.7,1,0.898,4,94000,24,4387,69.0,1
R102146,37,19,480,8000,0.282,0.871,116.8,1,0.767,17,88000,30,3285,75.8,1
R102147,4,25,794,16157,0.105,0.871,149.1,0,0.96,3,77000,12,7187,82.2,0
R102148,15,23,513,15803,0.208,0.97,144.8,0,0.984,13,79000,24,3687,79.3,1
R102149,6,30,761,17639,0.101,0.823,130.5,0,0.895,4,62000,24,2893,81.3,1
R102150,12,21,581,10912,0.246,0.789,146.1,1,0.939,8,43000,24,2007,72.2,1
R102151,17,23,663,20630,0.284,0.713,118.0,1,0.851,14,91000,30,3397,72.6,0
R102152,60,26,761,24312,0.231,0.88,148.9,0,0.918,34,40000,24,1867,87.3,1
R102153,3,18,363,15468,0.252,0.868,118.3,1,0.844,2,85000,18,5289,61.8,0
R102154,5,26,719,27034,0.249,0.748,120.3,2,0.874,4,110000,30,4107,69.6,0
R102155,15,19,372,10292,0.259,0.756,123.1,1,0.836,13,52000,18,3236,66.6,0
R102156,20,28,683,17081,0.08,0.789,157.2,1,0.843,16,75000,30,2800,87.6,1
R102157,8,18,405,9148,0.303,0.801,74.5,1,0.89,4,60000,12,5600,62.2,0
R102158,5,20,396,8000,0.146,0.812,150.0,1,0.855,3,53000,30,1979,68.2,1
R102159,15,16,448,11562,0.341,0.806,111.6,1,0.856,9,47000,18,2924,65.8,0
R102160,7,21,615,22005,0.155,0.866,147.1,1,0.893,3,61000,18,3796,76.3,1
R102161,24,26,665,19329,0.306,0.904,125.2,0,0.857,13,87000,24,4060,80.7,1
R102162,14,18,450,11036,0.337,0.882,130.8,1,0.858,12,79000,18,4916,67.3,0
R102163,15,22,435,14771,0.314,0.772,137.3,1,0.814,12,62000,30,2315,65.5,0
R102164,22,23,573,17019,0.357,0.851,129.5,1,0.877,18,90000,24,4200,73.5,0
R102165,32,21,644,16661,0.08,0.752,149.0,0,0.911,21,79000,24,3687,89.0,1
R102166,5,25,814,22429,0.187,0.902,155.7,0,0.989,3,98000,36,3049,80.1,1
R102167,9,16,318,11441,0.34,0.765,96.2,3,0.685,8,95000,36,2956,55.8,0
R102168,24,29,594,13639,0.154,0.998,153.5,0,0.881,16,68000,24,3173,89.5,1
R102169,11,19,446,11937,0.229,0.77,150.0,0,0.965,8,91000,24,4247,69.3,1
R102170,7,22,500,14666,0.308,0.743,132.8,1,0.803,6,65000,24,3033,61.8,1
R102171,10,19,428,13403,0.197,0.756,113.6,2,0.851,5,56000,36,1742,68.5,1
R102172,31,20,425,14292,0.366,0.81,118.1,2,0.92,29,71000,24,3313,70.0,0
R102173,11,23,562,15399,0.242,0.714,121.8,1,0.839,5,80000,30,2987,68.5,1
R102174,16,25,720,21729,0.231,0.931,156.5,0,0.918,14,73000,12,6813,82.7,1
R102175,9,30,596,12934,0.212,0.922,158.9,0,0.947,6,73000,24,3407,76.0,1
R102176,3,16,266,8000,0.444,0.724,95.5,3,0.66,2,84000,24,3920,44.2,0
R102177,19,14,242,8000,0.489,0.703,107.5,3,0.715,16,47000,12,4387,51.4,0
R102178,9,27,584,22605,0.185,0.803,96.1,2,0.834,6,90000,24,4200,73.0,0
R102179,21,22,699,18606,0.374,0.831,130.3,1,0.823,10,81000,18,5040,74.0,1
R102180,16,24,673,20202,0.283,0.826,145.6,1,0.887,9,74000,30,2763,75.6,1
R102181,13,23,279,8000,0.42,0.645,107.3,2,0.658,9,115000,24,5367,50.2,0
R102182,25,19,523,21464,0.321,0.893,107.2,1,0.906,14,73000,36,2271,76.8,1
R102183,9,26,577,19389,0.315,0.935,151.6,2,0.957,7,50000,18,3111,70.5,1
R102184,19,23,629,17721,0.138,0.817,139.0,1,0.854,14,40000,30,1493,83.6,1
R102185,11,24,584,18507,0.465,0.777,123.6,0,0.937,10,95000,24,4433,59.9,0
R102186,8,14,270,8000,0.272,0.785,71.9,3,0.773,5,65000,12,6067,59.2,1
R102187,15,21,400,10045,0.278,0.753,124.5,2,0.817,11,81000,24,3780,65.9,0
R102188,8,20,424,9735,0.359,0.629,107.4,1,0.836,4,102000,18,6347,54.8,1
R102189,9,22,527,14072,0.23,0.793,132.7,1,0.921,5,100000,18,6222,70.0,1
R102190,12,19,418,8000,0.183,0.973,156.0,1,1.0,8,74000,30,2763,77.0,1
R102191,24,25,706,25779,0.3,0.798,138.9,2,0.854,13,85000,12,7933,79.6,1
R102192,26,21,498,18195,0.306,0.876,133.0,1,0.797,21,63000,18,3920,75.4,1
R102193,5,23,439,9621,0.563,0.531,97.6,3,0.656,3,81000,24,3780,38.4,0
R102194,8,23,529,18540,0.312,0.92,145.5,0,0.938,5,69000,24,3220,68.4,1
R102195,17,22,630,15708,0.21,0.902,132.0,1,0.833,16,58000,36,1804,80.5,0
R102196,7,22,556,14131,0.309,0.816,107.6,1,0.873,4,70000,24,3267,65.5,0
R102197,8,16,455,13071,0.4,0.777,118.2,2,0.747,5,63000,36,1960,56.4,0
R102198,11,21,345,11419,0.235,0.781,84.4,2,0.818,6,71000,24,3313,64.8,0
R102199,17,18,365,8000,0.325,0.802,120.7,1,0.775,15,67000,24,3127,64.4,0
R102200,13,21,415,10176,0.218,0.742,167.3,2,0.956,12,104000,18,6471,69.5,1
R102201,26,27,703,20095,0.213,0.887,123.1,0,0.886,22,86000,36,2676,86.6,1
R102202,12,19,326,8000,0.499,0.723,83.7,2,0.676,10,79000,12,7373,48.5,1
R102203,13,26,549,12536,0.275,0.966,148.0,0,0.981,6,78000,24,3640,75.8,0
R102204,11,18,359,8000,0.317,0.824,108.7,1,0.812,7,95000,30,3547,62.0,0
R102205,14,22,329,8000,0.308,0.722,121.5,2,0.777,10,40000,24,1867,61.1,0
R102206,8,17,276,8000,0.398,0.803,101.3,1,0.831,5,56000,24,2613,53.8,0
R102207,15,20,470,14952,0.131,0.921,147.4,0,0.889,7,85000,12,7933,80.3,0
R102208,7,22,668,15388,0.294,0.722,126.5,2,0.712,5,50000,30,1867,65.1,1
R102209,23,13,252,10459,0.501,0.624,48.5,4,0.6,14,96000,24,4480,50.0,0
R102210,11,24,622,14410,0.25,0.827,142.5,1,0.919,6,97000,24,4527,73.5,1
R102211,29,19,456,15883,0.368,0.559,112.5,2,0.716,25,66000,24,3080,62.4,0
R102212,23,18,392,12647,0.303,0.73,112.5,2,0.763,19,72000,24,3360,68.0,1
R102213,14,15,307,11303,0.443,0.714,109.8,1,0.845,9,73000,24,3407,53.4,1
R102214,18,24,483,17758,0.136,0.891,154.6,0,0.856,16,116000,24,5413,80.9,0
R102215,15,24,487,10517,0.322,0.753,99.6,1,0.853,10,95000,24,4433,66.2,1
R102216,5,25,692,16432,0.207,0.887,134.9,1,0.954,2,73000,18,4542,75.4,1
R102217,13,21,497,25022,0.232,0.761,98.9,1,0.816,11,67000,24,3127,69.9,0
R102218,13,28,674,24720,0.289,0.757,121.0,1,0.833,6,100000,24,4667,71.1,0
R102219,11,28,721,13701,0.239,0.847,135.4,3,0.8,9,94000,30,3509,75.6,1
R102220,16,18,396,9656,0.205,0.786,111.6,2,0.811,13,78000,18,4853,71.0,1
R102221,13,17,305,12782,0.397,0.741,137.1,1,0.839,8,94000,36,2924,56.3,0
R102222,14,29,662,21071,0.232,0.821,117.5,1,0.858,9,74000,24,3453,76.5,1
R102223,28,26,605,8689,0.191,0.856,156.3,1,0.928,18,46000,18,2862,85.0,1
R102224,12,28,666,12383,0.19,0.813,153.1,1,0.915,7,74000,24,3453,78.0,1
R102225,19,22,545,15311,0.118,0.758,138.3,1,0.933,14,52000,24,2427,82.0,0
R102226,11,25,500,16257,0.228,0.874,141.0,0,0.934,11,51000,24,2380,72.9,1
R102227,28,17,415,15148,0.241,0.781,126.4,1,0.798,25,97000,30,3621,74.4,1
R102228,17,25,615,17320,0.121,0.841,147.1,0,0.904,9,75000,24,3500,84.0,1
R102229,14,23,487,10073,0.144,0.95,136.9,0,0.953,11,44000,24,2053,80.6,0
R102230,8,17,413,12570,0.301,0.662,104.3,2,0.803,4,78000,24,3640,58.1,0
R102231,29,29,898,23632,0.134,1.0,157.1,0,0.947,21,69000,30,2576,96.6,1
R102232,22,18,357,10975,0.542,0.695,109.8,2,0.709,19,57000,24,2660,52.6,1
R102233,7,28,656,17713,0.283,0.867,166.8,0,0.973,5,103000,24,4807,71.7,1
R102234,4,22,450,9116,0.193,0.876,147.5,2,0.818,2,67000,18,4169,67.8,0
R102235,10,28,634,13913,0.229,0.919,153.5,0,0.941,8,40000,24,1867,76.6,0
R102236,6,18,422,11113,0.269,0.774,102.4,1,0.857,4,85000,18,5289,62.3,0
R102237,11,19,406,15412,0.285,0.803,128.4,2,0.846,10,61000,24,2847,64.5,0
R102238,19,26,599,21223,0.186,1.0,166.6,1,0.905,14,90000,30,3360,85.1,1
R102239,22,27,564,15036,0.321,0.648,126.1,2,0.864,14,84000,30,3136,69.7,1
R102240,4,26,698,22182,0.309,0.892,170.2,0,0.965,2,49000,12,4573,69.5,1
R102241,5,26,735,24739,0.193,0.998,137.0,0,0.983,2,77000,30,2875,80.1,1
R102242,6,30,646,22362,0.113,0.963,163.2,1,0.913,3,51000,30,1904,81.4,1
R102243,13,24,614,18180,0.23,0.902,149.0,1,0.873,7,75000,24,3500,76.9,1
R102244,22,16,380,8000,0.416,0.751,128.3,2,0.752,18,85000,24,3967,62.1,0
R102245,11,22,488,11983,0.351,0.842,125.2,1,0.874,11,82000,30,3061,64.8,0
R102246,3,16,290,11927,0.412,0.592,87.2,3,0.63,3,93000,24,4340,43.0,0
R102247,14,19,414,10024,0.171,0.864,139.2,1,0.871,10,70000,24,3267,74.7,1
R102248,9,23,592,17239,0.339,0.839,116.7,2,0.852,8,91000,24,4247,66.1,0
R102249,9,8,160,8000,0.467,0.562,57.5,3,0.655,5,90000,18,5600,39.7,1
R102250,13,17,392,11378,0.4,0.628,103.9,2,0.764,12,60000,30,2240,54.5,1
R102251,16,23,459,14401,0.385,0.808,139.2,1,0.896,15,45000,36,1400,64.8,1
R102252,21,18,412,9716,0.41,0.655,95.2,2,0.734,10,82000,18,5102,59.7,0
R102253,23,17,337,15286,0.31,0.779,138.0,2,0.776,20,84000,30,3136,67.8,0
R102254,19,23,555,14059,0.249,0.765,135.0,1,0.85,17,80000,18,4978,74.7,1
R102255,18,25,590,15752,0.316,0.877,145.2,1,0.889,10,86000,30,3211,74.4,1
R102256,4,27,659,23242,0.109,0.788,124.5,1,0.922,2,85000,30,3173,76.6,1
R102257,17,30,584,18878,0.08,0.839,154.3,0,0.942,13,53000,18,3298,85.7,1
R102258,11,21,408,13203,0.33,0.77,110.1,1,0.889,9,103000,24,4807,61.9,1
R102259,23,30,762,20202,0.092,0.855,142.9,0,0.953,21,40000,30,1493,93.4,1
R102260,8,17,380,10166,0.457,0.764,128.1,3,0.739,4,56000,24,2613,51.4,1
R102261,10,23,620,15197,0.292,0.905,159.6,0,0.936,9,104000,36,3236,72.7,1
R102262,8,23,630,16894,0.38,0.852,132.8,1,0.86,5,98000,30,3659,64.6,0
R102263,9,21,412,10350,0.327,0.655,96.4,2,0.845,5,80000,24,3733,57.5,0
R102264,25,19,360,8000,0.423,0.614,109.6,2,0.719,17,88000,36,2738,58.5,0
R102265,8,17,469,12334,0.222,0.906,169.9,0,0.915,7,50000,24,2333,71.0,0
R102266,12,19,438,13072,0.258,0.709,105.0,1,0.819,8,79000,18,4916,65.2,0
R102267,8,24,419,9384,0.21,0.825,117.3,1,0.894,5,56000,24,2613,68.4,1
R102268,12,21,551,13470,0.229,0.846,127.6,2,0.8,8,105000,36,3267,72.8,1
R102269,14,23,529,9247,0.2,0.914,130.6,1,0.817,10,82000,24,3827,76.8,0
R102270,17,26,654,19101,0.252,0.792,139.6,1,0.845,11,71000,36,2209,76.2,0
R102271,12,25,540,14303,0.213,0.811,132.6,1,0.821,11,98000,30,3659,72.2,0
R102272,27,28,726,21859,0.294,0.912,159.2,0,0.954,25,80000,24,3733,84.2,1
R102273,4,23,467,8708,0.279,0.807,104.8,2,0.782,2,77000,18,4791,61.6,0
R102274,8,23,665,18042,0.277,0.832,115.7,1,0.784,4,102000,18,6347,69.7,0
R102275,7,17,333,8000,0.331,0.734,117.3,1,0.83,5,68000,30,2539,56.4,1
R102276,6,20,370,10137,0.352,0.716,107.2,2,0.773,5,64000,12,5973,54.5,0
R102277,16,29,944,23826,0.152,0.973,154.6,0,0.95,9,45000,24,2100,90.2,1
R102278,7,24,632,17509,0.331,0.859,132.2,1,0.75,7,62000,18,3858,66.2,0
R102279,1,24,530,16255,0.303,0.816,111.9,2,0.823,1,67000,24,3127,60.8,0
R102280,13,20,383,12992,0.421,0.655,98.6,2,0.798,7,65000,36,2022,54.3,0
R102281,27,22,440,13071,0.264,0.932,134.3,1,0.859,20,51000,24,2380,78.2,0
R102282,2,13,225,8000,0.462,0.567,61.1,2,0.761,1,85000,30,3173,38.3,0
R102283,16,28,506,13433,0.321,0.805,131.9,1,0.887,14,78000,36,2427,68.8,1
R102284,20,17,365,9673,0.209,0.712,126.4,1,0.754,19,72000,12,6720,70.4,0
R102285,8,21,434,8707,0.431,0.773,103.8,2,0.846,5,44000,24,2053,55.2,0
R102286,14,18,342,10094,0.248,0.686,117.5,3,0.707,12,51000,36,1587,62.9,0
R102287,1,21,636,20712,0.298,0.983,165.6,0,0.875,1,68000,12,6347,68.4,0
R102288,13,27,516,20122,0.209,0.787,126.7,1,0.902,9,40000,12,3733,72.7,0
R102289,17,25,654,19189,0.235,0.753,143.6,1,0.855,8,69000,24,3220,76.1,0
R102290,9,22,509,16102,0.26,0.712,113.7,1,0.872,6,87000,18,5413,65.2,0
R102291,9,20,466,11581,0.352,0.737,122.7,1,0.86,5,103000,30,3845,59.9,0
R102292,15,19,404,9590,0.327,0.705,88.5,3,0.774,10,63000,18,3920,61.6,0
R102293,12,22,582,16522,0.185,0.815,112.9,1,0.857,11,55000,18,3422,75.2,0
R102294,22,28,828,23413,0.275,0.957,178.0,0,1.0,15,105000,24,4900,87.3,0
R102295,12,28,699,17889,0.35,0.857,133.9,1,0.858,7,68000,36,2116,70.9,0
R102296,15,19,360,14114,0.187,0.868,154.2,0,0.996,9,71000,18,4418,74.4,1
R102297,9,19,499,17049,0.332,0.586,96.3,2,0.731,7,80000,18,4978,56.8,0
R102298,9,26,661,22509,0.317,0.647,113.7,3,0.735,7,70000,36,2178,63.2,1
R102299,18,29,874,21683,0.217,0.892,129.5,1,0.952,13,59000,36,1836,86.0,1
R102300,20,22,374,8000,0.406,0.651,102.5,3,0.717,18,57000,24,2660,57.8,0
R102301,4,29,677,19984,0.328,0.765,142.3,0,0.926,3,83000,24,3873,64.9,0
R102302,10,22,549,8427,0.263,0.834,160.0,0,0.95,6,68000,24,3173,70.9,1
R102303,15,24,600,15230,0.235,0.934,130.4,1,0.905,12,86000,18,5351,78.6,0
R102304,2,21,476,12952,0.216,0.734,114.1,1,0.797,1,86000,24,4013,62.2,1
R102305,10,19,453,13420,0.35,0.75,108.6,1,0.771,7,100000,24,4667,59.9,0
R102306,35,24,456,14461,0.349,0.711,121.6,1,0.816,23,72000,18,4480,68.2,1
R102307,6,24,644,13635,0.129,0.788,148.2,0,0.928,3,44000,18,2738,76.5,1
R102308,6,9,190,8000,0.426,0.544,119.3,3,0.647,6,63000,30,2352,40.5,0
R102309,11,21,384,8000,0.385,0.762,93.2,2,0.786,9,40000,24,1867,57.4,0
R102310,12,18,294,11269,0.353,0.568,80.5,3,0.775,9,57000,18,3547,52.3,0
R102311,9,23,509,16909,0.304,0.871,143.8,2,0.823,8,79000,24,3687,66.8,0
R102312,20,19,365,12185,0.393,0.639,79.2,1,0.809,11,97000,36,3018,59.1,1
R102313,3,18,416,14895,0.264,0.78,147.4,1,0.894,2,62000,18,3858,60.9,0
R102314,6,18,408,8000,0.156,0.688,104.9,1,0.801,3,81000,30,3024,65.2,0
R102315,10,19,445,8000,0.379,0.746,119.3,1,0.812,9,53000,36,1649,58.5,1
R102316,22,22,437,10689,0.241,0.993,146.0,0,0.916,17,70000,30,2613,80.4,1
R102317,8,23,527,9344,0.104,0.869,168.9,1,0.91,7,79000,24,3687,77.6,0
R102318,6,24,592,12861,0.346,0.773,121.0,2,0.882,3,83000,24,3873,62.4,1
R102319,2,14,252,9974,0.309,0.722,111.7,2,0.789,2,73000,24,3407,51.5,0
R102320,5,25,510,16087,0.329,0.763,123.7,1,0.904,2,49000,24,2287,61.0,0
R102321,2,17,298,8000,0.209,0.776,107.8,1,0.781,1,88000,18,5476,59.3,0
R102322,7,22,555,18414,0.301,0.916,123.2,1,0.845,5,48000,30,1792,68.2,1
R102323,16,22,641,16900,0.286,0.86,123.3,2,0.886,14,78000,18,4853,75.5,0
R102324,14,21,405,13269,0.22,0.81,104.0,2,0.822,12,89000,12,8307,70.2,1
R102325,17,28,829,24731,0.197,0.935,148.7,0,0.913,12,63000,30,2352,86.7,1
R102326,5,17,316,10036,0.497,0.627,113.9,2,0.778,4,62000,30,2315,42.2,0
R102327,3,22,472,8585,0.403,0.741,141.8,1,0.799,3,64000,24,2987,53.4,0
R102328,14,15,404,11111,0.251,0.856,128.8,2,0.855,8,100000,30,3733,69.7,0
R102329,19,23,545,12040,0.365,0.782,128.7,1,0.792,14,112000,24,5227,67.9,0
R102330,11,28,761,24851,0.16,0.859,124.7,1,0.893,9,90000,24,4200,82.2,0
R102331,14,20,452,13227,0.379,0.894,126.3,2,0.819,13,102000,18,6347,65.2,1
R102332,11,26,613,18207,0.308,0.946,145.4,1,0.921,5,78000,24,3640,72.9,1
R102333,8,20,511,9268,0.382,0.825,111.2,1,0.838,4,115000,24,5367,60.9,1
R102334,9,28,622,17195,0.18,0.901,153.3,0,0.865,7,58000,36,1804,77.1,1
R102335,19,25,790,27935,0.218,0.777,141.6,1,0.853,16,70000,30,2613,82.1,1
R102336,11,24,573,13331,0.287,0.863,139.7,0,0.889,7,77000,24,3593,70.5,0
R102337,18,20,453,17042,0.317,0.761,115.0,1,0.836,13,49000,30,1829,67.8,0
R102338,12,24,590,19451,0.289,0.817,139.1,2,0.806,9,84000,30,3136,69.9,1
R102339,7,24,620,13064,0.306,0.828,153.4,2,0.905,5,40000,24,1867,67.9,1
R102340,15,18,387,8578,0.34,0.8,117.3,1,0.808,8,115000,36,3578,63.5,0
R102341,11,16,260,10309,0.311,0.75,127.9,1,0.803,10,86000,30,3211,57.9,0
R102342,21,23,716,13917,0.361,0.742,145.4,2,0.785,18,83000,30,3099,72.8,0
R102343,6,21,641,16678,0.279,0.887,140.4,1,0.91,4,71000,24,3313,70.7,0
R102344,2,25,692,15199,0.218,0.904,126.8,2,0.888,2,71000,30,2651,73.0,0
R102345,16,22,511,12463,0.222,0.707,107.0,1,0.745,10,67000,30,2501,70.5,0
R102346,24,23,582,19368,0.156,0.952,133.6,0,1.0,22,56000,30,2091,89.3,0
R102347,19,21,464,13518,0.249,0.843,161.1,1,0.931,14,58000,24,2707,74.8,0
R102348,25,30,935,19402,0.092,0.971,183.5,0,0.933,20,90000,30,3360,98.0,1
R102349,28,20,446,9932,0.205,0.876,127.6,1,0.756,19,89000,24,4153,79.0,1
R102350,10,26,640,23135,0.162,0.799,119.1,2,0.847,4,54000,24,2520,76.3,1
R102351,5,27,681,17049,0.323,0.758,125.8,1,0.797,3,99000,24,4620,64.5,0
R102352,1,25,467,13564,0.216,0.912,131.1,1,0.883,1,68000,24,3173,66.8,0
R102353,3,21,493,18964,0.164,0.828,162.4,2,0.869,2,79000,12,7373,68.9,0
R102354,16,23,448,12943,0.187,0.785,121.5,1,0.897,9,64000,36,1991,73.9,0
R102355,3,21,530,20402,0.38,0.787,123.9,1,0.922,2,46000,24,2147,58.1,1
R102356,13,24,561,22295,0.281,0.896,152.2,1,0.836,6,66000,30,2464,72.4,0
R102357,16,27,671,16884,0.265,0.784,145.3,0,0.967,12,63000,30,2352,76.5,1
R102358,11,24,652,15196,0.194,0.78,98.2,1,0.803,8,115000,24,5367,75.0,1
R102359,9,17,393,10505,0.299,0.884,137.9,1,0.893,7,64000,18,3982,64.9,0
R102360,6,23,581,16692,0.306,0.786,97.2,4,0.729,5,68000,24,3173,63.3,0
R102361,26,19,448,14392,0.253,0.625,107.1,2,0.787,23,98000,24,4573,70.6,1
R102362,1,25,523,17260,0.097,0.836,136.7,0,0.991,1,109000,24,5087,73.8,1
R102363,6,25,586,15541,0.338,0.889,134.3,1,0.812,4,71000,30,2651,65.1,1
R102364,9,21,379,16942,0.106,0.761,152.2,0,0.864,7,68000,30,2539,71.4,1
R102365,8,17,315,9386,0.513,0.691,126.7,2,0.794,4,77000,36,2396,45.5,0
R102366,17,24,604,13363,0.167,0.826,132.8,1,0.759,12,77000,24,3593,79.4,1
R102367,12,25,707,20285,0.285,0.973,170.3,1,0.933,10,78000,24,3640,78.2,0
R102368,4,25,529,14005,0.338,0.691,124.7,1,0.831,4,72000,18,4480,57.8,0
R102369,18,19,357,8000,0.359,0.787,114.8,1,0.766,16,82000,30,3061,62.9,1
R102370,6,24,487,10455,0.307,0.898,134.3,1,0.894,4,64000,18,3982,65.3,0
R102371,13,24,493,14598,0.335,0.805,143.1,1,0.893,11,97000,30,3621,66.3,0
R102372,25,21,329,8861,0.336,0.694,84.2,3,0.706,13,81000,24,3780,64.2,0
R102373,7,23,536,13963,0.318,0.888,92.9,1,0.868,3,77000,18,4791,66.1,1
R102374,7,17,359,12089,0.453,0.598,86.1,4,0.641,5,87000,24,4060,45.3,0
R102375,10,23,461,14225,0.301,0.689,164.2,1,0.8,5,102000,24,4760,61.3,1
R102376,10,15,327,16222,0.311,0.787,137.4,2,0.859,8,52000,18,3236,60.6,0
R102377,13,28,777,24524,0.288,0.927,142.9,0,0.938,6,66000,24,3080,78.9,1
R102378,15,18,416,8000,0.114,0.973,165.7,0,1.0,7,40000,24,1867,82.5,1
R102379,6,19,422,10963,0.302,0.88,129.9,1,0.839,3,47000,18,2924,62.8,1
R102380,11,22,416,8000,0.194,0.9,130.9,0,0.916,7,82000,24,3827,72.8,1
R102381,5,21,438,17243,0.36,0.655,84.4,2,0.776,5,85000,18,5289,53.5,0
R102382,17,20,496,12021,0.468,0.858,115.7,1,0.869,15,71000,24,3313,62.4,0
R102383,21,30,889,23010,0.311,0.877,133.4,0,0.905,19,97000,18,6036,81.7,1
R102384,8,19,403,10044,0.129,0.9,150.4,2,0.881,4,78000,30,2912,73.9,0
R102385,12,14,246,8000,0.367,0.705,68.6,2,0.697,7,82000,36,2551,53.1,0
R102386,24,16,318,8000,0.205,0.874,144.3,1,0.927,14,102000,36,3173,77.5,1
R102387,14,18,289,12954,0.35,0.751,106.8,1,0.735,9,68000,30,2539,57.8,1
R102388,5,18,557,13661,0.412,0.827,115.0,1,0.862,3,69000,18,4293,58.9,1
R102389,3,24,435,17477,0.259,0.746,101.8,1,0.779,3,53000,18,3298,59.9,1
R102390,6,29,792,22428,0.181,0.932,166.5,0,0.887,3,70000,24,3267,80.6,1
R102391,9,20,396,11836,0.354,0.769,103.3,2,0.853,5,40000,30,1493,59.1,1
R102392,18,20,472,12859,0.26,0.771,131.6,1,0.814,14,68000,18,4231,70.8,1
R102393,9,24,619,14928,0.304,0.848,126.0,2,0.81,5,56000,36,1742,68.5,0
R102394,5,27,640,20651,0.303,0.868,150.8,1,0.913,3,79000,24,3687,68.0,1
R102395,9,15,297,8000,0.429,0.633,84.9,2,0.752,8,90000,18,5600,48.1,0
R102396,9,19,508,8000,0.271,0.802,139.8,2,0.83,6,80000,36,2489,66.9,1
R102397,7,23,707,18794,0.343,0.806,132.8,1,0.901,4,67000,18,4169,67.1,1
R102398,9,15,295,12475,0.177,0.748,112.7,2,0.754,6,86000,24,4013,64.0,0
R102399,12,28,693,18379,0.081,0.856,140.2,0,0.936,8,83000,24,3873,85.5,1
R102400,3,21,427,12687,0.239,0.86,140.6,1,0.948,2,79000,18,4916,65.1,1
R102401,9,20,356,11771,0.328,0.818,141.2,1,0.86,7,85000,24,3967,60.8,0
R102402,38,23,516,19384,0.292,0.656,99.9,2,0.743,21,99000,24,4620,70.6,1
R102403,14,23,514,21834,0.397,0.826,157.1,0,0.907,10,70000,30,2613,64.3,0
R102404,18,28,674,16108,0.253,0.939,122.0,2,0.859,16,79000,30,2949,81.0,0
R102405,24,19,493,9024,0.225,0.962,144.3,0,0.872,13,71000,18,4418,82.4,1
R102406,27,22,505,15751,0.394,0.904,138.1,1,0.863,15,114000,36,3547,72.3,0
R102407,7,16,231,9326,0.271,0.651,97.9,3,0.692,5,68000,36,2116,53.5,0
R102408,3,15,322,8000,0.439,0.693,114.8,3,0.771,2,75000,36,2333,46.1,1
R102409,20,18,420,11404,0.218,0.716,137.0,1,0.946,13,62000,12,5787,72.9,1
R102410,9,15,246,9480,0.351,0.583,70.3,3,0.64,8,82000,18,5102,48.7,0
R102411,10,21,544,19802,0.251,0.764,169.8,1,0.866,4,76000,18,4729,68.4,1
R102412,15,22,380,12088,0.269,0.744,115.0,1,0.845,12,56000,30,2091,66.0,0
R102413,11,19,425,8000,0.35,0.79,127.2,1,0.878,9,50000,24,2333,61.8,0
R102414,13,8,198,8503,0.456,0.437,40.8,4,0.567,9,61000,36,1898,39.7,0
R102415,13,22,479,13075,0.399,0.738,126.2,3,0.777,11,92000,30,3435,59.8,1
R102416,20,25,539,12543,0.274,0.936,146.4,0,0.934,16,68000,12,6347,78.4,1
R102417,14,21,474,13321,0.21,0.953,153.9,1,0.884,13,66000,30,2464,76.6,1
R102418,5,17,417,17944,0.442,0.642,63.4,3,0.646,3,45000,12,4200,46.9,0
R102419,5,23,568,13777,0.231,0.784,162.8,1,0.918,3,68000,30,2539,68.0,1
R102420,7,19,380,9182,0.314,0.648,120.3,1,0.789,6,91000,24,4247,55.6,1
R102421,14,23,618,19132,0.235,0.934,167.3,0,0.848,10,113000,18,7031,77.7,0
R102422,5,27,725,22841,0.308,0.862,140.1,2,0.836,4,83000,30,3099,69.3,0
R102423,5,21,293,9170,0.345,0.725,115.4,2,0.843,5,73000,18,4542,53.2,0
R102424,13,24,564,12448,0.284,0.74,116.6,1,0.723,7,40000,24,1867,67.3,0
R102425,7,24,633,17646,0.328,0.747,118.9,1,0.856,5,56000,30,2091,64.6,0
R102426,25,19,394,13227,0.322,0.726,97.2,2,0.781,14,74000,24,3453,68.1,0
R102427,8,13,312,10911,0.53,0.628,83.4,3,0.676,7,44000,30,1643,41.4,0
R102428,17,25,503,13977,0.257,0.9,172.0,0,0.861,15,61000,36,1898,74.9,1
R102429,10,29,671,16774,0.296,0.885,118.0,0,0.928,9,67000,24,3127,73.0,1
R102430,4,19,466,15997,0.347,0.74,124.9,2,0.739,3,83000,18,5164,56.3,0
R102431,7,29,704,20106,0.294,0.866,122.3,1,0.953,6,53000,18,3298,72.2,0
R102432,10,28,717,16280,0.208,0.914,146.4,1,0.861,7,82000,24,3827,79.1,1
R102433,8,16,442,12472,0.296,0.726,101.6,2,0.801,6,97000,30,3621,60.6,0
R102434,24,18,336,9187,0.388,0.723,119.0,2,0.73,18,61000,30,2277,62.4,1
R102435,6,26,532,13404,0.207,0.832,158.7,1,0.905,4,40000,24,1867,70.0,1
R102436,8,8,152,8000,0.448,0.535,74.4,3,0.607,4,89000,36,2769,39.0,0
R102437,14,26,695,24872,0.08,0.848,144.8,0,0.937,11,73000,30,2725,86.8,0
R102438,30,12,259,8000,0.526,0.607,84.4,3,0.725,14,71000,12,6627,50.4,0
R102439,15,23,559,16932,0.24,0.81,143.9,2,0.813,10,72000,12,6720,73.6,0
R102440,14,24,570,10895,0.156,1.0,161.1,0,0.891,8,64000,30,2389,82.7,1
R102441,18,27,774,22774,0.201,0.792,150.3,1,0.852,13,54000,18,3360,82.7,1
R102442,21,21,438,16135,0.248,0.732,144.6,2,0.827,17,76000,24,3547,72.0,1
R102443,24,24,526,13177,0.242,0.75,115.9,2,0.848,21,57000,36,1773,76.8,0
R102444,15,15,284,9867,0.261,0.743,109.2,2,0.699,13,66000,36,2053,62.8,0
R102445,12,24,611,17386,0.251,0.885,154.7,0,0.924,10,59000,24,2753,75.4,1
R102446,6,21,496,14342,0.181,0.773,155.4,0,0.869,5,66000,36,2053,68.8,0
R102447,13,30,837,19105,0.256,0.849,157.3,0,0.876,10,78000,24,3640,78.9,1
R102448,27,17,395,8568,0.353,0.785,84.1,2,0.837,18,77000,24,3593,68.5,0
R102449,2,23,505,12128,0.11,0.955,135.0,1,0.868,1,78000,30,2912,74.6,0
R102450,22,26,546,15495,0.269,0.908,140.2,1,0.84,15,82000,36,2551,78.8,0
R102451,12,21,405,9966,0.261,0.821,123.9,1,0.849,6,44000,24,2053,67.4,0
R102452,19,16,297,9367,0.342,0.744,95.4,2,0.746,10,110000,24,5133,61.8,1
R102453,16,26,613,11189,0.253,0.857,133.2,0,0.902,8,73000,24,3407,76.5,1
R102454,11,15,307,10463,0.261,0.832,108.4,1,0.842,8,81000,30,3024,64.4,0
R102455,12,25,548,8224,0.401,0.858,107.7,1,0.892,7,67000,24,3127,64.9,0
R102456,17,24,482,12791,0.213,0.815,134.9,1,0.925,12,95000,24,4433,75.1,1
R102457,6,19,436,13453,0.369,0.87,130.4,2,0.803,5,96000,36,2987,59.3,0
R102458,11,23,579,13762,0.153,0.836,122.7,0,0.886,8,86000,36,2676,77.5,1
R102459,15,24,579,18558,0.195,0.856,97.1,1,0.835,12,63000,36,1960,77.7,0
R102460,18,14,188,8000,0.409,0.635,111.4,2,0.749,16,71000,36,2209,51.8,0
R102461,17,14,407,10422,0.364,0.683,113.7,2,0.797,10,68000,24,3173,60.6,0
R102462,9,19,459,11076,0.332,0.744,98.9,3,0.715,8,79000,24,3687,59.7,0
R102463,12,28,777,25955,0.205,0.834,152.6,1,0.938,11,88000,36,2738,80.5,1
R102464,5,15,321,8000,0.521,0.572,97.2,4,0.656,4,93000,36,2893,38.7,0
R102465,22,25,608,17492,0.231,0.829,156.7,1,0.888,20,63000,24,2940,80.5,1
R102466,13,18,310,10765,0.352,0.648,57.9,3,0.645,6,93000,24,4340,54.4,0
R102467,12,25,527,9662,0.415,0.768,112.7,3,0.803,6,59000,18,3671,60.2,0
R102468,12,10,224,8000,0.457,0.681,102.1,2,0.773,11,93000,30,3472,47.9,1
R102469,10,20,397,10286,0.312,0.91,159.5,3,0.833,6,73000,30,2725,65.1,0
R102470,18,23,566,12399,0.196,0.85,110.6,1,0.886,9,97000,36,3018,79.3,1
R102471,12,26,576,16761,0.15,0.948,147.3,0,0.976,6,53000,24,2473,81.7,1
R102472,6,17,443,13670,0.331,0.723,108.8,2,0.912,4,57000,30,2128,58.7,0
R102473,7,19,424,14803,0.411,0.838,119.4,1,0.854,5,76000,30,2837,57.1,0
R102474,4,26,385,9173,0.411,0.862,119.5,1,0.837,3,89000,18,5538,54.8,1
R102475,26,25,568,14390,0.184,0.817,139.5,0,0.89,14,75000,24,3500,83.1,0
R102476,11,25,568,12803,0.171,0.798,136.3,0,0.947,7,68000,30,2539,75.4,0
R102477,28,30,770,23236,0.123,1.0,153.0,1,0.913,19,90000,36,2800,96.1,0
R102478,13,22,358,8000,0.273,0.812,135.9,1,0.84,12,120000,24,5600,65.5,0
R102479,9,25,600,17414,0.453,0.794,120.7,1,0.807,6,83000,36,2582,58.9,0
R102480,10,27,736,12727,0.125,0.839,157.2,0,0.907,7,78000,30,2912,82.5,0
R102481,13,26,702,17070,0.181,0.897,155.2,0,0.95,11,78000,12,7280,82.0,1
R102482,6,23,517,20155,0.175,0.746,153.1,0,0.861,5,74000,24,3453,68.9,1
R102483,5,30,662,14286,0.192,0.967,135.4,0,0.999,3,74000,30,2763,77.8,1
R102484,20,25,706,19150,0.088,0.944,131.6,0,0.949,15,82000,24,3827,93.1,1
R102485,9,18,378,8000,0.226,0.851,107.5,1,0.858,8,70000,24,3267,67.0,0
R102486,28,24,651,17706,0.235,0.664,99.7,1,0.827,15,66000,36,2053,78.0,1
R102487,16,10,225,8000,0.273,0.736,105.0,2,0.823,12,45000,12,4200,61.8,1
R102488,8,27,697,16972,0.206,0.827,130.0,1,0.964,8,89000,24,4153,76.2,0
R102489,34,22,613,18754,0.273,0.859,133.7,1,0.851,29,90000,30,3360,80.2,0
R102490,21,23,616,20673,0.353,0.692,136.0,1,0.875,19,104000,18,6471,70.2,1
R102491,4,22,496,17916,0.264,0.802,155.6,1,0.849,2,86000,24,4013,63.6,0
R102492,7,27,603,13412,0.214,0.754,140.6,1,0.831,4,52000,30,1941,69.4,0
R102493,1,24,514,17545,0.285,0.778,143.9,1,0.81,1,86000,36,2676,60.2,1
R102494,10,19,364,10630,0.408,0.838,106.7,2,0.764,5,69000,24,3220,56.4,0
R102495,32,22,545,11274,0.13,0.991,171.2,0,0.963,24,66000,36,2053,90.4,1
R102496,3,15,403,10312,0.332,0.671,89.0,2,0.737,3,58000,18,3609,52.7,0
R102497,14,28,588,14621,0.131,0.812,164.9,0,0.934,9,67000,24,3127,80.3,1
R102498,39,23,559,9442,0.243,0.786,126.8,2,0.889,33,72000,18,4480,78.9,0
R102499,10,26,585,15970,0.3,0.868,119.7,1,0.841,5,78000,30,2912,69.4,1
R102500,13,19,341,8000,0.311,0.764,127.6,1,0.953,9,87000,30,3248,63.4,0
R102501,9,16,348,9575,0.317,0.654,121.6,2,0.805,6,82000,36,2551,56.0,0
R102502,7,25,553,18517,0.278,0.867,123.3,1,0.909,3,75000,36,2333,68.2,1
R102503,18,21,399,14134,0.267,0.787,126.1,1,0.831,13,41000,36,1276,69.1,0
R102504,18,21,544,17617,0.121,0.801,126.4,3,0.875,15,41000,36,1276,81.3,1
R102505,15,16,360,9177,0.426,0.624,88.7,2,0.692,14,91000,30,3397,52.5,0
R102506,8,26,619,15324,0.176,0.779,141.2,1,0.894,5,63000,36,1960,73.6,0
R102507,15,21,538,11488,0.177,1.0,152.1,3,0.857,11,66000,24,3080,81.2,1
R102508,4,22,505,16727,0.266,0.844,146.6,1,0.934,3,88000,24,4107,65.5,1
R102509,16,23,508,18559,0.235,0.869,134.1,0,0.954,13,67000,36,2084,75.7,1
R102510,6,18,432,8000,0.286,0.726,124.9,1,0.822,5,74000,18,4604,60.2,1
R102511,6,25,642,16036,0.345,0.867,106.7,1,0.917,4,74000,24,3453,66.6,1
R102512,27,24,642,21989,0.283,0.784,153.4,1,0.978,15,40000,24,1867,79.7,1
R102513,1,30,722,11918,0.128,0.878,146.3,0,0.988,1,81000,18,5040,78.1,0
R102514,10,12,261,9078,0.238,0.601,78.9,4,0.679,6,63000,24,2940,56.2,0
R102515,4,24,582,14915,0.25,0.866,154.9,1,0.894,2,54000,12,5040,68.6,1
R102516,12,26,784,17002,0.176,0.933,157.2,0,0.99,9,89000,36,2769,85.4,1
R102517,7,25,517,15098,0.282,0.817,170.5,0,0.945,4,88000,12,8213,66.4,0
R102518,4,16,321,10833,0.344,0.843,159.0,1,0.921,3,64000,36,1991,57.0,0
R102519,9,20,520,12090,0.357,0.88,127.7,2,0.852,8,78000,36,2427,64.4,1
R102520,6,24,615,20981,0.37,0.875,142.4,0,0.931,3,86000,24,4013,64.8,0
R102521,6,19,502,11416,0.134,0.892,141.4,0,0.998,3,110000,24,5133,75.6,1
R102522,16,9,182,8000,0.472,0.772,118.9,3,0.763,11,57000,36,1773,51.0,0
R102523,3,19,422,12073,0.148,0.874,139.7,3,0.848,3,47000,24,2193,69.4,1
R102524,2,24,730,14265,0.083,0.784,114.7,1,0.867,1,73000,12,6813,77.3,0
R102525,13,25,456,8982,0.148,0.842,152.5,2,0.868,12,85000,24,3967,75.5,1
R102526,10,22,708,13688,0.201,0.941,154.2,0,0.914,7,47000,36,1462,80.1,1
R102527,7,20,295,9252,0.349,0.685,127.8,1,0.821,3,101000,30,3771,52.6,0
R102528,16,26,776,23754,0.184,0.893,127.8,0,0.942,14,70000,30,2613,85.7,1
R102529,28,27,509,11637,0.246,0.866,133.7,1,0.889,20,70000,24,3267,79.5,0
R102530,11,25,561,17245,0.319,0.704,124.4,2,0.758,10,75000,18,4667,63.3,1
R102531,11,26,571,17352,0.248,0.894,127.4,1,0.945,8,56000,24,2613,74.0,0
R102532,5,23,558,17124,0.15,0.924,149.7,0,0.908,4,52000,24,2427,75.3,1
R102533,4,22,499,16774,0.287,0.686,119.8,1,0.799,2,51000,24,2380,58.9,0
R102534,10,23,721,23855,0.357,0.869,137.6,1,0.844,6,81000,30,3024,69.9,0
R102535,3,24,560,19538,0.201,0.983,158.9,0,0.893,2,100000,30,3733,72.8,1
R102536,2,18,378,11356,0.182,0.81,133.3,1,0.829,1,53000,24,2473,64.0,0
R102537,14,27,585,20344,0.379,0.757,112.4,1,0.89,10,104000,24,4853,65.5,0
R102538,4,26,655,18703,0.235,0.907,163.5,1,0.939,2,83000,30,3099,72.5,1
R102539,14,22,565,16334,0.319,0.698,122.2,2,0.768,11,63000,30,2352,65.7,1
R102540,22,22,550,16718,0.439,0.776,117.4,3,0.664,11,70000,24,3267,64.7,0
R102541,13,23,531,8782,0.177,0.905,168.5,0,0.861,11,79000,30,2949,77.7,1
R102542,3,16,290,8000,0.342,0.681,113.8,2,0.811,2,79000,24,3687,50.5,0
R102543,35,27,728,25104,0.105,0.889,154.8,1,0.853,19,80000,36,2489,92.6,1
R102544,11,27,554,14975,0.174,0.817,115.3,1,0.895,9,46000,24,2147,75.4,1
R102545,11,19,373,19390,0.269,0.607,121.7,2,0.7,9,68000,36,2116,58.2,0
R102546,10,26,473,12716,0.317,0.786,123.2,1,0.806,8,40000,36,1244,63.1,0
R102547,6,23,607,24054,0.259,0.887,167.6,0,0.915,4,99000,24,4620,71.1,0
R102548,5,17,247,8000,0.358,0.533,90.5,2,0.743,3,91000,30,3397,45.3,0
R102549,1,27,745,23066,0.231,0.958,185.1,0,0.933,1,83000,24,3873,74.7,1
R102550,4,21,539,12552,0.265,0.754,143.2,1,0.807,2,63000,24,2940,63.0,1
R102551,9,21,604,20039,0.226,0.783,134.5,2,0.854,5,85000,30,3173,71.1,1
R102552,14,22,414,11492,0.409,0.698,95.0,2,0.765,7,92000,18,5724,56.8,0
R102553,5,18,385,12071,0.371,0.803,121.1,1,0.849,4,65000,24,3033,56.2,0
R102554,13,16,320,8000,0.425,0.708,102.3,2,0.75,10,72000,24,3360,53.1,1
R102555,8,26,630,21409,0.195,0.876,141.6,1,0.91,6,85000,30,3173,76.0,1
R102556,10,23,714,27794,0.08,0.973,164.6,0,0.951,8,63000,12,5880,87.9,0
R102557,19,20,398,9887,0.315,0.756,93.6,2,0.798,9,57000,24,2660,66.1,1
R102558,13,19,422,9628,0.41,0.772,122.1,2,0.744,11,109000,12,10173,58.0,1
R102559,15,20,350,8000,0.333,0.711,89.0,2,0.758,13,80000,24,3733,59.9,0
R102560,37,22,446,9913,0.29,0.788,109.7,2,0.79,33,74000,24,3453,72.7,1
R102561,5,20,459,13788,0.336,0.847,113.2,1,0.776,3,120000,24,5600,60.3,1
R102562,18,21,402,8000,0.17,0.858,123.9,1,0.855,17,76000,24,3547,76.3,1
R102563,14,19,428,14921,0.22,0.711,83.7,2,0.794,7,77000,24,3593,68.1,0
R102564,14,24,487,10951,0.258,0.997,126.8,1,0.983,13,43000,12,4013,76.6,1
R102565,12,27,707,21558,0.268,0.792,128.0,1,0.87,8,56000,36,1742,73.7,0
R102566,14,19,344,8000,0.401,0.681,74.2,2,0.738,7,80000,18,4978,54.6,0
R102567,9,28,604,15585,0.231,0.912,129.0,0,0.859,6,40000,18,2489,74.0,1
R102568,11,18,531,16406,0.204,0.755,127.4,1,0.815,10,63000,36,1960,70.5,1
R102569,20,27,802,21262,0.193,0.906,132.5,1,0.909,11,82000,24,3827,88.5,1
R102570,7,20,398,10767,0.321,0.721,103.1,2,0.763,3,60000,36,1867,57.3,0
R102571,8,23,343,9314,0.338,0.675,141.7,2,0.716,5,62000,24,2893,53.7,0
R102572,14,19,464,15553,0.176,0.82,110.4,0,0.924,7,88000,30,3285,74.9,0
R102573,13,28,674,21063,0.293,0.886,125.4,1,0.866,11,85000,24,3967,74.6,0
R102574,8,18,372,9161,0.333,0.603,95.8,2,0.738,7,69000,36,2147,53.7,0
R102575,14,29,598,24918,0.352,0.85,142.6,1,0.936,9,96000,36,2987,70.1,0
R102576,14,25,548,14464,0.309,0.751,100.1,1,0.858,11,79000,36,2458,67.7,0
R102577,33,19,572,20316,0.234,0.93,154.1,1,0.881,20,83000,18,5164,83.3,1
R102578,40,29,791,22282,0.268,0.863,134.4,0,0.912,20,100000,24,4667,85.6,0
R102579,44,25,573,18253,0.08,0.82,163.0,0,0.887,30,80000,24,3733,88.7,0
R102580,14,22,406,10135,0.348,0.66,126.7,1,0.836,13,64000,36,1991,59.6,1
R102581,19,26,754,19510,0.215,0.931,140.2,0,0.922,16,98000,36,3049,85.9,1
R102582,14,16,204,8000,0.392,0.616,85.6,3,0.698,6,78000,36,2427,49.6,0
R102583,10,24,788,22904,0.226,0.823,154.7,0,0.924,6,40000,18,2489,78.1,1
R102584,15,21,517,8897,0.325,0.715,105.7,2,0.692,10,67000,24,3127,63.9,1
R102585,10,19,363,12080,0.383,0.808,122.1,1,0.845,6,92000,24,4293,58.0,0
R102586,11,20,348,18532,0.451,0.724,109.6,1,0.83,8,93000,18,5787,52.6,1
R102587,11,28,787,25555,0.256,0.845,166.5,1,0.933,9,112000,24,5227,77.5,1
R102588,11,11,166,8000,0.503,0.644,88.3,4,0.64,8,80000,24,3733,41.1,0
R102589,7,20,326,8000,0.286,0.767,121.7,1,0.813,4,83000,12,7747,59.0,0
R102590,18,18,303,8231,0.371,0.492,84.4,3,0.726,12,90000,18,5600,52.9,0
R102591,14,23,546,9707,0.227,0.914,140.2,0,0.937,8,62000,30,2315,77.0,1
R102592,7,15,400,8000,0.239,0.816,112.5,2,0.776,3,101000,24,4713,64.1,0
R102593,10,16,401,10557,0.232,0.724,109.6,1,0.852,5,40000,36,1244,65.1,0
R102594,5,22,555,14298,0.257,0.876,132.5,1,0.867,4,54000,18,3360,68.3,0
R102595,12,25,607,17657,0.313,0.746,99.0,1,0.791,12,104000,30,3883,67.2,1
R102596,20,16,331,8000,0.36,0.605,96.6,3,0.688,12,75000,24,3500,58.1,1
R102597,9,24,611,22343,0.295,0.94,141.7,1,0.906,8,66000,24,3080,72.0,0
R102598,17,24,430,11140,0.311,0.807,129.1,1,0.821,8,115000,36,3578,67.9,0
R102599,11,29,636,20369,0.258,0.923,166.6,1,0.912,8,86000,24,4013,75.4,1
R102600,9,28,866,22020,0.217,0.923,184.5,0,0.926,8,80000,24,3733,80.8,0
R102601,7,22,619,17735,0.174,0.833,109.2,1,0.865,4,86000,36,2676,74.1,0
R102602,10,23,677,18949,0.283,0.726,130.7,1,0.837,7,58000,24,2707,68.8,0
R102603,18,30,870,27542,0.137,1.0,154.9,1,0.917,12,68000,36,2116,92.3,1
R102604,14,19,560,15643,0.249,0.805,121.6,2,0.853,11,48000,24,2240,72.2,1
R102605,6,24,569,14462,0.294,0.867,134.7,0,0.939,5,93000,24,4340,67.6,1
R102606,15,17,314,8000,0.344,0.802,116.5,1,0.814,8,70000,18,4356,61.3,0
R102607,12,20,509,11409,0.276,0.789,125.7,1,0.819,10,73000,24,3407,67.9,0
R102608,5,22,513,19357,0.384,0.711,115.4,2,0.783,3,85000,24,3967,55.6,1
R102609,4,19,480,11291,0.257,0.808,119.8,1,0.94,2,68000,24,3173,64.9,1
R102610,4,25,580,10030,0.354,0.578,73.3,2,0.759,3,62000,36,1929,54.6,0
R102611,18,26,711,16050,0.293,0.909,139.0,1,0.892,16,74000,36,2302,79.8,1
R102612,5,18,374,8458,0.356,0.672,129.1,1,0.793,3,82000,24,3827,52.8,0
R102613,9,23,521,10794,0.208,0.836,116.8,1,0.858,6,114000,24,5320,71.5,1
R102614,14,19,391,8000,0.155,0.698,145.0,1,0.846,8,51000,36,1587,70.5,0
R102615,14,16,358,8800,0.329,0.76,118.0,1,0.815,12,66000,12,6160,61.5,1
R102616,14,22,467,12779,0.228,0.762,155.8,2,0.881,12,93000,24,4340,70.2,0
R102617,5,22,432,14507,0.327,0.596,110.1,2,0.755,4,89000,24,4153,53.2,0
R102618,14,12,212,8000,0.363,0.585,117.8,2,0.767,10,76000,30,2837,51.6,0
R102619,9,28,600,15201,0.216,0.775,161.4,2,0.876,6,71000,36,2209,71.6,1
R102620,11,22,646,18249,0.262,0.82,105.6,1,0.836,11,82000,24,3827,72.6,0
R102621,11,26,544,17894,0.176,0.89,138.1,0,0.933,6,75000,30,2800,77.1,1
R102622,10,26,705,20180,0.134,0.91,127.6,1,0.892,7,48000,36,1493,82.7,1
R102623,20,28,748,13592,0.089,0.853,167.4,0,0.906,18,73000,18,4542,91.0,0
R102624,18,25,547,14960,0.288,0.843,121.5,1,0.834,16,80000,36,2489,73.5,0
R102625,49,24,499,16961,0.281,0.852,147.6,0,0.992,24,70000,36,2178,78.1,1
R102626,25,21,495,8000,0.34,0.802,85.1,1,0.845,11,72000,24,3360,72.2,1
R102627,3,28,647,10598,0.131,0.732,116.2,2,0.823,2,68000,18,4231,71.9,0
R102628,11,28,667,18940,0.144,0.913,142.6,0,0.937,7,94000,30,3509,82.2,1
R102629,24,20,445,14868,0.226,0.786,118.7,1,0.88,18,79000,24,3687,76.7,1
R102630,10,22,672,17532,0.198,0.776,119.5,2,0.863,6,78000,12,7280,74.7,1
R102631,8,23,646,13060,0.149,0.969,147.7,0,0.941,5,67000,18,4169,81.4,1
R102632,5,30,674,24438,0.177,0.871,145.9,0,0.853,3,94000,36,2924,74.9,1
R102633,4,25,342,9955,0.404,0.853,143.6,1,0.838,4,55000,24,2567,53.9,1
R102634,17,19,437,8753,0.213,0.858,130.4,1,0.868,15,57000,30,2128,74.8,0
R102635,12,21,423,14831,0.109,0.952,149.2,1,0.922,6,93000,24,4340,79.3,0
R102636,2,17,296,10804,0.446,0.647,108.9,2,0.801,1,68000,18,4231,43.4,1
R102637,21,21,400,14418,0.395,0.667,117.3,2,0.715,17,75000,24,3500,60.1,0
R102638,22,25,611,15416,0.264,0.968,173.5,0,0.976,15,104000,24,4853,83.5,1
R102639,9,26,744,20135,0.223,0.857,136.4,0,0.888,5,89000,24,4153,77.2,0
R102640,11,22,567,13466,0.319,0.933,124.9,0,0.946,8,76000,24,3547,71.1,1
R102641,25,27,682,18178,0.215,0.898,145.2,0,0.848,12,51000,30,1904,85.9,0
R102642,9,30,825,23925,0.261,0.933,159.4,0,0.908,5,62000,30,2315,78.5,1
R102643,3,28,638,16861,0.274,0.881,144.1,0,0.892,2,95000,24,4433,68.3,1
R102644,17,15,315,8000,0.258,0.774,122.0,1,0.785,12,52000,24,2427,66.5,1
R102645,22,23,489,13073,0.263,0.839,137.4,1,0.886,14,80000,36,2489,76.1,1
R102646,12,17,399,14183,0.412,0.683,105.1,2,0.746,9,100000,24,4667,54.5,1
R102647,5,26,634,16253,0.278,0.799,127.2,1,0.842,3,75000,36,2333,67.1,1
R102648,24,23,620,18725,0.327,0.821,119.0,1,0.868,20,40000,24,1867,76.5,1
R102649,8,21,317,14166,0.586,0.62,99.3,2,0.66,5,90000,24,4200,38.5,0
R102650,6,18,442,14370,0.325,0.732,100.3,2,0.709,5,63000,36,1960,57.2,0
R102651,12,17,265,8000,0.375,0.62,99.0,2,0.746,7,47000,18,2924,51.5,0
R102652,9,19,316,11451,0.225,0.816,110.1,2,0.799,5,71000,24,3313,64.4,0
R102653,16,26,485,18291,0.169,0.775,127.3,1,0.927,10,91000,24,4247,76.3,1
R102654,36,22,541,15387,0.167,0.829,139.3,0,0.972,19,67000,18,4169,84.4,1
R102655,6,20,455,13563,0.281,0.852,110.4,1,0.825,3,88000,30,3285,63.9,0
R102656,18,18,364,10212,0.306,0.819,117.7,1,0.816,10,95000,18,5911,67.1,0
R102657,9,25,397,14935,0.223,0.778,158.1,1,0.926,7,66000,24,3080,66.7,1
R102658,16,22,438,14842,0.346,0.785,106.2,2,0.79,14,106000,24,4947,64.7,0
R102659,12,22,503,15318,0.231,0.855,142.0,1,0.816,7,92000,30,3435,71.7,0
R102660,8,24,494,22026,0.246,0.846,112.4,2,0.858,5,85000,30,3173,68.2,0
R102661,18,26,617,17630,0.114,0.909,116.3,1,0.875,17,89000,24,4153,86.6,0
R102662,8,16,364,9731,0.505,0.656,82.0,2,0.706,4,72000,24,3360,45.5,0
R102663,6,25,522,8244,0.202,0.85,183.1,0,0.945,3,77000,12,7187,71.1,1
R102664,18,24,397,9015,0.243,0.763,99.0,1,0.866,13,45000,24,2100,70.1,0
R102665,6,30,883,24953,0.208,0.84,159.6,1,0.885,3,63000,24,2940,76.9,1
R102666,17,25,713,25821,0.222,0.766,129.8,2,0.758,9,69000,36,2147,77.8,1
R102667,11,29,950,24795,0.286,0.933,156.7,0,0.925,8,107000,24,4993,78.8,1
R102668,12,23,352,8000,0.3,0.715,93.5,2,0.727,6,94000,24,4387,59.7,0
R102669,5,21,587,14073,0.254,0.782,128.0,1,0.793,5,73000,24,3407,66.4,1
R102670,12,24,504,14689,0.406,0.728,117.0,2,0.8,8,77000,24,3593,59.2,1
R102671,8,29,717,21608,0.177,0.944,152.5,0,0.885,4,70000,24,3267,80.3,0
R102672,26,29,641,17860,0.08,0.93,171.0,0,0.945,15,82000,24,3827,93.7,0
R102673,4,21,450,8533,0.253,0.862,109.2,1,0.844,3,90000,18,5600,64.7,1
R102674,21,20,321,8000,0.255,0.789,131.0,1,0.784,16,75000,36,2333,69.5,0
R102675,22,30,582,19013,0.202,1.0,142.5,0,0.911,12,71000,18,4418,86.0,1
R102676,15,24,611,21974,0.222,0.823,111.6,1,0.838,9,68000,30,2539,75.9,1
R102677,25,21,480,9936,0.332,0.802,134.8,1,0.836,24,64000,36,1991,72.1,1
R102678,9,21,427,11631,0.363,0.821,113.5,2,0.747,8,71000,30,2651,59.6,1
R102679,10,30,702,23277,0.15,0.819,155.5,1,0.926,5,87000,30,3248,79.9,1
R102680,15,26,611,15492,0.261,0.742,154.8,1,0.835,11,92000,12,8587,72.1,1
R102681,10,20,508,14238,0.265,0.718,128.8,1,0.84,5,45000,36,1400,65.3,0
R102682,2,28,770,24196,0.351,0.903,169.5,0,0.978,1,65000,12,6067,68.6,1
R102683,4,27,623,17442,0.257,0.927,139.6,0,1.0,3,61000,24,2847,72.1,1
R102684,5,25,563,16661,0.416,0.858,149.6,1,0.927,3,65000,36,2022,60.0,0
R102685,18,28,699,18426,0.305,0.791,129.3,1,0.766,13,75000,36,2333,74.2,1
R102686,11,29,697,24216,0.113,0.839,136.5,0,0.91,7,57000,24,2660,82.5,1
R102687,17,14,305,8000,0.293,0.659,115.0,2,0.813,16,81000,30,3024,61.6,0
R102688,19,23,477,13798,0.344,0.846,115.4,1,0.797,10,87000,30,3248,68.8,0
R102689,9,24,492,12364,0.303,0.786,124.3,1,0.869,9,93000,18,5787,64.8,0
R102690,13,18,314,9924,0.36,0.679,105.1,3,0.777,10,65000,36,2022,56.1,0
R102691,4,30,473,17324,0.176,0.963,155.7,0,0.961,4,96000,24,4480,73.0,1
R102692,7,15,261,8000,0.544,0.494,88.8,4,0.578,7,70000,24,3267,34.6,0
R102693,9,29,746,16164,0.329,0.834,161.1,2,0.943,7,71000,18,4418,71.5,1
R102694,11,28,496,11813,0.115,0.893,147.3,0,0.97,8,57000,36,1773,79.5,0
R102695,4,14,254,8000,0.266,0.664,101.6,3,0.727,2,80000,24,3733,52.7,0
R102696,9,26,598,13548,0.237,0.879,99.3,1,0.785,5,47000,36,1462,72.2,0
R102697,6,23,636,20875,0.295,0.77,117.7,1,0.794,5,74000,36,2302,65.6,0
R102698,34,23,436,10737,0.198,0.927,121.5,0,0.815,24,69000,24,3220,81.0,0
R102699,11,30,682,14615,0.218,0.993,149.3,1,0.963,9,68000,30,2539,81.4,1
R102700,17,16,387,15932,0.262,0.759,107.5,1,0.891,9,50000,18,3111,68.5,0
R102701,17,22,559,17049,0.193,0.83,139.9,1,0.86,14,71000,30,2651,77.9,1
R102702,12,28,831,24914,0.274,0.892,104.2,2,0.847,6,94000,30,3509,78.1,0
R102703,14,25,656,18935,0.341,0.796,123.8,1,0.836,12,112000,24,5227,69.8,1
R102704,13,19,412,10633,0.333,0.811,134.9,3,0.829,12,72000,24,3360,63.9,1
R102705,13,22,486,14012,0.367,0.924,154.9,0,0.919,7,72000,18,4480,67.6,0
R102706,24,25,681,16303,0.182,0.801,147.8,0,0.917,15,88000,24,4107,85.7,0
R102707,11,20,332,8000,0.288,0.741,120.2,4,0.715,8,104000,18,6471,60.0,0
R102708,6,23,785,16043,0.256,0.882,138.1,1,0.889,5,92000,24,4293,75.0,1
R102709,17,20,514,9417,0.211,0.756,110.5,2,0.795,10,91000,24,4247,73.6,0
R102710,5,23,494,14056,0.42,0.821,112.4,2,0.79,3,89000,30,3323,56.0,0
R102711,10,19,325,8000,0.449,0.753,107.6,2,0.744,5,40000,24,1867,51.3,0
R102712,8,26,622,16960,0.267,1.0,174.3,0,0.892,7,40000,18,2489,74.5,0
R102713,9,20,469,8110,0.093,0.86,144.2,3,0.79,6,83000,36,2582,76.3,1
R102714,15,25,355,8315,0.2,0.842,168.4,0,0.939,10,76000,24,3547,72.3,0
R102715,14,26,581,17050,0.19,0.895,166.2,0,0.962,11,40000,36,1244,79.5,0
R102716,9,23,580,17007,0.205,0.894,136.1,0,0.984,4,71000,36,2209,76.0,0
R102717,7,27,724,18377,0.242,0.991,122.0,0,0.832,4,57000,30,2128,77.1,0
R102718,19,28,654,10433,0.303,0.807,150.2,1,0.914,13,54000,36,1680,75.8,1
R102719,15,24,384,9089,0.374,0.92,142.4,1,0.854,8,111000,24,5180,65.3,0
R102720,4,26,602,16346,0.288,0.875,140.8,0,0.912,3,75000,18,4667,67.3,1
R102721,4,27,763,22704,0.235,0.722,161.3,1,0.869,4,53000,24,2473,70.1,0
R102722,8,21,520,15459,0.305,0.846,121.5,2,0.791,7,69000,18,4293,65.1,0
R102723,2,20,382,8000,0.445,0.703,106.9,2,0.73,2,112000,30,4181,46.8,1
R102724,4,19,510,15831,0.118,0.886,155.0,0,0.979,3,76000,30,2837,75.4,1
R102725,12,20,530,8831,0.27,0.815,129.4,1,0.889,11,48000,18,2987,70.2,1
R102726,14,22,509,14357,0.328,0.947,164.5,1,0.853,13,109000,30,4069,70.6,0
R102727,10,29,675,25500,0.278,0.939,173.4,0,0.931,6,85000,18,5289,75.4,1
R102728,10,23,331,8000,0.381,0.762,118.0,1,0.795,9,89000,24,4153,55.6,0
R102729,8,22,700,16724,0.234,0.974,156.7,0,0.935,6,74000,12,6907,78.0,0
R102730,7,14,247,8000,0.472,0.633,96.7,2,0.725,5,74000,18,4604,42.8,0
R102731,17,21,496,17246,0.266,0.943,138.5,0,0.945,13,87000,18,5413,76.0,1
R102732,17,25,478,10655,0.37,0.764,127.6,1,0.829,11,86000,24,4013,64.9,0
R102733,10,24,579,13590,0.225,0.93,150.9,1,0.892,9,74000,36,2302,75.0,1
R102734,4,20,478,15180,0.264,0.654,138.7,1,0.827,4,67000,30,2501,59.7,0
R102735,7,20,436,10578,0.151,0.768,130.0,1,0.898,3,90000,30,3360,69.5,0
R102736,10,18,395,8481,0.369,0.748,93.4,3,0.705,7,88000,24,4107,56.8,0
R102737,10,30,790,26038,0.269,0.911,165.9,0,0.963,5,61000,18,3796,78.2,0
R102738,16,26,573,12530,0.262,0.988,145.7,0,0.922,11,79000,36,2458,78.4,1
R102739,6,26,699,19115,0.28,0.738,134.2,1,0.82,3,71000,24,3313,67.6,0
R102740,14,22,473,17428,0.366,0.768,136.1,1,0.868,8,43000,36,1338,63.7,1
R102741,10,28,601,16119,0.244,0.863,145.9,0,0.888,5,40000,24,1867,73.4,1
R102742,33,27,676,19302,0.144,0.784,160.0,0,0.94,25,67000,18,4169,87.5,1
R102743,10,16,402,8000,0.478,0.697,91.9,3,0.598,5,46000,36,1431,48.8,0
R102744,7,24,521,13854,0.243,0.797,126.2,2,0.822,4,94000,36,2924,66.9,0
R102745,23,28,596,18974,0.217,0.78,129.2,1,0.879,18,67000,24,3127,80.4,1
R102746,10,20,460,13889,0.429,0.726,107.5,2,0.76,7,76000,12,7093,54.9,1
R102747,14,22,487,12898,0.367,0.812,122.8,1,0.888,6,117000,24,5460,65.0,0
R102748,3,23,585,25178,0.344,0.79,113.2,2,0.807,2,62000,36,1929,60.3,1
R102749,20,27,704,14394,0.23,0.796,137.4,1,0.832,13,65000,30,2427,80.5,1
R102750,7,15,333,8828,0.27,0.673,97.7,2,0.745,4,96000,24,4480,56.8,0
R102751,5,14,255,8000,0.41,0.666,109.9,4,0.698,3,74000,24,3453,45.7,0
R102752,18,28,733,23204,0.273,0.965,149.0,1,0.873,15,91000,18,5662,82.2,1
R102753,6,22,373,8000,0.233,0.857,157.5,1,0.865,5,71000,36,2209,65.2,0
R102754,6,27,579,18427,0.302,0.767,140.9,1,0.894,4,84000,12,7840,64.4,0
R102755,4,18,407,14257,0.334,0.808,119.2,1,0.774,3,94000,30,3509,57.4,1
R102756,8,21,453,12793,0.236,0.955,141.4,2,0.825,5,93000,24,4340,70.1,0
R102757,6,25,733,17722,0.214,0.826,134.1,1,0.915,4,63000,18,3920,75.0,0
R102758,17,27,617,19443,0.229,0.864,154.1,1,0.883,15,40000,18,2489,78.3,0
R102759,7,17,321,8000,0.3,0.658,94.6,2,0.764,5,59000,36,1836,54.6,0
R102760,7,25,544,14554,0.245,0.814,116.2,1,0.855,4,64000,18,3982,68.4,0
R102761,7,20,468,8799,0.284,0.718,112.7,1,0.823,6,89000,24,4153,61.5,1
R102762,15,27,653,20772,0.213,0.912,169.9,0,0.921,8,81000,24,3780,80.6,1
R102763,17,25,594,26725,0.186,0.754,110.7,0,0.945,10,87000,12,8120,78.5,0
R102764,10,24,486,16678,0.282,0.896,157.0,1,0.896,8,89000,18,5538,69.4,1
R102765,10,21,434,8000,0.252,0.706,127.2,1,0.775,5,81000,24,3780,63.5,0
R102766,11,12,274,8000,0.433,0.639,88.7,2,0.768,6,73000,24,3407,49.0,0
R102767,12,21,590,16272,0.208,0.914,134.2,2,0.824,8,66000,30,2464,76.5,1
R102768,16,28,521,19417,0.167,0.853,120.4,2,0.864,12,60000,36,1867,78.2,1
R102769,15,22,447,11074,0.365,0.704,103.9,1,0.829,10,75000,36,2333,61.5,0
R102770,1,22,632,17951,0.131,0.9,150.6,0,0.98,0,63000,24,2940,76.0,1
R102771,5,24,646,18057,0.406,0.724,128.3,1,0.852,5,65000,36,2022,58.9,0
R102772,2,21,487,12592,0.388,0.787,119.1,2,0.762,2,79000,36,2458,54.6,1
R102773,12,27,645,15792,0.228,0.86,144.7,0,0.934,9,75000,36,2333,76.9,0
R102774,4,23,492,12698,0.235,0.971,172.0,0,0.941,4,52000,30,1941,70.4,1
R102775,14,28,729,17212,0.202,0.826,124.1,1,0.793,7,41000,30,1531,79.0,1
R102776,12,22,410,9949,0.349,0.751,118.8,2,0.759,5,62000,18,3858,59.8,0
R102777,10,29,745,25243,0.117,0.873,149.4,1,0.828,8,92000,24,4293,83.1,1
R102778,9,22,494,12531,0.306,0.878,130.5,1,0.975,4,76000,18,4729,67.7,1
R102779,17,20,452,16493,0.154,0.865,152.5,0,0.898,10,88000,18,5476,78.7,1
R102780,14,21,477,12188,0.306,0.916,133.0,2,0.861,10,79000,30,2949,70.5,1
R102781,5,29,752,12644,0.134,0.831,147.4,0,0.971,3,80000,24,3733,79.6,1
R102782,12,21,542,15310,0.245,0.952,145.1,1,0.883,7,80000,18,4978,75.0,1
R102783,11,28,663,16028,0.264,0.757,142.8,1,0.886,7,53000,24,2473,71.6,0
R102784,20,24,635,17188,0.212,0.961,150.0,0,0.915,10,56000,30,2091,84.9,1
R102785,22,27,510,17493,0.256,1.0,146.2,0,0.951,16,94000,36,2924,81.8,1
R102786,11,26,682,22421,0.138,0.998,154.5,1,0.872,8,84000,36,2613,84.3,1
R102787,32,19,414,9779,0.204,0.613,113.9,2,0.765,15,63000,24,2940,71.8,1
R102788,6,23,512,11716,0.205,0.842,122.8,2,0.879,4,70000,12,6533,70.0,0
R102789,3,17,274,8328,0.415,0.728,123.5,3,0.728,2,80000,24,3733,46.8,1
R102790,24,30,882,19756,0.193,0.981,134.6,0,0.953,15,72000,30,2688,92.8,1
R102791,6,26,392,14790,0.201,0.769,153.6,1,0.844,5,119000,24,5553,64.6,1
R102792,4,20,567,14455,0.344,0.885,154.7,0,0.993,3,78000,30,2912,64.5,1
R102793,6,16,386,9747,0.267,0.668,116.7,3,0.807,3,78000,30,2912,58.3,0
R102794,7,24,529,15831,0.348,0.814,143.6,1,0.843,3,80000,18,4978,62.5,0
R102795,2,23,535,9864,0.188,0.8,139.0,2,0.887,2,83000,24,3873,68.0,0
R102796,8,21,374,10994,0.128,0.919,185.7,0,0.949,5,62000,24,2893,74.6,1
R102797,7,30,635,19599,0.261,0.888,150.9,0,0.901,3,68000,24,3173,71.9,1
R102798,11,15,330,9977,0.307,0.742,103.1,1,0.918,7,85000,36,2644,60.8,1
R102799,1,25,776,24742,0.133,0.982,149.1,0,0.897,1,90000,30,3360,81.0,1
R102800,9,26,748,24681,0.08,0.794,174.4,0,0.938,6,81000,30,3024,83.5,1
R102801,36,24,586,13551,0.202,0.904,181.0,1,0.879,17,42000,24,1960,84.6,1
R102802,18,27,572,13622,0.224,0.844,172.9,0,0.961,14,85000,24,3967,79.0,1
R102803,4,27,741,21024,0.351,0.929,169.3,1,0.904,3,85000,18,5289,68.9,1
R102804,6,19,466,21090,0.27,0.834,105.3,3,0.729,3,72000,12,6720,63.7,1
R102805,8,26,781,23933,0.178,0.807,150.7,1,0.93,3,65000,36,2022,78.6,0
R102806,23,24,441,9415,0.277,0.762,155.9,1,0.91,14,96000,18,5973,73.2,0
R102807,9,26,740,25332,0.174,0.925,167.1,0,1.0,6,70000,24,3267,82.0,1
R102808,8,19,391,15216,0.221,0.78,127.8,2,0.905,7,97000,24,4527,65.7,0
R102809,4,25,626,24262,0.256,0.832,138.4,4,0.743,3,58000,18,3609,67.2,0
R102810,8,29,756,30618,0.229,0.854,121.2,1,0.926,7,74000,30,2763,76.5,1
R102811,8,24,700,13532,0.269,0.803,124.4,1,0.858,7,109000,30,4069,71.5,0
R102812,11,24,674,18513,0.321,0.773,113.8,1,0.8,10,120000,18,7467,68.7,1
R102813,6,26,700,16918,0.214,0.797,156.7,0,0.925,5,70000,24,3267,73.2,1
R102814,4,16,392,14148,0.302,0.763,122.8,2,0.761,2,74000,18,4604,57.5,0
R102815,4,16,318,14399,0.456,0.638,103.7,2,0.688,3,93000,24,4340,43.6,0
R102816,19,23,434,10644,0.336,0.872,97.2,1,0.9,11,61000,30,2277,69.9,1
R102817,21,26,512,17835,0.247,0.948,147.6,1,0.849,9,65000,24,3033,79.1,0
R102818,19,24,637,23677,0.297,0.691,96.4,2,0.762,10,61000,36,1898,71.3,1
R102819,8,27,673,25516,0.31,0.866,126.5,0,0.877,4,103000,36,3204,70.0,1
R102820,18,20,429,13918,0.313,0.715,101.7,1,0.859,17,72000,18,4480,66.4,0
R102821,17,20,385,9088,0.434,0.673,115.5,3,0.719,14,71000,24,3313,55.5,0
R102822,14,27,708,24434,0.145,0.919,164.8,0,0.971,7,77000,24,3593,85.4,1
R102823,8,20,422,13606,0.176,0.868,157.7,0,0.944,5,68000,30,2539,71.8,1
R102824,14,26,585,15420,0.16,0.871,163.4,2,0.805,8,74000,30,2763,78.7,0
R102825,4,25,585,13459,0.264,0.952,136.7,1,0.911,3,82000,30,3061,70.2,1
R102826,17,23,516,8000,0.394,0.521,90.3,3,0.641,14,40000,24,1867,56.6,0
R102827,2,14,277,8000,0.357,0.515,77.7,4,0.551,1,62000,18,3858,41.8,0
R102828,8,27,852,34641,0.287,0.858,142.0,0,0.886,6,82000,36,2551,74.6,1
R102829,9,24,737,23695,0.239,0.908,155.4,2,0.971,5,68000,30,2539,78.3,1
R102830,8,24,521,13550,0.132,0.95,155.1,0,0.977,5,77000,36,2396,78.8,1
R102831,18,30,633,19068,0.08,0.91,142.8,1,0.854,14,54000,24,2520,88.1,1
R102832,4,16,319,8000,0.192,0.722,108.8,1,0.86,3,55000,24,2567,61.2,0
R102833,5,24,711,18521,0.39,0.872,154.9,1,0.907,3,64000,12,5973,65.5,1
R102834,11,23,513,12220,0.394,0.779,86.8,2,0.759,9,73000,30,2725,60.2,0
R102835,3,18,318,10239,0.22,0.838,130.9,1,0.939,2,72000,30,2688,62.8,1
R102836,8,25,734,20984,0.244,0.856,158.7,0,0.969,5,63000,18,3920,75.5,1
R102837,24,26,637,18416,0.209,0.74,154.2,1,0.912,20,90000,30,3360,81.8,0
R102838,17,19,415,11420,0.203,0.802,141.5,1,0.887,13,66000,18,4107,73.6,1
R102839,27,25,543,8000,0.271,0.931,129.5,1,0.846,13,62000,30,2315,80.3,0
R102840,10,25,656,22344,0.183,0.934,128.8,0,0.995,6,56000,24,2613,80.7,1
R102841,18,25,373,10246,0.224,0.708,126.0,2,0.789,13,80000,24,3733,68.6,0
R102842,19,27,534,11646,0.255,0.737,148.2,1,0.833,17,80000,12,7467,72.5,0
R102843,3,22,506,12326,0.179,0.96,122.4,2,0.871,2,99000,18,6160,72.1,1
R102844,7,17,387,13713,0.232,0.772,155.7,0,0.982,5,67000,24,3127,64.9,1
R102845,8,23,459,10640,0.3,0.739,125.1,2,0.82,7,78000,12,7280,61.6,0
R102846,36,25,555,11778,0.372,0.71,139.0,1,0.909,31,103000,18,6409,70.3,0
R102847,21,26,574,16407,0.162,0.837,129.5,1,0.909,12,78000,30,2912,83.1,0
R102848,5,28,635,23878,0.211,0.917,167.8,0,1.0,3,70000,24,3267,74.8,1
R102849,26,28,672,17117,0.141,0.981,151.8,0,0.947,21,72000,24,3360,92.6,1
R102850,7,24,606,12982,0.273,0.79,130.2,0,0.851,7,98000,36,3049,67.9,0
R102851,15,16,275,8217,0.22,0.68,88.5,2,0.706,12,92000,30,3435,62.8,0
R102852,8,20,381,12324,0.418,0.632,111.1,2,0.793,6,44000,24,2053,50.7,0
R102853,2,25,635,15403,0.281,0.782,154.5,0,0.885,1,83000,30,3099,64.9,1
R102854,26,28,610,13235,0.205,0.899,157.0,0,0.953,18,68000,36,2116,85.7,0
R102855,19,20,493,11278,0.394,0.828,121.5,1,0.864,17,81000,30,3024,67.1,1
R102856,9,20,434,10472,0.261,0.827,118.0,1,0.804,8,75000,36,2333,65.6,1
R102857,13,26,649,17848,0.309,0.927,129.4,1,0.932,9,80000,36,2489,75.0,0
R102858,7,16,379,11649,0.42,0.682,72.2,2,0.767,6,63000,12,5880,50.4,0
R102859,6,10,153,8000,0.459,0.57,51.6,3,0.592,5,46000,30,1717,37.8,0
R102860,19,20,359,12552,0.489,0.651,77.0,5,0.673,12,40000,24,1867,52.4,0
R102861,17,16,312,8000,0.355,0.682,135.7,1,0.886,13,48000,30,1792,60.2,0
R102862,31,21,488,12136,0.303,0.695,120.4,2,0.79,21,102000,36,3173,70.7,0
R102863,18,20,412,13380,0.435,0.664,110.0,2,0.691,14,99000,18,6160,56.3,0
R102864,13,28,638,14205,0.219,0.803,142.3,1,0.825,9,97000,30,3621,75.2,1
R102865,18,30,844,21893,0.193,0.917,121.5,1,0.898,16,42000,30,1568,87.3,1
R102866,14,27,584,15674,0.3,0.773,123.4,1,0.837,12,91000,30,3397,69.6,1
R102867,15,19,340,12312,0.339,0.639,87.6,1,0.844,10,86000,18,5351,58.7,0
R102868,17,21,382,8000,0.288,0.844,116.8,1,0.826,10,52000,24,2427,68.5,1
R102869,19,19,416,16443,0.378,0.716,85.0,3,0.699,13,96000,30,3584,61.4,0
R102870,10,23,552,10455,0.218,0.845,107.5,1,0.897,8,81000,36,2520,72.8,1
R102871,2,24,730,17785,0.187,0.855,147.1,1,0.905,1,109000,36,3391,74.0,1
R102872,10,28,555,10959,0.305,0.853,137.5,1,0.915,6,100000,24,4667,68.9,1
R102873,5,22,483,17093,0.307,0.767,139.7,2,0.816,4,52000,30,1941,60.7,0
R102874,22,28,788,18240,0.211,0.892,166.4,0,0.998,15,75000,12,7000,88.7,1
R102875,25,21,468,11938,0.136,0.868,169.0,0,0.938,18,79000,30,2949,84.8,1
R102876,5,26,701,21947,0.281,0.862,160.5,0,0.889,4,74000,24,3453,70.8,1
R102877,8,18,378,11616,0.209,0.724,138.7,1,0.861,5,101000,30,3771,64.5,0
R102878,10,25,541,12976,0.266,0.711,118.6,2,0.813,8,57000,36,1773,65.6,0
R102879,6,25,469,17703,0.257,0.898,137.9,0,0.881,5,79000,24,3687,67.3,1
R102880,14,16,406,12367,0.281,0.671,129.9,2,0.767,13,56000,36,1742,62.9,0
R102881,4,20,533,15425,0.312,0.708,102.2,1,0.879,2,80000,24,3733,60.1,0
R102882,12,18,375,11412,0.418,0.675,86.9,2,0.677,10,76000,24,3547,53.0,0
R102883,17,20,521,17523,0.273,0.729,134.5,1,0.852,8,94000,36,2924,70.5,1
R102884,15,22,590,19795,0.229,0.819,145.5,0,0.913,11,112000,36,3484,76.1,1
R102885,15,24,655,12622,0.242,0.918,120.0,0,0.939,13,56000,36,1742,79.3,0
R102886,6,21,497,14227,0.432,0.643,100.2,3,0.752,5,94000,24,4387,51.4,0
R102887,24,18,274,10261,0.267,0.838,132.7,1,0.867,14,98000,18,6098,71.6,0
R102888,21,27,561,11622,0.306,0.749,168.5,0,0.981,18,43000,24,2007,73.5,1
R102889,8,23,541,11051,0.241,0.889,150.0,1,0.831,7,83000,24,3873,70.7,1
R102890,16,26,580,14570,0.271,0.873,117.4,1,0.825,8,104000,24,4853,74.7,1
R102891,7,26,585,16692,0.379,0.88,160.7,0,1.0,5,64000,24,2987,65.4,1
R102892,17,26,612,13500,0.235,0.729,114.7,1,0.86,9,79000,36,2458,74.3,0
R102893,4,20,459,11877,0.31,0.803,98.0,3,0.759,2,60000,18,3733,59.6,0
R102894,20,22,415,11640,0.192,1.0,147.4,1,0.861,12,72000,36,2240,80.4,0
R102895,8,26,494,12605,0.339,0.978,152.6,0,0.943,6,90000,30,3360,67.3,0
R102896,5,26,720,17258,0.271,0.916,123.5,0,0.866,3,48000,24,2240,72.9,1
R102897,5,18,329,11409,0.381,0.758,122.1,1,0.808,3,88000,36,2738,52.4,1
R102898,13,23,634,14644,0.216,0.841,136.5,1,0.855,12,73000,18,4542,76.3,1
R102899,2,16,413,8034,0.194,0.919,125.8,1,0.863,1,77000,24,3593,67.4,1
R102900,15,26,520,14907,0.169,0.853,123.4,1,0.872,8,79000,24,3687,77.9,1
R102901,9,20,412,11854,0.296,0.576,120.7,1,0.849,9,94000,36,2924,57.6,0
R102902,17,20,499,9535,0.356,0.801,138.8,1,0.836,13,108000,36,3360,67.2,1
R102903,2,20,435,11579,0.253,0.815,110.1,1,0.855,1,88000,12,8213,62.0,0
R102904,11,24,641,11880,0.227,0.871,134.7,0,0.944,5,91000,30,3397,76.5,1
R102905,9,28,638,21915,0.08,0.972,139.5,0,1.0,8,107000,30,3995,86.0,0
R102906,6,22,498,10213,0.268,0.745,129.1,2,0.888,4,68000,18,4231,63.7,1
R102907,5,26,654,19336,0.138,0.944,163.2,0,0.925,2,85000,30,3173,79.3,0
R102908,16,15,367,8000,0.389,0.537,101.2,2,0.724,15,89000,24,4153,53.6,1
R102909,4,13,268,8000,0.573,0.513,52.2,3,0.662,3,87000,24,4060,32.9,0
R102910,11,19,340,8700,0.367,0.764,120.0,1,0.857,7,90000,24,4200,57.8,0
R102911,3,24,612,12687,0.192,0.755,117.0,1,0.969,3,120000,30,4480,70.1,1
R102912,3,24,510,22276,0.181,0.757,132.1,1,0.843,1,43000,30,1605,66.5,0
R102913,10,24,565,15699,0.237,0.944,161.0,0,0.958,7,90000,12,8400,75.4,1
R102914,12,21,505,17613,0.427,0.599,52.4,2,0.721,8,64000,36,1991,54.2,0
R102915,6,21,428,11425,0.282,0.906,106.2,1,0.847,3,86000,18,5351,64.9,1
R102916,15,15,344,8204,0.293,0.756,100.0,1,0.804,11,67000,12,6253,63.4,0
R102917,21,24,485,11589,0.274,0.803,134.4,0,0.913,11,69000,24,3220,74.0,0
R102918,16,20,538,13776,0.264,0.884,126.4,1,0.8,8,107000,18,6658,74.1,0
R102919,10,30,542,12750,0.152,0.895,162.4,1,0.981,9,96000,24,4480,78.4,1
R102920,20,23,537,9752,0.33,0.877,141.2,1,0.945,15,80000,36,2489,74.0,1
R102921,12,17,472,11932,0.313,0.848,107.1,1,0.906,8,45000,24,2100,67.0,0
R102922,5,19,406,8276,0.431,0.659,59.6,2,0.75,4,90000,24,4200,48.9,0
R102923,15,21,453,17206,0.359,0.791,137.6,1,0.801,14,95000,36,2956,64.0,1
R102924,18,14,315,8000,0.428,0.636,92.9,2,0.801,10,60000,24,2800,55.0,0
R102925,4,27,488,14055,0.35,0.968,167.9,0,0.92,3,107000,36,3329,63.6,0
R102926,9,24,584,15526,0.327,0.743,131.1,1,0.941,8,72000,18,4480,65.0,1
R102927,5,20,321,8000,0.249,0.733,104.6,3,0.757,2,70000,24,3267,58.3,0
R102928,12,16,347,13636,0.331,0.711,81.0,2,0.801,8,76000,18,4729,58.6,0
R102929,9,23,554,11376,0.22,0.839,145.4,1,0.812,8,112000,24,5227,71.4,1
R102930,5,19,401,10336,0.203,0.851,132.9,1,0.815,3,50000,12,4667,66.2,1
R102931,10,21,429,10335,0.136,0.844,158.8,1,0.958,6,70000,12,6533,74.9,1
R102932,13,24,500,11309,0.428,0.659,116.3,2,0.769,7,92000,18,5724,56.2,0
R102933,15,28,657,24412,0.365,0.786,117.9,1,0.835,11,88000,24,4107,68.7,0
R102934,28,19,393,13086,0.332,0.805,140.2,1,0.855,21,56000,12,5227,70.2,0
R102935,9,21,424,11586,0.214,0.903,121.6,1,0.821,5,62000,36,1929,69.9,1
R102936,11,22,510,14483,0.157,0.833,158.9,0,0.906,9,77000,24,3593,75.4,0
R102937,11,28,735,23205,0.191,0.952,131.3,2,0.939,6,89000,18,5538,82.4,1
R102938,36,22,605,15322,0.278,0.903,159.5,0,0.873,31,109000,18,6782,81.0,1
R102939,8,27,655,17023,0.209,0.941,158.4,0,0.914,4,80000,36,2489,77.0,1
R102940,9,25,725,21618,0.3,0.801,139.5,1,0.889,6,92000,12,8587,71.2,1
R102941,10,24,700,17759,0.332,0.867,149.4,0,0.9,7,40000,24,1867,71.0,1
R102942,4,25,470,11294,0.286,0.771,121.5,1,0.847,3,62000,18,3858,61.3,0
R102943,14,25,761,22776,0.105,1.0,150.8,0,1.0,7,74000,12,6907,91.6,1
R102944,12,22,697,12228,0.408,0.834,116.8,1,0.876,8,62000,30,2315,67.2,1
R102945,7,22,678,20332,0.238,0.821,155.9,0,0.973,5,90000,18,5600,73.4,1
R102946,15,13,269,9750,0.248,0.712,116.7,1,0.801,12,73000,24,3407,62.9,0
R102947,13,27,582,17107,0.192,0.843,140.6,1,0.875,9,40000,24,1867,76.8,1
R102948,5,23,558,11794,0.282,0.857,157.4,0,0.922,4,58000,30,2165,67.1,1
R102949,14,25,453,8606,0.267,0.905,140.5,2,0.854,9,72000,24,3360,71.6,0
R102950,3,18,451,13895,0.265,0.685,104.0,3,0.811,1,49000,36,1524,58.4,1
R102951,11,15,310,8000,0.351,0.534,69.8,4,0.666,9,80000,30,2987,50.4,0
R102952,6,19,386,8917,0.411,0.668,101.8,2,0.726,4,78000,30,2912,49.9,1
R102953,25,22,419,8002,0.287,0.885,133.8,1,0.793,12,105000,24,4900,74.6,1
R102954,20,21,437,11433,0.309,0.9,130.2,0,0.958,11,80000,36,2489,73.3,1
R102955,25,17,364,13296,0.165,0.819,102.9,2,0.806,15,90000,24,4200,78.2,0
R102956,6,15,311,9743,0.38,0.599,87.8,5,0.641,5,66000,24,3080,47.4,0
R102957,5,22,397,12352,0.227,0.783,120.3,1,0.849,2,40000,36,1244,63.5,0
R102958,10,23,546,15720,0.228,0.897,116.3,1,0.763,7,69000,24,3220,72.1,0
R102959,7,16,428,8000,0.352,0.73,68.7,2,0.768,5,42000,24,1960,56.6,0
R102960,6,19,269,8000,0.361,0.689,112.7,2,0.717,3,53000,18,3298,50.0,0
R102961,21,26,620,21826,0.276,0.806,161.5,0,0.966,19,85000,30,3173,78.0,1
R102962,21,16,416,12919,0.483,0.646,109.1,3,0.712,10,84000,24,3920,55.3,0
R102963,17,27,708,19014,0.121,0.921,141.7,0,0.964,10,96000,30,3584,88.9,1
R102964,3,25,841,21816,0.317,0.848,148.4,1,0.832,2,76000,24,3547,68.7,1
R102965,13,25,557,12457,0.217,0.775,119.2,1,0.91,13,77000,24,3593,73.6,0
R102966,9,19,469,11121,0.252,0.653,110.3,2,0.81,7,86000,24,4013,62.6,1
R102967,16,22,511,13121,0.313,0.862,168.3,1,0.885,8,42000,24,1960,71.0,1
R102968,16,19,375,11717,0.417,0.824,99.9,2,0.846,12,106000,36,3298,60.5,0
R102969,12,21,427,8353,0.27,0.919,133.8,1,0.894,8,47000,24,2193,70.4,1
R102970,21,22,567,13662,0.285,0.738,138.2,1,0.804,17,54000,18,3360,72.9,1
R102971,12,25,652,15927,0.18,0.893,157.6,0,0.912,7,78000,12,7280,80.1,1
R102972,2,18,265,8000,0.381,0.73,142.0,2,0.712,2,62000,24,2893,47.6,0
R102973,8,22,285,8000,0.364,0.706,109.4,2,0.723,4,65000,30,2427,52.3,0
R102974,6,21,491,19382,0.238,0.77,134.7,2,0.837,5,94000,24,4387,65.6,0
R102975,5,27,818,25440,0.252,0.969,157.9,0,0.915,3,70000,12,6533,77.5,0
R102976,5,16,308,8000,0.348,0.702,66.2,2,0.74,5,58000,24,2707,51.9,0
R102977,8,21,470,17262,0.312,0.944,157.0,2,0.837,5,72000,30,2688,66.3,0
R102978,7,24,561,13011,0.373,0.811,159.4,1,0.923,4,75000,24,3500,62.4,1
R102979,14,24,435,12142,0.309,0.795,165.5,1,0.879,10,82000,36,2551,66.2,0
R102980,6,18,470,14863,0.339,0.768,117.8,1,0.737,5,79000,24,3687,58.5,1
R102981,14,15,300,8703,0.216,0.82,127.9,0,0.938,10,85000,24,3967,69.2,1
R102982,18,25,549,16619,0.271,0.832,112.7,2,0.811,16,67000,24,3127,73.9,1
R102983,14,22,523,13015,0.369,0.823,106.5,3,0.684,7,83000,30,3099,64.1,0
R102984,11,22,511,14840,0.293,0.643,99.5,2,0.741,6,101000,18,6284,62.0,0
R102985,15,27,484,15046,0.176,0.805,129.5,1,0.876,11,69000,24,3220,75.4,0
R102986,5,22,516,13964,0.222,0.891,114.5,1,0.841,5,79000,30,2949,69.4,0
R102987,3,15,267,8000,0.384,0.682,75.2,2,0.662,2,98000,24,4573,46.0,0
R102988,16,13,277,8000,0.31,0.684,78.6,2,0.791,12,65000,24,3033,59.5,0
R102989,12,20,403,11635,0.261,0.632,113.2,2,0.788,8,41000,18,2551,61.8,0
R102990,26,21,325,8531,0.232,0.786,144.3,1,0.881,18,85000,36,2644,73.6,0
R102991,18,21,547,14534,0.252,0.815,140.0,2,0.845,11,88000,18,5476,74.9,1
R102992,8,22,534,15900,0.171,0.889,178.2,0,0.94,6,72000,18,4480,75.4,0
R102993,9,23,641,18651,0.212,0.925,167.7,0,0.981,6,66000,18,4107,77.7,0
R102994,11,17,527,10801,0.374,0.662,133.1,1,0.834,9,90000,30,3360,59.7,1
R102995,9,24,479,15062,0.325,0.778,100.6,1,0.859,9,81000,24,3780,63.0,1
R102996,11,28,832,13298,0.151,0.891,129.0,1,0.914,8,79000,30,2949,84.7,0
R102997,7,22,544,20133,0.295,0.851,137.0,1,0.899,6,40000,24,1867,67.0,0
R102998,17,29,865,30743,0.206,0.965,142.7,0,0.993,8,68000,12,6347,87.8,1
R102999,14,26,633,15351,0.216,0.865,134.7,0,0.991,11,75000,24,3500,78.8,0
R103000,10,26,548,19755,0.322,0.813,143.3,1,0.881,7,55000,12,5133,66.3,0
R103001,5,23,608,18432,0.315,0.86,142.7,2,0.788,3,88000,18,5476,65.2,1
R103002,10,28,847,23284,0.317,0.96,140.9,0,0.891,9,83000,30,3099,76.6,1
R103003,13,21,322,9861,0.306,0.677,111.8,1,0.808,6,87000,24,4060,59.0,0
R103004,9,20,496,21398,0.35,0.911,112.8,1,0.833,4,65000,24,3033,65.2,1
R103005,8,22,584,20894,0.199,0.908,139.5,0,1.0,7,71000,18,4418,76.1,1
R103006,2,23,555,12048,0.288,0.857,143.0,1,0.756,2,58000,24,2707,63.1,0
R103007,36,22,432,8000,0.262,0.813,111.9,1,0.928,21,61000,24,2847,75.8,1
R103008,6,29,785,23189,0.188,0.86,125.9,1,0.862,3,84000,36,2613,77.7,1
R103009,13,25,701,17167,0.297,0.893,91.1,1,0.898,8,40000,24,1867,75.5,1
R103010,5,20,456,15486,0.312,0.81,158.1,1,0.94,5,70000,30,2613,62.1,1
R103011,12,18,313,8000,0.165,0.682,104.2,2,0.832,7,87000,18,5413,66.4,0
R103012,13,22,493,13077,0.262,0.859,144.4,2,0.862,10,82000,24,3827,71.0,0
R103013,9,23,571,14440,0.268,0.808,137.0,1,0.88,4,116000,18,7218,68.7,0
R103014,9,17,314,8475,0.314,0.817,121.1,1,0.843,9,84000,12,7840,60.3,0
R103015,7,28,550,16277,0.248,0.977,134.0,0,0.949,5,40000,36,1244,73.0,1
R103016,36,26,610,19988,0.147,0.969,142.3,0,0.977,34,109000,24,5087,90.7,1
R103017,17,25,525,15907,0.278,0.803,100.9,1,0.892,15,69000,18,4293,72.5,0
R103018,11,24,603,16978,0.328,0.955,176.6,0,0.915,6,53000,24,2473,72.1,1
R103019,7,20,557,13579,0.191,0.845,138.7,1,0.858,5,92000,12,8587,72.3,0
R103020,16,27,731,23514,0.236,0.891,169.9,0,0.901,8,95000,24,4433,81.5,1
R103021,16,18,426,10069,0.219,0.804,133.2,1,0.884,10,110000,24,5133,72.5,0
R103022,5,27,652,17711,0.201,0.799,150.7,1,0.912,4,92000,12,8587,72.3,0
R103023,3,26,518,14734,0.39,0.727,111.1,1,0.758,2,73000,24,3407,54.4,0
R103024,7,26,645,20684,0.301,0.796,140.1,1,0.758,5,70000,24,3267,66.4,0
R103025,7,15,312,10155,0.371,0.726,93.5,2,0.751,5,71000,24,3313,52.5,0
R103026,4,23,502,16021,0.295,0.716,118.7,1,0.779,2,94000,24,4387,59.1,0
R103027,6,21,490,10581,0.2,0.855,113.9,1,0.858,4,71000,30,2651,69.5,1
R103028,5,18,452,10081,0.361,0.868,126.5,3,0.789,2,99000,30,3696,59.1,1
R103029,21,23,503,19791,0.296,0.938,117.4,1,0.888,19,95000,12,8867,76.7,0
R103030,13,18,319,8000,0.225,0.794,106.3,3,0.849,11,78000,24,3640,66.6,0
R103031,14,25,604,22010,0.222,0.934,127.4,2,0.794,6,63000,24,2940,77.4,1
R103032,17,22,638,13828,0.343,0.739,114.0,2,0.831,11,58000,18,3609,69.5,1
R103033,5,22,491,8604,0.439,0.658,92.4,2,0.744,4,98000,30,3659,50.4,0
R103034,14,23,699,17457,0.237,0.732,107.3,1,0.863,12,82000,24,3827,74.7,1
R103035,8,18,317,9744,0.296,0.7,151.2,2,0.828,4,77000,12,7187,57.3,0
R103036,21,22,589,17788,0.306,0.76,124.1,1,0.88,15,60000,30,2240,73.8,0
R103037,19,26,660,20632,0.169,0.882,167.7,2,0.879,10,72000,24,3360,84.7,1
R103038,24,28,625,17124,0.229,0.801,104.6,2,0.846,21,76000,24,3547,81.0,1
R103039,5,28,629,11061,0.274,0.735,93.6,1,0.886,4,85000,18,5289,66.2,0
R103040,9,23,590,16700,0.147,0.863,155.5,1,0.901,8,85000,24,3967,77.7,0
R103041,7,25,349,8754,0.332,0.836,132.9,1,0.918,6,94000,24,4387,59.8,0
R103042,6,24,526,18619,0.159,0.882,162.9,0,0.966,6,94000,36,2924,74.7,1
R103043,7,27,679,19760,0.326,0.952,162.6,0,0.866,6,88000,18,5476,70.9,1
R103044,16,19,301,11551,0.448,0.782,91.6,2,0.855,10,48000,36,1493,56.0,0
R103045,7,25,513,10602,0.326,0.794,146.4,1,0.905,6,72000,24,3360,62.9,0
R103046,6,19,470,11238,0.246,0.799,137.0,1,0.874,3,92000,24,4293,65.3,0
R103047,6,19,345,8000,0.179,0.859,108.8,1,0.891,5,86000,36,2676,67.9,1
R103048,4,16,338,10758,0.324,0.708,102.0,2,0.709,3,98000,30,3659,52.7,0
R103049,7,17,222,8000,0.492,0.498,89.6,4,0.569,5,41000,24,1913,36.2,0
R103050,20,21,338,8121,0.282,1.0,127.2,0,0.89,13,64000,24,2987,74.0,0
R103051,31,20,348,10167,0.29,0.749,135.3,1,0.84,21,70000,24,3267,69.8,1
R103052,8,25,625,17499,0.114,0.767,112.5,1,0.802,7,79000,24,3687,76.1,1
R103053,20,21,545,12450,0.393,0.686,63.5,2,0.785,16,81000,24,3780,64.8,0
R103054,26,23,567,19157,0.08,0.902,160.2,0,0.93,16,85000,30,3173,91.0,1
R103055,19,17,431,11193,0.259,0.81,154.7,1,0.902,11,96000,36,2987,72.5,1
R103056,3,23,618,17943,0.204,0.972,170.5,0,0.964,1,64000,24,2987,74.4,0
R103057,8,22,634,18641,0.226,0.692,148.0,2,0.81,6,69000,24,3220,68.6,0
R103058,23,22,623,14004,0.451,0.691,89.3,1,0.782,17,61000,24,2847,65.4,0
R103059,16,14,245,8000,0.387,0.632,95.9,3,0.705,9,60000,18,3733,52.8,0
R103060,18,20,543,13990,0.261,0.917,165.0,0,0.912,16,101000,24,4713,77.4,0
R103061,10,17,393,16221,0.403,0.824,122.0,2,0.756,5,65000,30,2427,57.5,0
R103062,13,20,496,17180,0.24,0.719,117.9,1,0.8,8,62000,24,2893,67.9,1
R103063,9,28,734,15605,0.304,0.798,149.7,1,0.878,5,74000,24,3453,70.7,0
R103064,20,22,507,9072,0.195,0.68,131.9,2,0.884,15,60000,18,3733,75.0,0
R103065,9,23,585,17511,0.305,0.708,135.1,1,0.829,6,76000,24,3547,64.2,0
R103066,12,25,516,12823,0.242,0.778,103.6,1,0.855,8,64000,12,5973,69.6,0
R103067,7,24,491,18401,0.211,0.901,139.8,1,0.897,5,88000,24,4107,71.3,1
R103068,6,24,608,20144,0.227,0.724,129.1,1,0.877,5,55000,30,2053,68.0,0
R103069,21,25,636,18378,0.186,0.776,137.5,1,0.845,19,60000,18,3733,81.4,0
R103070,20,15,344,12691,0.545,0.574,60.9,3,0.673,15,75000,18,4667,47.6,0
R103071,7,23,525,14162,0.282,0.892,156.7,1,0.888,3,74000,36,2302,67.7,0
R103072,13,19,288,10159,0.401,0.596,77.3,2,0.737,9,87000,24,4060,50.7,0
R103073,20,21,420,12090,0.553,0.647,94.6,2,0.74,10,105000,24,4900,51.5,1
R103074,34,20,532,19401,0.225,0.731,131.2,1,0.763,22,62000,18,3858,76.6,0
R103075,14,25,545,13360,0.184,0.893,110.2,1,0.827,11,75000,36,2333,77.3,1
R103076,19,26,701,20734,0.328,0.919,141.0,0,0.94,16,84000,24,3920,78.9,0
R103077,19,30,896,24546,0.323,0.926,135.9,1,0.881,11,77000,30,2875,81.1,1
R103078,18,24,504,19736,0.385,0.849,112.7,1,0.834,13,63000,30,2352,67.1,0
R103079,3,26,585,16032,0.315,0.886,139.4,0,0.958,2,62000,36,1929,65.8,1
R103080,13,21,477,16511,0.357,0.818,137.5,1,0.825,11,44000,24,2053,64.0,0
R103081,9,19,443,10779,0.233,0.8,110.5,3,0.83,7,68000,24,3173,66.8,0
R103082,6,22,525,13876,0.306,0.754,119.6,2,0.87,5,61000,12,5693,62.3,0
R103083,5,21,432,14202,0.24,0.962,147.0,0,0.997,4,73000,30,2725,69.6,0
R103084,7,22,344,12729,0.3,0.685,96.4,2,0.721,3,47000,12,4387,55.8,0
R103085,22,20,474,8000,0.148,0.981,162.3,0,1.0,12,99000,30,3696,86.8,1
R103086,5,18,411,8000,0.424,0.734,127.8,1,0.853,4,78000,18,4853,52.2,0
R103087,18,25,575,16873,0.204,0.822,120.9,1,0.844,9,70000,24,3267,77.9,1
R103088,25,21,552,15436,0.333,0.755,157.4,1,0.862,20,68000,30,2539,73.0,0
R103089,7,23,587,19134,0.284,0.865,135.3,1,0.907,4,60000,30,2240,69.1,0
R103090,24,18,368,8490,0.36,0.623,98.4,2,0.691,13,73000,24,3407,61.9,0
R103091,20,22,438,10439,0.179,0.865,142.6,2,0.76,9,70000,24,3267,77.6,1
R103092,9,24,640,20103,0.314,0.745,121.7,2,0.768,6,74000,30,2763,65.4,1
R103093,12,21,577,13797,0.123,0.853,147.4,1,0.868,6,87000,30,3248,79.6,0
R103094,6,19,405,10999,0.305,0.752,117.6,1,0.831,5,85000,36,2644,59.3,1
R103095,10,25,550,8000,0.215,0.834,146.9,1,0.958,9,71000,24,3313,73.4,0
R103096,45,23,585,14573,0.253,0.834,147.0,1,0.841,41,82000,24,3827,79.8,0
R103097,11,24,447,9716,0.362,0.825,109.2,1,0.912,10,105000,30,3920,63.2,0
R103098,8,22,621,16216,0.245,0.757,108.2,2,0.788,6,82000,30,3061,68.4,0
R103099,3,23,447,9136,0.311,0.868,127.5,2,0.884,3,82000,12,7653,61.4,0
R103100,14,18,406,12461,0.353,0.899,127.7,1,0.865,10,89000,36,2769,65.5,1
R103101,6,25,678,18090,0.242,0.776,145.1,1,0.788,3,78000,30,2912,69.2,0
R103102,4,12,229,8000,0.321,0.657,87.0,4,0.691,3,88000,30,3285,49.1,0
R103103,13,27,458,14262,0.266,0.734,128.9,1,0.81,10,72000,12,6720,66.5,0
R103104,6,18,377,8000,0.388,0.896,117.8,1,0.772,5,73000,12,6813,57.2,0
R103105,18,24,611,16632,0.336,0.771,171.2,1,0.926,13,82000,24,3827,71.6,1
R103106,3,27,832,25545,0.162,0.85,137.7,0,0.958,2,104000,30,3883,78.3,1
R103107,15,25,646,18641,0.214,0.973,162.9,0,0.996,13,78000,24,3640,83.0,0
R103108,28,18,390,8000,0.434,0.711,109.1,2,0.803,24,72000,24,3360,61.9,0
R103109,14,21,525,16100,0.362,0.816,135.4,1,0.865,12,100000,30,3733,66.3,0
R103110,19,25,457,8000,0.389,0.729,104.1,3,0.706,13,72000,18,4480,62.1,1
R103111,7,23,645,20884,0.366,0.776,115.4,1,0.806,3,56000,12,5227,62.7,1
R103112,19,26,784,17264,0.25,0.835,159.3,0,0.913,14,67000,18,4169,82.6,1
R103113,14,26,628,14732,0.209,0.929,148.9,2,0.952,12,62000,24,2893,80.5,1
R103114,12,18,295,8000,0.462,0.633,74.0,3,0.68,10,64000,36,1991,47.4,0
R103115,23,27,596,15862,0.222,0.932,143.1,1,0.902,13,93000,36,2893,83.9,0
R103116,16,21,504,9790,0.361,0.751,129.5,1,0.859,15,53000,24,2473,65.2,0
R103117,6,20,458,9182,0.14,0.962,136.7,1,0.914,5,80000,30,2987,75.1,1
R103118,9,27,709,21665,0.205,0.881,123.3,1,0.883,7,64000,24,2987,77.3,0
R103119,26,21,488,8509,0.362,0.74,148.0,3,0.786,12,71000,36,2209,68.7,0
R103120,5,24,682,19569,0.273,0.916,169.1,1,0.863,3,65000,36,2022,71.8,1
R103121,5,25,518,14163,0.302,0.984,134.1,0,1.0,3,54000,36,1680,69.2,1
R103122,18,27,523,12764,0.106,0.771,156.7,2,0.742,11,80000,30,2987,79.6,1
R103123,8,24,492,16700,0.367,0.758,105.4,1,0.813,6,85000,30,3173,59.5,0
R103124,28,26,659,14227,0.331,0.762,96.6,2,0.765,24,69000,24,3220,75.0,1
R103125,16,26,765,22430,0.14,0.849,130.1,2,0.838,15,75000,18,4667,85.7,1
R103126,9,12,227,8000,0.332,0.722,117.5,2,0.734,7,86000,36,2676,53.3,0
R103127,14,25,462,12361,0.178,0.797,113.7,1,0.885,9,65000,18,4044,74.1,0
R103128,7,17,317,8000,0.291,0.868,143.8,1,0.878,4,56000,18,3484,61.5,0
R103129,31,27,613,15257,0.232,0.905,119.4,1,0.856,16,120000,36,3733,83.5,1
R103130,12,26,689,18509,0.214,0.839,139.1,1,0.922,6,63000,18,3920,78.1,0
R103131,9,25,652,18733,0.479,0.854,117.7,1,0.798,5,100000,18,6222,60.5,0
R103132,8,24,637,21042,0.305,0.823,121.8,3,0.813,4,109000,24,5087,67.5,1
R103133,6,24,598,13925,0.338,0.864,138.6,1,0.833,3,117000,30,4368,64.9,1
R103134,6,24,456,15240,0.306,0.747,100.7,1,0.754,4,72000,30,2688,59.7,0
R103135,7,13,255,10824,0.414,0.569,69.3,2,0.706,7,79000,24,3687,44.5,0
R103136,4,22,382,14442,0.273,0.79,119.4,1,0.864,2,68000,18,4231,60.1,1
R103137,9,15,250,8000,0.481,0.732,69.4,2,0.792,7,59000,24,2753,46.8,0
R103138,10,22,465,16270,0.311,0.766,119.1,1,0.868,9,84000,30,3136,63.5,0
R103139,14,17,418,8357,0.359,0.787,131.2,2,0.763,8,92000,24,4293,62.1,0
R103140,6,24,496,14236,0.192,0.737,132.3,1,0.848,4,88000,18,5476,67.5,0
R103141,6,25,526,14524,0.349,0.856,132.7,1,0.806,5,86000,24,4013,62.3,0
R103142,11,30,693,17394,0.213,0.979,145.8,0,0.91,6,83000,18,5164,80.5,1
R103143,9,23,569,19261,0.117,0.761,130.5,2,0.831,6,87000,24,4060,75.5,0
R103144,14,20,490,14383,0.476,0.73,82.2,1,0.873,7,93000,24,4340,57.0,0
R103145,3,11,259,8000,0.359,0.816,125.5,2,0.773,2,92000,24,4293,51.7,0
R103146,14,27,572,13903,0.279,0.782,160.4,1,0.851,8,65000,30,2427,70.8,0
R103147,10,22,519,19462,0.08,0.911,146.6,0,0.999,8,64000,30,2389,82.3,1
R103148,2,27,663,17295,0.267,0.881,150.1,0,0.966,1,67000,18,4169,69.6,1
R103149,9,27,649,24591,0.084,0.86,161.1,0,0.986,5,66000,24,3080,82.9,0
R103150,17,26,478,10847,0.382,0.853,127.7,1,0.921,16,75000,18,4667,67.4,0
R103151,11,17,331,13224,0.185,0.806,99.6,2,0.727,9,63000,24,2940,67.2,1
R103152,10,23,583,18825,0.351,0.802,128.8,1,0.758,9,62000,30,2315,63.9,0
R103153,7,29,825,20288,0.342,0.941,120.5,2,0.868,4,65000,24,3033,72.6,1
R103154,3,25,598,10015,0.255,0.845,152.8,1,0.867,2,86000,36,2676,67.3,0
R103155,11,16,429,8165,0.364,0.724,96.9,2,0.81,5,60000,36,1867,58.8,0
R103156,20,21,536,11597,0.23,0.959,115.5,1,0.908,16,59000,24,2753,81.0,0
R103157,26,25,511,10711,0.193,0.77,99.8,2,0.882,15,62000,30,2315,79.9,1
R103158,5,21,416,14637,0.234,0.753,124.1,2,0.888,3,69000,24,3220,63.3,1
R103159,12,24,745,19747,0.244,0.835,156.9,1,0.931,8,84000,30,3136,77.4,1
R103160,12,30,643,22199,0.32,0.838,153.6,1,0.918,6,59000,18,3671,71.0,1
R103161,8,25,600,15892,0.337,0.863,140.5,1,0.817,5,101000,12,9427,66.2,0
R103162,20,22,500,8000,0.287,0.694,109.9,2,0.729,14,103000,30,3845,68.8,1
R103163,12,30,710,15258,0.279,0.938,155.8,2,0.828,11,81000,24,3780,76.7,0
R103164,4,17,550,17512,0.339,0.906,114.6,1,0.832,2,64000,18,3982,63.7,0
R103165,10,26,620,17954,0.147,0.861,132.4,1,0.778,7,73000,24,3407,77.3,0
R103166,18,27,767,19984,0.171,0.781,144.3,2,0.778,14,89000,30,3323,82.9,1
R103167,5,19,427,11152,0.389,0.731,101.1,1,0.793,4,56000,18,3484,53.5,0
R103168,10,25,654,22080,0.275,0.894,116.8,2,0.748,5,83000,24,3873,72.4,1
R103169,11,29,641,17167,0.278,0.929,144.3,0,0.937,10,40000,18,2489,75.1,1
R103170,12,21,407,13534,0.389,0.845,113.0,1,0.811,11,75000,12,7000,60.8,0
R103171,16,25,644,18486,0.358,0.81,149.1,1,0.84,10,93000,24,4340,70.4,0
R103172,7,22,625,21369,0.21,0.801,129.7,1,0.805,6,85000,24,3967,71.4,0
R103173,29,30,668,19335,0.243,0.759,104.9,2,0.881,24,70000,24,3267,80.9,1
R103174,13,26,526,10234,0.189,0.891,117.3,0,0.993,11,85000,30,3173,77.9,0
R103175,34,26,507,14976,0.279,0.835,162.8,1,0.848,26,67000,24,3127,76.6,1
R103176,8,11,189,8000,0.507,0.656,99.7,2,0.704,5,87000,24,4060,40.7,0
R103177,15,28,717,20974,0.08,0.911,143.3,0,1.0,11,55000,18,3422,90.0,1
R103178,1,27,662,14436,0.271,0.831,142.7,1,0.931,1,96000,24,4480,67.2,1
R103179,30,15,402,19442,0.436,0.661,82.1,3,0.711,18,79000,12,7373,59.9,0
R103180,14,13,298,10702,0.546,0.555,72.7,3,0.617,13,96000,30,3584,41.5,0
R103181,8,16,446,10867,0.466,0.697,86.4,2,0.826,5,60000,30,2240,51.6,0
R103182,4,20,490,10683,0.136,0.675,117.0,4,0.751,3,40000,12,3733,65.9,1
R103183,14,16,355,9829,0.214,0.814,123.7,2,0.812,12,52000,30,1941,68.9,1
R103184,7,29,757,16658,0.219,0.923,161.5,0,0.944,4,74000,24,3453,78.8,1
R103185,19,21,573,15924,0.343,0.825,139.6,1,0.887,16,78000,24,3640,72.1,0
R103186,28,18,450,8551,0.274,0.771,145.2,1,0.846,25,64000,30,2389,73.8,0
R103187,12,21,607,15992,0.278,0.811,129.1,2,0.843,9,44000,24,2053,71.2,1
R103188,18,17,336,11491,0.312,0.48,80.5,2,0.731,12,66000,24,3080,56.6,0
R103189,9,25,772,18808,0.212,0.907,118.4,1,0.813,8,66000,36,2053,78.8,1
R103190,2,21,428,13018,0.188,0.794,147.4,1,0.875,1,49000,24,2287,64.6,0
R103191,14,21,535,17462,0.253,0.896,131.4,1,0.831,8,98000,36,3049,74.0,1
R103192,17,26,641,19462,0.174,0.923,141.7,0,0.925,16,60000,24,2800,83.9,1
R103193,9,22,459,12845,0.378,0.726,106.4,2,0.8,9,68000,24,3173,57.6,0
R103194,3,22,412,8942,0.457,0.737,117.3,2,0.734,2,104000,36,3236,48.2,0
R103195,7,17,253,10591,0.413,0.568,91.5,4,0.637,6,71000,36,2209,44.0,1
R103196,14,19,484,13986,0.205,0.839,137.7,1,0.857,12,84000,30,3136,73.8,1
R103197,9,20,421,12985,0.238,0.917,161.7,1,0.87,8,73000,24,3407,69.4,0
R103198,10,29,783,20219,0.328,0.944,149.8,0,0.938,5,63000,36,1960,75.5,0
R103199,25,30,785,24882,0.13,0.952,156.7,0,0.955,19,62000,24,2893,95.3,1
R103200,14,23,685,16633,0.275,0.825,143.1,1,0.87,10,90000,30,3360,74.7,0
R103201,33,24,535,12243,0.153,0.815,115.7,0,0.993,30,91000,30,3397,84.8,1
R103202,4,17,297,13229,0.184,0.747,111.8,1,0.837,3,97000,18,6036,61.4,0
R103203,3,28,618,14453,0.205,0.795,139.1,0,0.92,3,51000,36,1587,70.0,1
R103204,16,14,177,8183,0.401,0.564,55.5,2,0.738,10,41000,36,1276,49.0,0
R103205,21,30,816,27234,0.123,0.931,159.7,2,0.974,15,83000,24,3873,93.8,1
R103206,16,26,680,13839,0.11,0.892,130.0,0,1.0,10,52000,30,1941,87.5,1
R103207,37,21,484,17088,0.17,0.865,175.7,2,0.904,26,59000,24,2753,83.0,0
R103208,26,18,412,14935,0.236,0.801,146.4,1,0.873,14,64000,30,2389,75.8,0
R103209,22,19,397,9436,0.319,0.629,97.7,2,0.813,12,51000,24,2380,65.0,1
R103210,7,23,438,13330,0.35,0.887,170.5,1,0.874,5,86000,24,4013,61.7,1
R103211,6,23,571,14027,0.306,0.89,154.9,1,0.91,4,58000,18,3609,67.5,1
R103212,23,22,536,17273,0.285,0.824,133.8,2,0.818,11,102000,18,6347,75.5,1
R103213,10,29,698,17125,0.13,0.86,151.4,0,0.923,5,74000,36,2302,81.5,1
R103214,19,28,769,20247,0.103,0.997,150.5,0,0.941,15,89000,30,3323,94.2,1
R103215,10,22,536,18432,0.337,0.769,116.9,2,0.819,8,77000,24,3593,63.3,1
R103216,3,26,647,15674,0.431,0.822,138.2,1,0.896,1,66000,24,3080,58.9,1
R103217,24,23,596,23114,0.177,0.95,184.9,0,0.989,14,86000,30,3211,88.3,1
R103218,16,19,399,10453,0.281,0.57,102.1,2,0.701,14,72000,24,3360,60.9,0
R103219,8,27,647,17751,0.273,0.876,169.3,0,0.921,4,89000,18,5538,71.8,1
R103220,2,29,904,24622,0.307,0.872,146.5,2,0.832,1,76000,24,3547,69.3,1
R103221,32,20,404,11570,0.26,0.892,132.2,1,0.872,23,86000,24,4013,76.6,0
R103222,19,20,378,9909,0.254,0.857,160.5,1,0.845,16,66000,18,4107,71.9,0
R103223,17,21,527,10492,0.194,0.92,166.8,2,0.804,13,102000,18,6347,78.9,1
R103224,19,21,444,14889,0.264,0.836,96.2,1,0.801,17,40000,36,1244,72.5,0
R103225,4,24,517,15839,0.286,0.819,133.7,1,0.942,3,95000,24,4433,64.7,0
R103226,26,26,533,22274,0.17,0.752,158.7,0,0.915,15,56000,30,2091,81.5,1
R103227,1,16,347,8000,0.303,0.679,119.0,1,0.891,1,103000,30,3845,53.4,0
R103228,6,27,900,21947,0.217,0.88,126.5,1,0.859,5,70000,24,3267,77.3,1
R103229,7,25,595,13223,0.299,0.805,161.6,0,0.905,5,95000,24,4433,67.0,0
R103230,7,28,885,25599,0.153,0.916,159.1,0,1.0,5,69000,36,2147,83.4,0
R103231,10,27,634,20358,0.185,0.982,150.2,0,1.0,7,92000,30,3435,81.3,0
R103232,18,24,609,17005,0.216,0.944,163.0,0,0.912,15,97000,18,6036,82.1,1
R103233,4,23,450,13281,0.382,0.914,132.9,1,0.888,3,85000,30,3173,59.8,0
R103234,3,23,552,17217,0.317,0.882,91.4,1,0.877,2,82000,30,3061,64.2,1
R103235,20,18,284,10269,0.374,0.656,133.4,3,0.682,10,71000,24,3313,57.6,0
R103236,9,23,603,22196,0.307,0.737,124.0,1,0.819,8,77000,30,2875,65.1,1
R103237,7,23,533,10283,0.171,0.903,151.7,2,0.851,6,92000,30,3435,73.8,1
R103238,28,20,423,8000,0.215,0.848,158.9,1,0.922,24,86000,24,4013,78.9,0
R103239,19,20,380,10172,0.417,0.8,101.0,1,0.841,12,83000,30,3099,62.1,0
R103240,6,26,528,15180,0.32,0.873,89.3,4,0.739,4,52000,30,1941,63.8,0
R103241,1,22,621,15775,0.199,0.769,151.2,1,0.906,1,90000,24,4200,68.4,1
R103242,13,22,421,10117,0.346,0.727,139.1,1,0.819,9,43000,24,2007,60.8,0
R103243,6,23,505,11382,0.333,0.665,103.3,2,0.778,5,65000,30,2427,57.8,0
R103244,19,30,896,23729,0.099,0.785,163.9,0,0.995,17,85000,24,3967,90.3,0
R103245,20,22,411,13388,0.201,0.785,120.1,2,0.781,12,92000,18,5724,73.6,1
R103246,10,19,379,8000,0.183,0.804,124.0,1,0.897,9,94000,36,2924,69.5,1
R103247,8,27,499,16189,0.151,0.85,143.3,1,0.857,6,106000,36,3298,73.3,1
R103248,10,18,314,8000,0.279,0.758,96.3,1,0.831,6,77000,18,4791,61.2,0
R103249,9,23,448,11653,0.333,0.778,118.0,1,0.85,9,69000,36,2147,61.6,1
R103250,15,24,601,14913,0.219,0.853,131.7,1,0.823,8,72000,30,2688,76.6,1
R103251,11,24,564,10773,0.109,1.0,168.0,1,0.916,6,83000,24,3873,83.5,1
R103252,15,19,373,12861,0.378,0.735,115.4,1,0.776,14,67000,18,4169,59.3,0
R103253,10,27,645,19748,0.216,0.849,139.5,0,0.946,8,80000,36,2489,75.7,1
R103254,6,25,585,15546,0.352,0.739,107.7,1,0.872,3,58000,24,2707,61.5,0
R103255,12,26,710,21012,0.201,0.822,152.5,0,1.0,11,120000,36,3733,79.6,0
R103256,7,20,356,8999,0.598,0.693,96.9,2,0.847,5,75000,24,3500,41.9,0
R103257,24,19,435,10556,0.253,0.834,117.8,1,0.854,22,97000,12,9053,76.2,1
R103258,14,20,408,11755,0.272,0.732,98.5,1,0.786,12,61000,30,2277,65.2,1
R103259,7,24,592,17220,0.217,1.0,155.4,0,0.923,6,61000,18,3796,76.1,1
R103260,15,17,292,9722,0.371,0.683,98.7,2,0.785,8,77000,24,3593,56.2,0
R103261,15,30,767,21027,0.218,0.989,150.2,0,0.932,8,47000,36,1462,85.3,1
R103262,13,19,452,15923,0.253,0.787,145.8,2,0.853,12,78000,36,2427,68.6,0
R103263,7,27,609,17921,0.335,0.75,150.9,1,0.827,5,69000,24,3220,63.5,0
R103264,19,22,536,20649,0.379,0.839,110.6,2,0.816,12,111000,12,10360,68.7,0
R103265,19,16,267,8000,0.369,0.686,110.6,2,0.73,10,68000,18,4231,57.8,0
R103266,6,19,412,8000,0.335,0.737,92.8,1,0.84,4,66000,24,3080,57.6,1
R103267,5,24,693,20671,0.318,0.72,148.1,1,0.855,4,86000,36,2676,64.2,1
R103268,8,23,719,27810,0.473,0.546,94.2,3,0.64,7,65000,36,2022,52.4,0
R103269,16,17,273,8000,0.133,0.93,136.4,1,0.966,11,80000,24,3733,77.0,1
R103270,8,20,417,9421,0.225,0.923,147.2,1,0.934,4,81000,24,3780,70.1,0
R103271,15,25,715,15349,0.132,0.897,154.7,0,1.0,12,90000,18,5600,86.9,1
R103272,19,19,352,11597,0.344,0.717,90.2,2,0.769,11,77000,18,4791,62.4,0
R103273,4,24,562,13895,0.313,0.755,129.0,1,0.871,2,75000,18,4667,61.7,0
R103274,18,25,683,21252,0.209,0.739,103.2,1,0.866,10,74000,18,4604,78.9,1
R103275,10,18,378,8000,0.253,0.805,129.1,2,0.855,5,44000,24,2053,65.4,1
R103276,33,25,605,15343,0.322,0.999,138.1,1,0.873,26,105000,18,6533,81.1,1
R103277,10,17,264,8000,0.412,0.734,92.7,2,0.739,9,54000,30,2016,51.1,0
R103278,7,24,600,18878,0.274,0.791,102.7,1,0.902,6,64000,30,2389,68.0,0
R103279,14,17,260,8000,0.351,0.685,108.5,2,0.773,13,68000,36,2116,55.8,0
R103280,15,9,153,8000,0.474,0.598,80.1,3,0.658,13,97000,30,3621,43.7,0
R103281,37,24,529,13409,0.253,0.958,152.9,0,0.912,18,74000,30,2763,82.2,1
R103282,9,22,369,12518,0.242,0.793,114.0,1,0.841,5,86000,30,3211,64.5,0
R103283,10,27,959,21948,0.171,0.924,163.3,1,0.904,6,64000,12,5973,83.5,0
R103284,8,25,756,18106,0.207,0.882,143.2,0,0.929,6,53000,30,1979,78.5,1
R103285,13,19,371,9456,0.41,0.848,116.0,1,0.906,11,59000,30,2203,60.1,0
R103286,10,24,593,14484,0.181,0.865,153.5,0,0.911,5,87000,12,8120,76.4,0
R103287,10,26,520,17684,0.301,0.791,111.3,1,0.813,6,78000,36,2427,65.5,0
R103288,27,27,562,16322,0.315,0.703,107.0,2,0.828,24,76000,18,4729,72.5,0
R103289,8,25,703,14508,0.172,0.819,119.3,2,0.856,7,120000,30,4480,76.6,0
R103290,14,25,547,19386,0.312,0.813,139.7,1,0.893,13,102000,24,4760,69.5,1
R103291,26,21,561,15280,0.212,0.736,139.5,1,0.92,21,76000,36,2364,79.7,1
R103292,9,24,605,11542,0.403,0.7,130.5,2,0.801,8,53000,30,1979,59.2,0
R103293,10,15,298,9478,0.357,0.584,107.8,2,0.733,5,105000,30,3920,51.1,0
R103294,10,20,316,8098,0.243,0.889,137.5,1,0.856,5,89000,24,4153,66.7,0
R103295,5,27,622,20996,0.273,0.862,115.1,1,0.878,4,43000,24,2007,68.8,1
R103296,9,23,491,9371,0.276,0.956,121.0,1,0.909,4,69000,24,3220,70.8,0
R103297,5,29,684,22883,0.114,0.879,138.4,0,0.926,2,68000,24,3173,79.5,1
R103298,32,27,809,25060,0.14,0.912,170.4,2,0.834,22,81000,36,2520,93.0,1
R103299,8,13,182,8000,0.421,0.545,101.0,2,0.674,5,80000,30,2987,42.2,0
R103300,19,21,587,19248,0.399,0.763,128.5,1,0.834,16,76000,30,2837,67.2,1
R103301,12,16,308,10415,0.26,0.679,130.1,2,0.744,11,58000,30,2165,60.4,0
R103302,6,21,441,16879,0.227,0.584,102.7,2,0.791,6,92000,36,2862,59.7,0
R103303,9,20,480,16597,0.353,0.759,118.1,1,0.834,9,61000,18,3796,60.7,0
R103304,7,22,571,14877,0.276,0.967,155.4,0,0.924,5,90000,24,4200,72.0,1
R103305,7,11,264,10338,0.445,0.685,66.1,3,0.72,3,54000,18,3360,45.9,0
R103306,8,30,792,24939,0.209,0.849,139.5,0,0.96,5,52000,18,3236,78.6,1
R103307,14,18,423,12242,0.388,0.606,111.9,3,0.761,9,42000,24,1960,55.7,0
R103308,15,22,539,19191,0.409,0.827,144.4,1,0.815,9,71000,18,4418,64.1,1
R103309,14,21,381,9041,0.302,0.682,107.9,2,0.8,13,101000,36,3142,61.8,1
R103310,14,21,562,13946,0.321,0.779,141.3,2,0.855,8,99000,24,4620,68.0,1
R103311,14,16,371,8000,0.433,0.812,92.3,1,0.845,12,76000,24,3547,58.5,0
R103312,8,20,451,11402,0.336,0.819,130.0,1,0.769,7,100000,36,3111,60.7,0
R103313,16,18,351,16349,0.305,0.658,140.9,1,0.771,15,58000,18,3609,61.2,1
R103314,6,20,489,13842,0.274,0.819,96.2,3,0.749,4,67000,18,4169,64.0,0
R103315,8,20,499,14535,0.186,0.765,99.0,1,0.853,7,44000,18,2738,69.5,0
R103316,3,21,517,10582,0.08,0.897,161.6,0,0.997,2,93000,12,8680,77.1,1
R103317,6,17,426,10171,0.355,0.874,142.9,1,0.73,3,56000,30,2091,59.0,1
R103318,14,24,676,20608,0.218,0.795,85.4,1,0.956,11,64000,36,1991,78.0,0
R103319,15,28,646,18486,0.205,0.882,153.7,1,0.865,12,76000,30,2837,79.8,1
R103320,22,28,711,20181,0.148,0.829,141.5,0,0.955,19,70000,24,3267,87.9,1
R103321,6,21,462,14845,0.301,0.782,108.2,2,0.833,3,56000,36,1742,61.6,0
R103322,6,26,576,18812,0.365,0.821,101.9,1,0.823,5,64000,30,2389,62.2,1
R103323,5,18,402,11094,0.3,0.632,111.3,2,0.788,2,40000,30,1493,55.3,0
R103324,15,28,686,23405,0.336,0.855,140.3,1,0.894,11,70000,30,2613,73.1,1
R103325,6,16,328,15417,0.373,0.748,89.6,3,0.705,4,61000,18,3796,52.0,1
R103326,21,24,575,14222,0.2,0.957,184.2,1,0.875,17,89000,24,4153,84.0,1
R103327,8,24,499,20111,0.36,0.804,151.3,2,0.802,6,64000,24,2987,60.7,0
R103328,11,27,957,29723,0.264,0.966,166.4,1,0.967,9,73000,18,4542,80.8,1
R103329,12,24,439,11912,0.336,0.765,116.4,1,0.916,7,72000,18,4480,63.5,0
R103330,21,17,426,16180,0.483,0.752,111.0,1,0.812,15,97000,24,4527,59.6,0
R103331,27,26,707,19497,0.317,0.782,132.2,2,0.826,16,80000,24,3733,78.0,0
R103332,13,26,657,24137,0.245,0.774,157.2,0,0.871,6,74000,24,3453,74.1,1
R103333,17,19,466,14738,0.383,0.707,95.3,1,0.846,11,75000,36,2333,62.2,0
R103334,6,28,804,23379,0.134,0.919,143.0,0,0.958,5,64000,36,1991,83.4,1
R103335,26,28,735,20375,0.242,0.908,145.2,0,0.909,21,82000,24,3827,86.6,1
R103336,17,23,757,27022,0.358,0.98,145.8,0,0.919,12,72000,30,2688,78.6,1
R103337,43,23,658,19227,0.18,0.906,136.2,0,0.961,39,50000,24,2333,88.4,1
R103338,11,25,769,22499,0.252,0.948,154.5,0,0.939,11,81000,30,3024,80.2,1
R103339,6,14,355,16795,0.277,0.812,97.0,2,0.819,3,75000,30,2800,61.0,0
R103340,9,18,359,8640,0.323,0.727,92.8,2,0.737,8,76000,24,3547,57.3,0
R103341,21,28,628,16378,0.179,0.855,124.0,0,0.969,14,91000,30,3397,84.6,1
R103342,26,22,491,15958,0.437,0.714,126.3,1,0.846,24,95000,24,4433,64.8,0
R103343,32,20,498,10782,0.391,0.698,75.2,3,0.705,25,89000,24,4153,65.6,0
R103344,7,25,666,23254,0.255,0.939,103.3,2,0.824,3,58000,36,1804,73.4,1
R103345,4,21,496,12355,0.29,0.823,106.1,1,0.759,3,62000,24,2893,62.1,0
R103346,10,16,318,8000,0.305,0.726,90.6,2,0.807,8,62000,24,2893,58.8,0
R103347,6,19,241,8000,0.362,0.712,100.4,2,0.727,5,57000,24,2660,49.9,0
R103348,19,27,770,17664,0.194,0.856,126.5,1,0.89,17,65000,18,4044,85.5,0
R103349,10,28,782,17844,0.216,0.864,162.9,0,0.919,8,68000,36,2116,79.4,1
R103350,9,23,613,14623,0.301,0.831,137.0,1,0.875,4,88000,24,4107,68.9,0
R103351,9,26,613,13161,0.237,0.881,143.3,2,0.807,8,92000,24,4293,72.9,1
R103352,9,23,532,18825,0.2,0.833,119.6,1,0.894,6,101000,24,4713,72.1,1
R103353,4,23,431,10858,0.256,0.852,175.1,2,0.88,2,77000,36,2396,64.2,0
R103354,6,15,289,8828,0.359,0.561,57.0,4,0.657,4,67000,24,3127,47.0,0
R103355,17,18,402,11287,0.241,0.746,84.0,2,0.713,10,112000,18,6969,67.9,0
R103356,5,26,549,14660,0.277,0.815,142.5,1,0.886,5,96000,36,2987,65.9,1
R103357,16,23,503,18423,0.08,0.846,130.8,0,0.961,13,117000,12,10920,83.6,1
R103358,12,23,663,19834,0.283,0.991,125.9,2,0.87,8,64000,24,2987,76.9,0
R103359,21,22,479,13530,0.4,0.68,126.1,2,0.759,12,87000,36,2707,62.8,1
R103360,11,23,657,15010,0.432,0.856,131.3,1,0.827,8,86000,12,8027,64.6,1
R103361,6,18,339,11643,0.26,0.654,108.1,2,0.709,4,92000,24,4293,56.5,0
R103362,6,26,532,17375,0.163,0.962,144.9,0,0.992,4,67000,36,2084,76.8,0
R103363,3,23,499,18264,0.24,0.84,111.1,1,0.764,2,57000,24,2660,64.7,1
R103364,7,20,481,15674,0.338,0.681,132.2,1,0.838,3,69000,24,3220,58.1,1
R103365,10,24,749,16319,0.17,0.853,115.1,3,0.738,7,62000,18,3858,78.7,1
R103366,22,19,432,11990,0.439,0.729,128.8,1,0.883,10,58000,36,1804,63.0,1
R103367,17,18,389,16045,0.286,0.652,98.6,2,0.733,15,76000,24,3547,63.1,1
R103368,9,18,426,13522,0.241,0.948,129.2,0,0.959,4,81000,12,7560,71.1,0
R103369,6,21,466,18245,0.34,0.736,117.8,1,0.795,5,56000,30,2091,57.8,0
R103370,15,27,507,13774,0.24,0.864,144.6,0,0.953,12,78000,30,2912,74.7,1
R103371,7,22,581,13071,0.262,0.845,133.8,2,0.848,5,53000,30,1979,69.0,1
R103372,6,27,717,18352,0.12,1.0,142.1,2,0.848,3,53000,24,2473,82.8,1
R103373,15,25,631,16176,0.276,0.76,107.5,1,0.772,8,80000,24,3733,71.5,1
R103374,6,21,591,18862,0.186,0.739,140.3,1,0.806,3,72000,30,2688,69.6,0
R103375,18,21,474,13991,0.229,0.854,161.8,0,0.882,18,90000,24,4200,75.7,1
R103376,3,25,576,17610,0.303,0.846,130.2,2,0.856,3,86000,30,3211,64.5,0
R103377,6,28,621,20332,0.181,0.95,160.3,1,0.896,4,88000,30,3285,76.7,0
R103378,6,22,426,12538,0.27,0.7,119.6,1,0.866,3,83000,30,3099,60.5,1
R103379,18,21,502,8584,0.195,0.919,114.0,2,0.896,11,93000,36,2893,79.4,1
R103380,11,23,561,12876,0.468,0.837,135.8,1,0.769,10,107000,18,6658,59.0,0
R103381,17,22,508,12887,0.31,0.77,128.9,1,0.869,14,56000,30,2091,69.3,0
R103382,5,21,472,10419,0.158,0.839,139.7,2,0.841,4,72000,36,2240,70.3,1
R103383,17,25,625,24436,0.153,0.902,140.9,0,0.946,9,58000,24,2707,84.4,0
R103384,16,17,361,16416,0.362,0.739,125.2,1,0.798,11,64000,24,2987,60.6,1
R103385,6,21,426,11481,0.229,0.684,98.8,2,0.758,3,53000,30,1979,61.4,0
R103386,7,25,687,18880,0.172,0.997,142.5,1,0.845,6,98000,24,4573,79.8,1
R103387,7,19,347,10149,0.404,0.753,119.7,2,0.737,5,62000,36,1929,52.0,0
R103388,29,25,706,13495,0.29,0.853,172.5,1,0.905,14,99000,36,3080,82.0,1
R103389,10,17,369,10084,0.34,0.731,110.7,1,0.758,5,70000,24,3267,57.9,0
R103390,5,20,489,8680,0.251,0.946,166.5,1,0.83,3,90000,30,3360,68.1,1
R103391,6,28,697,14165,0.379,0.842,147.1,1,0.869,4,84000,24,3920,65.4,1
R103392,39,26,742,20190,0.108,0.865,162.1,0,0.959,31,40000,18,2489,93.3,1
R103393,12,19,400,10874,0.205,0.826,146.7,1,0.854,11,64000,36,1991,70.1,0
R103394,10,23,481,13599,0.448,0.737,137.5,1,0.801,8,40000,24,1867,55.1,1
R103395,3,23,500,15926,0.192,0.85,148.5,0,0.926,2,71000,24,3313,69.2,1
R103396,6,25,589,17528,0.281,0.951,108.5,1,0.868,4,100000,36,3111,70.2,1
R103397,21,29,889,29647,0.235,0.799,120.5,0,0.891,16,74000,36,2302,84.1,0
R103398,12,23,457,8828,0.452,0.936,120.3,1,0.811,6,72000,18,4480,61.0,0
R103399,6,29,744,22900,0.171,0.83,158.1,0,0.974,3,95000,24,4433,78.0,0
R103400,37,26,746,16227,0.317,0.865,135.1,1,0.901,29,40000,36,1244,81.8,1
R103401,12,25,655,16110,0.198,0.826,141.1,1,0.753,8,42000,30,1568,75.9,1
R103402,42,28,652,25674,0.216,0.907,165.7,0,0.899,35,76000,24,3547,85.8,0
R103403,5,23,640,14008,0.31,0.824,143.6,0,0.992,3,52000,24,2427,67.6,1
R103404,4,17,413,14037,0.313,0.854,135.6,1,0.898,3,66000,18,4107,60.9,0
R103405,10,18,444,12278,0.349,0.788,112.2,2,0.848,8,77000,18,4791,61.6,0
R103406,3,18,391,12262,0.404,0.798,101.7,2,0.732,2,87000,24,4060,52.1,0
R103407,8,24,503,13180,0.254,0.708,122.0,1,0.867,7,98000,24,4573,64.9,0
R103408,15,24,469,9581,0.386,0.686,91.3,1,0.784,13,88000,24,4107,60.2,0
R103409,14,19,456,14307,0.406,0.947,107.9,1,0.82,13,72000,18,4480,65.0,1
R103410,12,27,558,14436,0.211,0.851,131.9,1,0.881,6,59000,24,2753,74.6,1
R103411,6,23,476,13567,0.317,0.934,153.3,0,0.899,3,111000,30,4144,65.5,1
R103412,19,23,593,15619,0.223,0.937,144.0,0,0.917,17,89000,24,4153,81.6,1
R103413,10,17,390,11043,0.33,0.787,111.6,2,0.789,8,59000,30,2203,60.1,0
R103414,2,19,301,8000,0.202,0.756,118.4,2,0.655,2,108000,24,5040,57.6,0
R103415,5,23,538,13005,0.141,0.918,153.8,0,0.852,2,67000,30,2501,75.1,0
R103416,5,26,611,20836,0.286,0.797,122.1,1,0.851,3,89000,24,4153,66.3,0
R103417,21,13,194,8000,0.512,0.518,71.2,3,0.649,10,83000,36,2582,44.5,0
R103418,5,24,525,10719,0.258,0.846,108.7,1,0.869,5,65000,12,6067,66.9,1
R103419,14,23,676,19629,0.133,1.0,167.2,0,0.964,12,40000,18,2489,87.4,1
R103420,3,25,552,23874,0.257,0.863,109.9,1,0.837,1,61000,24,2847,66.0,1
R103421,15,24,659,21558,0.385,0.726,159.6,1,0.95,11,104000,18,6471,67.5,0
R103422,3,15,230,8000,0.523,0.655,84.5,4,0.653,2,74000,12,6907,37.4,1
R103423,20,21,488,14742,0.271,0.836,121.7,1,0.853,16,103000,36,3204,74.2,0
R103424,10,15,353,10660,0.417,0.631,74.6,3,0.711,5,66000,30,2464,49.9,0
R103425,17,25,604,14955,0.092,0.774,143.7,2,0.873,9,81000,24,3780,83.3,0
R103426,9,30,686,22769,0.123,0.874,149.2,2,0.897,7,85000,36,2644,81.4,1
R103427,7,21,560,21309,0.154,0.908,137.3,0,0.934,5,82000,12,7653,76.4,1
R103428,3,20,444,11103,0.276,0.761,113.8,1,0.816,2,75000,18,4667,59.9,0
R103429,2,16,248,8604,0.455,0.814,104.1,5,0.709,1,71000,36,2209,45.3,1
R103430,7,13,280,8000,0.353,0.584,87.4,2,0.735,4,40000,30,1493,48.7,1
R103431,11,19,377,8000,0.163,0.847,139.1,2,0.879,6,94000,18,5849,71.6,0
R103432,4,23,483,16837,0.179,0.804,165.1,0,0.921,2,115000,30,4293,68.9,1
R103433,32,24,594,19822,0.193,0.792,137.2,1,0.82,15,80000,12,7467,81.9,1
R103434,23,23,611,19288,0.353,0.625,85.8,3,0.743,21,80000,18,4978,68.5,1
R103435,9,29,605,11549,0.196,0.8,178.7,1,1.0,9,77000,24,3593,74.9,1
R103436,25,19,420,10199,0.322,0.829,121.1,1,0.81,18,40000,18,2489,71.6,1
R103437,10,24,530,11979,0.217,0.747,135.6,2,0.814,7,66000,18,4107,68.9,0
R103438,4,20,498,12109,0.377,0.745,125.8,2,0.841,4,75000,24,3500,56.6,0
R103439,9,22,606,13892,0.226,0.795,119.6,2,0.837,8,88000,18,5476,71.1,0
R103440,16,21,567,12510,0.355,0.731,125.5,1,0.846,8,54000,18,3360,66.4,0
R103441,6,27,599,14354,0.235,0.752,136.1,2,0.786,4,69000,30,2576,67.3,0
R103442,28,26,601,11849,0.145,0.865,129.0,0,0.908,26,46000,24,2147,87.3,1
R103443,7,16,271,8000,0.397,0.777,82.5,1,0.779,5,97000,24,4527,51.9,0
R103444,17,26,676,21631,0.303,0.885,145.9,1,0.897,12,75000,30,2800,77.1,0
R103445,9,27,648,20771,0.323,0.799,159.3,2,0.895,5,102000,18,6347,68.0,0
R103446,6,29,811,26559,0.264,1.0,154.0,0,0.966,4,55000,24,2567,78.5,1
R103447,4,19,352,10322,0.145,0.801,121.2,2,0.83,3,81000,24,3780,66.2,0
R103448,19,18,407,8000,0.427,0.732,94.3,3,0.704,11,71000,18,4418,58.8,0
R103449,13,16,255,8000,0.425,0.635,99.3,3,0.737,7,77000,18,4791,49.6,0
R103450,6,30,823,22695,0.144,0.936,153.8,0,0.994,3,58000,24,2707,83.9,1
R103451,19,25,541,12881,0.198,0.756,121.8,1,0.872,12,70000,30,2613,76.7,0
R103452,7,26,615,25249,0.238,0.695,97.8,1,0.791,4,89000,24,4153,66.4,0
R103453,13,17,390,10101,0.38,0.683,82.6,3,0.698,8,85000,24,3967,55.9,0
R103454,14,25,619,15097,0.282,0.82,149.3,0,0.968,7,56000,18,3484,73.7,1
R103455,34,19,371,12053,0.324,0.766,137.1,1,0.772,22,98000,30,3659,68.3,0
R103456,33,26,778,17305,0.125,0.837,99.0,1,0.854,26,87000,18,5413,91.5,1
R103457,7,24,621,18568,0.302,0.697,101.3,1,0.795,4,81000,36,2520,63.4,0
R103458,6,26,725,24370,0.108,0.916,159.2,0,0.991,4,40000,30,1493,82.9,0
R103459,12,26,369,8953,0.358,0.962,139.4,0,0.981,9,80000,24,3733,65.8,1
R103460,20,26,692,15628,0.295,0.756,153.6,0,0.982,13,60000,24,2800,77.3,1
R103461,2,15,232,8000,0.406,0.784,96.7,2,0.76,2,71000,18,4418,47.2,0
R103462,29,21,563,13869,0.179,0.838,109.2,1,0.89,13,63000,24,2940,83.7,1
R103463,8,22,481,18827,0.337,0.726,138.2,1,0.896,7,40000,24,1867,60.4,1
R103464,20,22,458,13539,0.295,0.766,108.5,1,0.87,11,88000,24,4107,70.3,1
R103465,8,21,422,12882,0.245,0.792,130.6,1,0.844,7,78000,24,3640,65.0,0
R103466,27,21,481,17497,0.274,0.795,135.1,1,0.883,20,70000,24,3267,75.5,0
R103467,8,14,259,11465,0.186,0.812,134.3,2,0.792,4,92000,36,2862,63.9,1
R103468,16,21,432,10643,0.334,0.716,103.4,1,0.808,14,77000,12,7187,63.7,0
R103469,11,17,386,8000,0.27,0.649,113.5,1,0.816,9,61000,36,1898,60.7,0
R103470,4,24,515,12665,0.26,0.752,128.3,1,0.9,2,103000,24,4807,63.8,0
R103471,7,21,439,9776,0.255,0.717,119.7,2,0.812,7,91000,24,4247,62.5,1
R103472,2,27,782,26516,0.2,0.824,129.4,0,0.914,1,72000,24,3360,74.1,0
R103473,7,15,269,9516,0.359,0.688,85.2,2,0.77,5,71000,36,2209,51.1,0
R103474,14,30,860,23800,0.228,0.831,138.5,0,0.993,13,96000,36,2987,81.4,1
R103475,26,24,512,21550,0.354,0.783,92.6,2,0.707,16,70000,36,2178,70.0,0
R103476,10,23,606,17427,0.08,0.829,140.1,1,0.795,5,95000,12,8867,80.3,0
R103477,41,25,538,14834,0.205,0.853,124.6,1,0.894,26,57000,24,2660,82.1,0
R103478,22,25,555,13761,0.202,0.871,138.0,0,0.974,18,97000,24,4527,82.4,1
R103479,6,26,601,20600,0.25,0.931,156.0,2,0.896,4,73000,24,3407,71.9,0
R103480,11,26,706,19041,0.378,0.8,132.0,1,0.897,8,86000,36,2676,67.7,1
R103481,15,16,515,15901,0.242,0.782,129.6,1,0.782,15,74000,30,2763,71.3,1
R103482,8,17,328,8000,0.225,0.764,115.7,1,0.827,4,55000,18,3422,62.9,1
R103483,13,25,597,22757,0.309,0.836,135.6,1,0.906,10,88000,18,5476,71.2,1
R103484,7,28,535,17714,0.211,0.942,164.4,0,0.931,4,70000,24,3267,73.7,0
R103485,11,26,878,23877,0.268,0.959,145.3,0,0.972,9,43000,18,2676,80.4,1
R103486,24,17,355,11365,0.122,0.847,128.4,1,0.799,19,64000,18,3982,80.8,0
R103487,7,27,693,25378,0.154,0.904,131.3,0,1.0,4,56000,12,5227,80.7,0
R103488,3,30,696,23961,0.262,0.863,125.2,1,0.875,2,103000,24,4807,70.1,0
R103489,34,14,317,13812,0.261,0.778,101.5,1,0.767,25,81000,24,3780,70.5,1
R103490,19,27,686,17215,0.33,0.84,120.6,0,0.885,9,90000,12,8400,75.6,0
R103491,15,23,351,10895,0.312,0.601,113.8,4,0.716,12,91000,24,4247,58.1,0
R103492,28,29,587,19753,0.32,0.935,142.2,0,0.985,15,53000,36,1649,80.3,1
R103493,20,26,609,18643,0.153,1.0,152.5,1,0.94,18,88000,24,4107,88.1,1
R103494,8,29,718,21274,0.218,0.955,166.5,2,0.823,6,72000,36,2240,77.7,1
R103495,34,23,608,22554,0.186,0.765,157.7,1,0.837,21,50000,24,2333,82.1,0
R103496,14,20,414,10301,0.338,0.699,98.1,2,0.741,8,82000,30,3061,60.1,0
R103497,18,19,393,8000,0.468,0.774,104.1,2,0.759,10,75000,24,3500,57.4,0
R103498,2,23,539,18121,0.218,0.813,111.4,1,0.817,2,103000,24,4807,66.2,0
R103499,5,21,501,14901,0.245,0.858,108.7,1,0.871,3,50000,18,3111,67.0,1
R103500,4,20,507,12508,0.399,0.987,134.2,1,0.871,2,101000,24,4713,61.7,0
R103501,4,27,694,19072,0.227,0.909,123.2,2,0.824,3,68000,24,3173,72.9,1
R103502,16,19,388,8051,0.371,0.765,125.5,1,0.884,8,86000,30,3211,62.2,1
R103503,6,16,340,8000,0.252,0.858,134.2,1,0.855,5,57000,36,1773,63.0,0
R103504,13,30,657,20241,0.138,0.832,121.1,1,0.935,7,120000,18,7467,81.7,1
R103505,19,18,484,12929,0.409,0.703,93.7,3,0.816,9,79000,12,7373,62.6,0
R103506,7,23,614,25529,0.419,0.91,144.4,3,0.847,4,59000,36,1836,62.9,0
R103507,6,24,603,16001,0.29,0.963,154.6,0,0.947,4,70000,30,2613,71.0,0
R103508,2,25,579,12452,0.245,0.925,160.0,0,0.977,2,49000,24,2287,70.2,0
R103509,23,20,490,17771,0.236,0.8,116.2,1,0.9,11,81000,18,5040,77.4,0
R103510,7,29,697,17154,0.244,0.991,129.4,1,0.888,5,54000,36,1680,76.7,1
R103511,29,24,621,9924,0.292,0.804,143.1,0,0.905,18,71000,18,4418,78.5,0
R103512,15,19,392,9627,0.188,0.82,148.2,1,0.874,7,58000,30,2165,72.5,0
R103513,25,13,342,8000,0.123,0.73,146.6,2,0.772,24,98000,18,6098,77.3,0
R103514,3,28,746,15874,0.11,0.891,128.5,1,0.92,2,104000,36,3236,80.7,1
R103515,17,23,645,17286,0.17,0.866,144.8,1,0.902,14,75000,24,3500,82.8,1
R103516,18,18,311,11708,0.38,0.724,107.7,2,0.678,11,77000,30,2875,57.8,0
R103517,22,21,463,13335,0.208,0.858,148.4,1,0.869,11,75000,24,3500,78.8,1
R103518,6,25,588,14800,0.214,0.971,121.6,0,0.948,5,70000,12,6533,75.0,1
R103519,7,24,587,18609,0.154,0.87,156.9,0,0.916,4,76000,24,3547,76.1,1
R103520,23,27,660,15848,0.241,0.845,130.3,2,0.882,16,95000,24,4433,82.1,1
R103521,3,18,326,8292,0.368,0.684,97.4,2,0.76,1,80000,24,3733,49.5,0
R103522,5,14,327,12148,0.337,0.554,103.8,2,0.807,3,67000,24,3127,49.8,0
R103523,17,23,484,8743,0.428,0.59,92.7,3,0.662,16,96000,24,4480,55.7,0
R103524,8,20,459,11621,0.32,0.711,100.2,2,0.752,5,66000,24,3080,59.0,0
R103525,9,23,523,13709,0.288,1.0,158.9,0,0.961,8,52000,24,2427,72.3,1
R103526,1,25,582,15975,0.196,0.91,141.2,2,0.944,1,58000,18,3609,71.3,1
R103527,28,26,636,14990,0.216,0.773,145.5,0,0.967,19,78000,24,3640,82.7,0
R103528,8,25,552,17840,0.36,0.804,155.8,1,0.841,5,69000,24,3220,62.8,0
R103529,16,23,533,14260,0.238,0.73,129.4,1,0.787,10,114000,24,5320,71.2,0
R103530,23,24,494,11564,0.322,0.867,120.1,1,0.924,17,76000,36,2364,74.9,1
R103531,9,27,606,18316,0.194,0.931,145.8,0,0.928,7,70000,36,2178,77.1,1
R103532,2,20,212,8000,0.512,0.607,95.4,4,0.764,1,99000,30,3696,36.4,0
R103533,16,23,462,13214,0.278,0.835,130.0,1,0.886,12,68000,18,4231,71.0,0
R103534,28,15,369,11040,0.239,0.701,125.1,1,0.801,16,79000,36,2458,71.4,1
R103535,18,18,489,10427,0.334,0.787,141.5,1,0.871,14,107000,36,3329,68.8,0
R103536,14,20,382,8000,0.435,0.738,107.8,1,0.884,10,85000,30,3173,57.0,0
R103537,18,13,198,8000,0.505,0.529,73.9,3,0.614,8,98000,36,3049,43.4,0
R103538,20,20,453,13443,0.252,0.816,111.3,1,0.862,10,67000,24,3127,73.9,1
R103539,10,20,541,16780,0.161,0.91,117.5,1,0.865,6,40000,12,3733,77.1,1
R103540,28,24,543,8000,0.281,0.754,129.1,2,0.825,24,70000,24,3267,75.1,1
R103541,12,17,377,12486,0.467,0.648,115.1,2,0.8,10,82000,24,3827,51.0,0
R103542,21,16,357,10318,0.304,0.894,137.9,1,0.87,18,116000,18,7218,71.3,1
R103543,5,17,434,8000,0.283,0.755,111.1,1,0.8,4,55000,30,2053,60.1,0
R103544,11,18,332,8000,0.308,0.691,109.9,3,0.792,6,98000,24,4573,58.1,0
R103545,6,25,792,19222,0.229,0.917,171.8,0,0.985,3,86000,36,2676,78.5,1
R103546,15,22,350,9814,0.283,0.679,95.1,2,0.806,11,81000,24,3780,62.5,0
R103547,5,22,567,14473,0.336,0.704,87.6,1,0.8,4,74000,24,3453,59.2,0
R103548,18,16,381,13663,0.359,0.785,124.8,1,0.867,15,86000,30,3211,64.7,0
R103549,16,28,874,23127,0.284,0.859,119.9,1,0.883,14,81000,24,3780,79.5,1
R103550,10,25,583,19687,0.207,0.851,156.1,0,0.953,7,73000,24,3407,74.7,1
R103551,20,21,497,13253,0.233,0.831,94.6,1,0.851,18,66000,18,4107,75.9,1
R103552,5,23,470,10413,0.303,0.809,98.9,1,0.886,4,89000,24,4153,62.2,1
R103553,18,20,409,10879,0.202,0.814,119.8,1,0.927,17,63000,24,2940,74.9,0
R103554,5,21,430,10085,0.401,0.685,122.2,3,0.768,4,58000,30,2165,52.0,0
R103555,7,19,426,11091,0.273,0.864,137.1,0,0.946,6,107000,30,3995,65.8,0
R103556,23,26,549,17142,0.177,0.767,139.8,1,0.874,15,56000,24,2613,80.9,1
R103557,23,25,600,15590,0.176,0.93,139.3,1,0.957,19,86000,24,4013,87.3,1
R103558,15,18,380,8000,0.374,0.675,68.4,2,0.684,11,62000,18,3858,57.1,0
R103559,41,22,436,9471,0.267,0.736,116.9,2,0.846,21,74000,24,3453,72.9,1
R103560,30,25,618,19958,0.148,0.878,173.4,0,0.98,23,90000,18,5600,88.6,1
R103561,10,30,715,16463,0.248,0.89,156.9,0,0.953,9,76000,24,3547,76.8,1
R103562,5,19,450,8000,0.345,0.811,138.5,1,0.852,4,66000,30,2464,59.4,1
R103563,18,15,330,9974,0.432,0.651,98.2,2,0.8,16,58000,24,2707,55.5,0
R103564,13,25,692,10799,0.28,0.854,159.6,0,0.939,7,49000,24,2287,75.5,0
R103565,16,14,295,8000,0.487,0.705,106.1,2,0.783,15,86000,24,4013,51.6,0
R103566,17,19,480,15941,0.296,0.73,92.8,1,0.826,12,98000,36,3049,68.0,0
R103567,6,25,619,17333,0.269,0.876,129.9,0,0.963,5,73000,12,6813,71.0,1
R103568,5,28,605,18370,0.08,1.0,167.4,0,0.983,3,52000,12,4853,83.1,1
R103569,17,22,494,18454,0.173,0.83,119.1,1,0.783,14,101000,24,4713,76.4,1
R103570,16,23,602,17639,0.254,0.914,148.7,0,0.953,12,40000,18,2489,78.4,0
R103571,4,24,628,15297,0.21,0.858,153.9,0,1.0,3,78000,12,7280,72.7,0
R103572,7,16,280,8317,0.367,0.741,97.5,3,0.797,3,68000,24,3173,52.6,1
R103573,5,26,699,14106,0.169,0.899,150.5,0,1.0,4,117000,36,3640,78.4,1
R103574,12,16,384,11646,0.221,0.709,106.9,3,0.732,6,78000,18,4853,64.5,0
R103575,11,22,513,8000,0.14,0.776,147.4,1,0.964,8,73000,24,3407,75.3,1
R103576,2,15,297,10201,0.367,0.639,112.1,3,0.741,2,65000,30,2427,47.1,0
R103577,12,13,352,13553,0.451,0.668,86.2,2,0.696,8,96000,24,4480,50.3,0
R103578,14,28,897,26767,0.242,0.858,135.1,1,0.896,7,101000,30,3771,80.4,0
R103579,14,27,704,14574,0.203,0.866,172.1,0,0.876,7,40000,36,1244,80.3,1
R103580,5,20,459,13894,0.23,0.937,165.1,0,0.916,4,89000,24,4153,69.3,1
R103581,11,24,725,19535,0.229,0.802,125.4,1,0.947,6,83000,36,2582,76.6,1
R103582,25,19,478,8824,0.466,0.77,85.3,2,0.734,14,76000,30,2837,63.2,0
R103583,7,21,398,13319,0.196,0.836,163.2,0,0.971,6,113000,18,7031,68.8,1
R103584,24,16,370,11511,0.455,0.654,143.4,2,0.724,18,95000,24,4433,58.1,0
R103585,8,23,523,10516,0.221,0.943,116.3,1,0.894,7,75000,24,3500,73.1,0
R103586,21,26,654,21951,0.239,0.797,151.3,1,0.82,16,63000,12,5880,79.4,0
R103587,16,24,433,8000,0.278,0.815,133.3,1,0.796,12,40000,30,1493,68.8,0
R103588,11,24,539,15162,0.217,0.897,137.9,0,0.975,6,65000,36,2022,75.6,1
R103589,14,27,731,12263,0.112,0.828,162.4,0,0.93,13,49000,18,3049,85.6,1
R103590,1,25,491,11170,0.207,0.821,134.0,0,0.937,1,94000,24,4387,66.4,1
R103591,20,24,737,19605,0.152,0.866,146.0,1,0.923,17,63000,30,2352,87.9,1
R103592,4,30,847,28077,0.173,0.913,154.1,1,0.854,3,60000,24,2800,79.2,1
R103593,26,20,491,15177,0.311,0.755,91.9,4,0.712,17,108000,12,10080,71.1,0
R103594,15,26,726,16507,0.108,0.879,141.8,0,0.921,9,76000,30,2837,87.1,1
R103595,5,21,586,9268,0.215,0.836,120.7,1,0.901,3,61000,24,2847,70.6,1
R103596,20,24,741,17249,0.27,0.963,141.7,0,0.834,12,90000,18,5600,83.3,1
R103597,12,25,599,18034,0.263,0.891,148.1,1,0.898,9,48000,30,1792,74.1,1
R103598,17,21,553,19096,0.256,0.795,134.2,1,0.798,16,63000,30,2352,73.0,0
R103599,10,20,379,12462,0.169,0.729,125.5,1,0.844,6,75000,36,2333,68.0,0
R103600,18,16,221,8000,0.313,0.723,123.1,2,0.778,13,54000,18,3360,60.6,0
R103601,7,20,424,10048,0.351,0.755,134.0,1,0.849,6,75000,24,3500,58.1,0
R103602,9,21,568,13131,0.321,0.779,115.5,0,0.979,6,72000,24,3360,66.2,1
R103603,16,25,673,15687,0.08,0.844,141.0,1,0.883,12,86000,18,5351,86.8,1
R103604,27,17,380,11038,0.407,0.76,101.1,1,0.833,24,78000,18,4853,64.6,1
R103605,11,23,578,18773,0.296,0.78,124.1,2,0.756,9,73000,12,6813,67.2,1
R103606,19,26,599,15475,0.287,0.749,102.8,1,0.807,9,84000,18,5227,72.7,1
R103607,18,27,568,13567,0.139,0.875,185.1,0,0.912,8,69000,24,3220,83.2,0
R103608,26,20,456,13048,0.368,0.846,91.1,2,0.805,14,69000,18,4293,70.4,1
R103609,6,19,408,11873,0.419,0.561,90.1,3,0.691,4,86000,30,3211,46.8,0
R103610,14,22,574,20958,0.133,0.883,165.0,1,0.883,8,92000,18,5724,81.4,1
R103611,13,14,274,12095,0.463,0.742,88.7,2,0.737,7,53000,36,1649,51.0,0
R103612,14,19,334,8843,0.347,0.744,73.8,2,0.879,12,87000,30,3248,60.6,0
R103613,8,24,535,20597,0.4,0.862,154.0,1,0.867,6,70000,18,4356,61.6,1
R103614,12,21,381,12633,0.392,0.7,131.0,2,0.782,11,78000,12,7280,55.6,1
R103615,21,21,391,14089,0.401,0.832,110.5,2,0.828,18,100000,24,4667,65.2,0
R103616,6,20,447,18808,0.415,0.685,134.5,1,0.831,6,62000,18,3858,52.6,0
R103617,16,20,626,20329,0.321,0.79,110.5,2,0.786,10,51000,30,1904,70.5,0
R103618,10,30,598,15145,0.336,0.844,119.0,1,0.89,5,61000,30,2277,67.7,1
R103619,14,19,549,15323,0.28,0.717,123.1,3,0.819,12,84000,24,3920,67.9,0
R103620,10,25,561,13076,0.193,0.753,111.8,1,0.8,6,86000,24,4013,70.9,0
R103621,21,16,282,10176,0.4,0.56,81.9,3,0.703,12,97000,24,4527,54.4,0
R103622,5,17,347,15805,0.547,0.642,88.8,4,0.614,4,69000,30,2576,39.5,0
R103623,14,28,664,19926,0.243,0.869,154.6,0,0.95,12,97000,12,9053,77.8,1
R103624,22,25,470,11540,0.239,0.83,152.0,1,0.92,14,70000,18,4356,77.2,1
R103625,14,24,678,20685,0.303,0.813,121.2,2,0.878,11,52000,30,1941,73.3,0
R103626,7,18,325,8000,0.288,0.645,61.9,2,0.754,4,66000,36,2053,55.0,1
R103627,6,22,492,10057,0.272,0.873,110.3,2,0.765,6,81000,18,5040,65.7,0
R103628,14,24,446,15514,0.333,0.762,128.3,1,0.806,11,120000,30,4480,63.4,0
R103629,3,24,607,13969,0.332,0.711,97.7,2,0.817,2,58000,36,1804,59.7,1
R103630,16,23,423,10463,0.336,0.683,108.3,3,0.669,12,98000,24,4573,61.1,1
R103631,4,24,556,15115,0.082,0.975,155.6,0,0.961,2,92000,18,5724,80.2,1
R103632,5,23,515,10966,0.175,0.891,141.2,1,0.887,3,68000,24,3173,72.3,1
R103633,30,20,501,18112,0.262,0.716,146.9,2,0.778,24,88000,30,3285,73.6,1
R103634,26,22,612,19889,0.216,0.603,113.2,1,0.844,12,57000,24,2660,76.7,0
R103635,9,26,593,19901,0.165,0.86,135.5,2,0.92,5,56000,24,2613,76.6,0
R103636,23,16,349,9360,0.415,0.747,98.1,2,0.784,13,48000,30,1792,62.1,0
R103637,7,22,564,18931,0.162,0.769,131.5,1,0.825,5,63000,24,2940,71.4,1
R103638,16,28,713,13278,0.104,0.95,128.7,0,1.0,8,76000,24,3547,90.6,1
R103639,24,20,426,8000,0.262,0.873,139.7,1,0.851,18,40000,18,2489,76.4,1
R103640,7,17,377,9948,0.496,0.58,108.2,2,0.767,5,90000,36,2800,44.4,0
R103641,4,24,498,17659,0.398,0.703,103.2,1,0.827,2,82000,24,3827,54.0,0
R103642,13,23,540,16112,0.132,0.822,143.7,2,0.84,7,73000,36,2271,77.6,0
R103643,7,19,368,11628,0.266,0.801,114.8,4,0.696,4,74000,36,2302,60.9,0
R103644,8,24,525,13204,0.294,0.887,154.0,0,0.98,6,104000,30,3883,68.6,1
R103645,5,19,357,10808,0.494,0.657,116.9,3,0.728,4,68000,30,2539,44.1,0
R103646,1,30,574,16724,0.217,0.962,102.8,2,0.821,1,63000,30,2352,70.0,0
R103647,8,28,724,16219,0.271,0.902,164.6,1,0.929,4,67000,24,3127,74.9,1
R103648,9,29,689,19136,0.267,0.72,136.5,2,0.796,6,77000,18,4791,68.8,0
R103649,7,20,435,8000,0.327,0.821,118.5,1,0.82,3,52000,36,1618,60.8,0
R103650,5,28,668,14935,0.216,0.829,101.3,1,0.882,4,93000,30,3472,72.2,0
R103651,20,23,474,10232,0.342,0.78,104.4,4,0.694,9,47000,24,2193,67.0,0
R103652,14,23,461,12668,0.155,0.745,138.9,1,0.855,11,91000,24,4247,73.8,1
R103653,4,22,342,10464,0.318,0.818,117.8,1,0.931,3,120000,24,5600,58.3,0
R103654,13,23,610,18410,0.326,0.667,107.7,1,0.858,11,105000,18,6533,65.8,0
R103655,6,26,728,19384,0.199,0.953,166.4,0,0.992,5,98000,24,4573,79.5,1
R103656,19,19,449,13095,0.247,0.839,127.2,1,0.904,17,55000,24,2567,74.3,0
R103657,7,17,409,10361,0.257,0.702,111.6,1,0.87,6,91000,24,4247,61.4,0
R103658,21,16,263,11655,0.358,0.659,126.3,2,0.824,20,67000,30,2501,59.9,0
R103659,20,19,388,11799,0.312,0.707,105.0,2,0.79,17,92000,36,2862,65.8,0
R103660,15,26,610,21656,0.296,0.883,169.6,1,0.896,11,91000,24,4247,74.6,1
R103661,7,22,520,9555,0.306,0.795,178.3,1,0.909,5,68000,24,3173,64.2,0
R103662,10,23,448,10912,0.262,0.773,126.9,2,0.789,5,54000,36,1680,64.8,0
R103663,10,20,421,11935,0.363,0.738,100.2,4,0.697,6,69000,12,6440,57.5,1
R103664,12,26,624,20271,0.093,0.909,144.8,0,0.94,9,65000,36,2022,84.7,1
R103665,22,24,542,8963,0.272,0.771,114.3,1,0.857,15,84000,18,5227,75.2,1
R103666,9,26,776,26887,0.204,0.848,152.7,0,0.906,4,94000,24,4387,78.7,1
R103667,19,30,732,17404,0.204,0.785,142.9,0,0.954,13,73000,36,2271,82.7,0
R103668,5,27,716,20180,0.264,0.845,150.0,0,0.919,3,61000,30,2277,71.5,1
R103669,7,19,428,11260,0.286,0.849,121.7,1,0.917,5,71000,24,3313,64.7,0
R103670,6,29,660,15866,0.326,0.844,124.2,1,0.877,4,91000,24,4247,67.3,0
R103671,19,22,579,15347,0.226,0.923,136.2,0,0.907,18,72000,30,2688,80.8,1
R103672,25,26,590,15426,0.127,1.0,144.2,0,0.903,15,78000,24,3640,91.3,1
R103673,8,28,595,14098,0.397,0.761,122.0,1,0.78,4,77000,30,2875,59.9,0
R103674,6,25,625,29084,0.172,0.719,141.2,3,0.768,5,51000,18,3173,70.5,0
R103675,10,16,352,8000,0.293,0.675,104.2,3,0.761,4,58000,18,3609,58.2,0
R103676,6,24,622,15995,0.242,0.916,139.8,2,0.808,5,62000,12,5787,71.7,0
R103677,8,28,791,25375,0.104,1.0,163.0,0,0.916,7,85000,24,3967,87.7,1
R103678,10,27,679,17720,0.154,0.842,145.4,0,0.877,6,69000,36,2147,79.0,1
R103679,10,20,467,17595,0.189,0.729,122.7,1,0.811,6,101000,24,4713,68.4,1
R103680,3,20,415,13064,0.203,0.843,134.6,1,0.817,2,87000,12,8120,65.2,0
R103681,8,18,424,10104,0.196,0.833,109.6,3,0.721,5,110000,18,6844,67.4,0
R103682,29,17,456,13346,0.384,0.663,120.2,2,0.8,20,100000,30,3733,65.0,1
R103683,4,25,537,14556,0.307,0.819,150.2,2,0.813,2,98000,18,6098,62.4,0
R103684,12,18,405,15724,0.206,0.63,142.0,2,0.798,6,88000,18,5476,64.8,1
R103685,11,19,368,13748,0.264,0.695,116.4,2,0.8,6,73000,30,2725,62.0,0
R103686,34,27,482,12970,0.229,0.748,135.2,3,0.8,23,99000,18,6160,75.9,0
R103687,12,27,548,15145,0.194,0.871,149.4,0,0.879,9,87000,12,8120,75.7,0
R103688,27,26,667,18098,0.336,0.709,131.3,2,0.855,20,116000,24,5413,74.5,1
R103689,12,16,357,12213,0.284,0.67,102.3,2,0.767,6,81000,36,2520,59.9,1
R103690,8,24,610,14800,0.335,0.853,147.4,1,0.827,7,71000,18,4418,66.2,1
R103691,12,28,789,17309,0.196,0.884,138.1,0,0.896,6,78000,24,3640,82.2,0
R103692,5,23,410,11668,0.282,0.822,117.1,1,0.799,4,72000,36,2240,61.0,1
R103693,13,25,582,17867,0.196,0.806,142.0,2,0.888,10,57000,24,2660,75.4,0
R103694,8,20,503,9439,0.212,0.872,130.7,0,0.893,7,104000,24,4853,71.4,1
R103695,8,20,414,11906,0.273,0.663,94.8,2,0.743,7,71000,12,6627,59.0,0
R103696,20,18,224,8000,0.398,0.678,83.6,4,0.649,9,89000,24,4153,54.7,0
R103697,9,23,431,13008,0.328,0.81,129.7,1,0.843,6,40000,24,1867,62.1,1
R103698,2,19,534,15535,0.447,0.761,135.9,1,0.855,1,76000,24,3547,53.1,1
R103699,15,26,781,18792,0.214,0.949,173.9,1,0.957,12,79000,30,2949,85.0,0
R103700,17,20,390,11996,0.268,0.945,124.3,1,0.842,12,80000,24,3733,72.4,0
R103701,36,22,400,16860,0.276,0.811,111.0,1,0.77,25,47000,24,2193,72.7,0
R103702,13,22,511,15254,0.477,0.73,95.8,2,0.768,8,78000,24,3640,55.7,0
R103703,9,21,484,17813,0.367,0.645,101.8,2,0.647,6,52000,24,2427,55.0,0
R103704,15,26,575,12493,0.153,0.851,140.5,0,0.92,7,62000,12,5787,80.3,0
R103705,5,24,578,17097,0.195,0.749,154.1,0,0.935,4,76000,18,4729,69.5,1
R103706,8,22,383,8000,0.127,0.923,144.3,1,0.847,4,75000,24,3500,73.4,1
R103707,16,23,572,17458,0.332,0.865,161.3,1,0.915,13,62000,24,2893,71.8,0
R103708,10,29,734,31542,0.25,0.987,151.5,0,0.922,9,77000,12,7187,79.3,1
R103709,3,21,385,15466,0.378,0.724,80.8,1,0.755,1,86000,30,3211,51.4,0
R103710,9,24,552,19430,0.169,0.883,128.2,0,0.891,5,113000,30,4219,75.8,1
R103711,12,23,635,21391,0.313,0.85,122.5,3,0.8,8,80000,36,2489,70.3,0
R103712,9,24,588,14961,0.273,0.953,103.5,1,0.886,5,64000,18,3982,73.1,1
R103713,3,17,304,8000,0.19,0.703,121.9,2,0.77,2,104000,24,4853,59.1,0
R103714,1,22,553,15598,0.174,0.806,146.7,1,0.855,1,86000,12,8027,68.5,0
R103715,18,26,595,12097,0.26,0.869,143.0,1,0.844,12,95000,24,4433,76.6,0
R103716,17,26,789,18739,0.387,0.866,141.4,0,0.935,8,58000,24,2707,74.9,1
R103717,7,27,603,18089,0.308,0.893,134.4,2,0.85,6,60000,18,3733,68.3,1
R103718,7,27,758,14092,0.268,0.891,133.0,0,0.944,5,44000,18,2738,75.0,1
R103719,9,21,480,9291,0.351,0.926,135.7,1,0.854,5,90000,24,4200,64.9,0
R103720,18,16,321,8000,0.141,0.917,139.5,0,0.922,13,105000,36,3267,78.4,0
R103721,12,25,710,20307,0.277,0.915,133.2,0,0.898,8,62000,18,3858,76.7,1
R103722,24,22,534,18623,0.121,0.907,139.4,0,0.935,11,86000,36,2676,88.0,1
R103723,12,20,408,8828,0.358,0.737,92.3,2,0.772,5,90000,12,8400,59.1,0
R103724,6,23,508,11305,0.324,0.698,131.3,3,0.745,3,80000,24,3733,58.6,1
R103725,7,22,562,19549,0.266,0.902,145.5,0,0.956,5,97000,18,6036,70.9,1
R103726,15,27,761,13991,0.08,0.863,156.3,0,0.925,14,75000,36,2333,89.3,1
R103727,27,23,430,9618,0.248,0.808,114.0,2,0.836,22,62000,18,3858,75.5,0
R103728,12,25,517,17820,0.339,0.8,123.6,1,0.897,7,51000,24,2380,66.0,0
R103729,20,16,345,8470,0.496,0.65,86.0,3,0.739,18,81000,12,7560,53.0,0
R103730,14,12,246,9007,0.37,0.732,80.8,2,0.78,13,53000,36,1649,55.8,1
R103731,13,19,435,13756,0.385,0.847,109.2,2,0.69,10,89000,18,5538,61.2,0
R103732,29,23,508,14232,0.275,0.891,139.0,1,0.814,15,68000,24,3173,77.9,1
R103733,5,28,762,26367,0.393,0.761,139.3,0,0.981,3,57000,36,1773,64.7,1
R103734,9,24,558,15942,0.311,0.73,106.4,1,0.864,6,82000,30,3061,64.2,0
R103735,8,24,589,16415,0.234,0.906,160.0,1,0.919,6,70000,36,2178,73.3,0
R103736,11,17,432,13659,0.24,0.788,150.1,1,0.939,8,81000,24,3780,68.2,0
R103737,4,18,333,8000,0.279,0.836,96.6,2,0.745,3,70000,24,3267,58.5,0
R103738,10,29,682,23647,0.117,0.816,134.7,1,0.87,5,79000,18,4916,80.8,1
R103739,7,22,462,13471,0.304,0.688,108.5,1,0.855,5,65000,18,4044,59.8,1
R103740,7,20,361,8520,0.255,0.825,134.4,0,0.915,6,54000,18,3360,64.1,1
R103741,21,18,502,15071,0.294,0.942,122.3,1,0.895,11,50000,30,1867,77.1,1
R103742,6,18,349,8000,0.468,0.738,93.2,2,0.823,6,58000,24,2707,48.9,1
R103743,34,24,628,26540,0.334,0.828,167.0,1,0.921,22,67000,18,4169,77.2,1
R103744,12,23,436,8000,0.466,0.705,95.8,2,0.677,8,94000,36,2924,52.5,0
R103745,2,25,494,16852,0.135,0.832,153.8,0,1.0,1,72000,24,3360,71.4,1
R103746,20,26,558,11505,0.281,0.934,148.2,1,0.9,18,68000,36,2116,78.4,1
R103747,1,20,409,11323,0.36,0.691,115.5,1,0.793,1,59000,24,2753,51.6,0
R103748,4,28,700,20262,0.27,0.883,163.0,0,0.869,3,40000,30,1493,71.0,0
R103749,14,24,431,15976,0.343,0.66,99.5,2,0.765,13,95000,36,2956,59.7,1
R103750,9,22,510,22975,0.362,0.692,117.4,3,0.674,6,60000,30,2240,57.8,0
R103751,16,28,679,18950,0.236,0.813,150.5,1,0.815,10,70000,24,3267,77.5,1
R103752,7,20,469,15553,0.466,0.684,85.1,2,0.693,6,72000,24,3360,50.0,0
R103753,7,13,294,8000,0.391,0.727,109.3,2,0.725,4,69000,24,3220,50.9,0
R103754,8,20,420,11722,0.384,0.765,135.6,1,0.85,8,120000,36,3733,57.2,0
R103755,14,25,562,22297,0.182,0.681,137.3,1,0.82,11,71000,12,6627,72.8,1
R103756,17,24,673,21901,0.228,0.9,143.2,2,0.871,9,66000,24,3080,80.7,1
R103757,5,25,670,20561,0.23,0.976,156.7,0,0.945,4,87000,36,2707,75.6,1
R103758,22,22,707,18486,0.104,0.82,121.2,0,0.919,18,74000,24,3453,89.8,1
R103759,33,29,608,25116,0.266,0.926,144.3,1,1.0,19,51000,18,3173,83.6,1
R103760,11,24,450,10460,0.412,0.709,92.3,2,0.763,8,84000,24,3920,55.7,0
R103761,13,23,624,15130,0.197,0.8,107.9,1,0.873,12,65000,24,3033,76.1,0
R103762,7,24,431,8000,0.23,0.826,158.3,0,0.966,5,72000,18,4480,67.5,0
R103763,20,25,588,19612,0.245,0.808,99.2,3,0.747,11,95000,24,4433,76.0,1
R103764,1,26,791,23000,0.347,0.92,157.7,1,0.899,1,91000,24,4247,68.6,1
R103765,26,15,276,9137,0.22,0.799,115.7,3,0.709,17,59000,24,2753,71.6,1
R103766,24,26,686,18711,0.087,0.927,144.9,0,0.894,14,82000,30,3061,93.9,1
R103767,4,28,764,23470,0.242,0.935,142.8,0,0.966,2,73000,24,3407,76.3,1
R103768,6,23,637,19980,0.314,0.768,140.2,1,0.821,3,60000,30,2240,64.9,1
R103769,10,23,487,12404,0.255,0.951,163.4,0,0.915,6,54000,30,2016,71.9,1
R103770,18,16,406,13439,0.381,0.777,102.7,2,0.677,10,58000,24,2707,62.0,1
R103771,3,13,248,10867,0.343,0.789,152.2,1,0.923,2,95000,18,5911,53.4,0
R103772,7,17,343,8078,0.362,0.675,101.5,3,0.763,7,40000,24,1867,52.9,1
R103773,15,15,229,8000,0.286,0.79,112.3,2,0.815,10,55000,30,2053,62.4,0
R103774,4,22,670,17866,0.384,0.787,139.6,1,0.855,2,91000,36,2831,61.5,0
R103775,10,23,568,13537,0.322,0.802,147.9,2,0.741,9,51000,12,4760,65.2,1
R103776,11,18,333,13602,0.276,0.658,108.0,2,0.824,9,80000,24,3733,59.8,0
R103777,5,30,751,17440,0.166,1.0,174.9,0,0.98,5,66000,24,3080,82.3,0
R103778,11,27,488,9002,0.223,0.788,129.3,1,0.759,7,57000,18,3547,68.8,0
R103779,12,23,598,14536,0.382,0.812,135.8,1,0.792,9,47000,24,2193,64.5,0
R103780,7,22,478,17122,0.243,0.793,113.2,1,0.821,3,65000,18,4044,65.7,0
R103781,3,18,379,16803,0.261,0.803,123.7,1,0.88,2,74000,24,3453,60.7,0
R103782,3,22,530,8880,0.32,0.847,128.2,2,0.81,1,62000,30,2315,61.7,0
R103783,15,16,443,16235,0.185,0.831,106.8,1,0.713,8,82000,24,3827,72.6,0
R103784,15,19,522,24455,0.209,0.915,144.4,0,0.924,8,101000,18,6284,77.5,1
R103785,8,21,374,10344,0.227,0.925,140.5,1,0.893,4,104000,24,4853,68.9,0
R103786,9,20,398,12512,0.268,0.948,124.2,1,0.762,5,66000,24,3080,67.3,0
R103787,8,21,494,15506,0.273,0.875,131.4,1,0.835,4,56000,18,3484,67.1,1
R103788,22,20,467,14350,0.364,0.715,128.3,1,0.791,11,69000,30,2576,66.6,0
R103789,8,17,463,18529,0.405,0.76,112.0,2,0.705,5,81000,36,2520,55.3,1
R103790,30,25,624,24901,0.236,0.789,160.1,1,0.907,17,71000,24,3313,81.2,1
R103791,6,17,350,8000,0.243,0.749,122.1,2,0.8,4,85000,18,5289,60.6,0
R103792,20,17,223,9531,0.354,0.622,73.2,2,0.777,11,78000,30,2912,56.9,0
R103793,4,24,543,14742,0.175,0.99,149.9,0,0.959,2,65000,36,2022,75.5,0
R103794,13,9,187,8000,0.362,0.626,53.0,3,0.648,10,52000,18,3236,50.3,1
R103795,4,19,523,13310,0.191,0.76,139.6,1,0.813,3,120000,24,5600,66.7,1
R103796,7,28,687,25274,0.206,0.928,188.4,0,0.903,4,79000,36,2458,77.1,1
R103797,20,24,560,10195,0.239,0.867,129.5,1,0.76,18,86000,24,4013,77.1,0
R103798,4,17,291,11766,0.352,0.822,114.2,2,0.811,3,40000,30,1493,54.0,0
R103799,25,23,573,14461,0.288,0.856,148.9,0,0.941,21,68000,18,4231,79.2,0
R103800,18,14,325,10835,0.27,0.701,75.8,2,0.688,15,40000,30,1493,63.5,0
R103801,17,23,662,14836,0.464,0.604,92.9,2,0.831,15,63000,30,2352,60.7,1
R103802,17,25,610,17685,0.298,0.752,100.4,1,0.912,11,57000,18,3547,72.6,1
R103803,26,20,449,8000,0.287,0.845,124.2,1,0.901,16,52000,18,3236,75.5,0
R103804,13,21,572,18727,0.368,0.718,107.1,1,0.782,8,91000,30,3397,63.2,0
R103805,7,27,642,13135,0.235,0.867,128.5,1,0.952,6,90000,18,5600,73.4,0
R103806,15,27,752,20582,0.093,0.861,154.7,2,0.96,7,58000,30,2165,88.9,0
R103807,10,19,397,10876,0.28,0.749,124.3,1,0.788,8,106000,24,4947,62.3,0
R103808,23,29,564,17550,0.08,0.856,141.1,0,0.961,19,45000,24,2100,89.7,1
R103809,11,25,698,16787,0.346,0.807,142.1,0,0.945,6,100000,24,4667,69.7,0
R103810,18,20,489,16186,0.261,0.758,117.5,1,0.782,11,88000,24,4107,70.8,0
R103811,5,28,651,20304,0.229,0.831,142.8,0,0.965,3,80000,24,3733,72.1,1
R103812,10,23,602,13339,0.171,0.793,140.9,1,0.91,8,80000,12,7467,75.4,1
R103813,10,21,469,14849,0.396,0.737,156.1,1,0.796,9,120000,24,5600,57.8,1
R103814,23,25,475,18274,0.274,0.815,141.4,1,0.846,14,55000,24,2567,75.1,1
R103815,17,16,406,9466,0.457,0.575,94.3,2,0.767,8,86000,36,2676,53.2,0
R103816,5,15,268,8000,0.43,0.736,91.1,3,0.809,5,40000,36,1244,48.0,0
R103817,11,16,275,8000,0.31,0.571,119.9,4,0.674,7,101000,18,6284,52.5,0
R103818,8,27,677,18517,0.264,0.822,135.6,1,0.829,4,58000,24,2707,71.3,1
R103819,18,16,364,8360,0.244,0.804,128.0,2,0.815,10,120000,24,5600,69.7,0
R103820,19,21,398,10022,0.294,0.717,113.7,2,0.772,12,85000,36,2644,66.0,0
R103821,22,20,329,8000,0.394,0.742,113.7,2,0.782,11,76000,18,4729,61.8,0
R103822,19,22,592,20227,0.242,0.957,149.1,1,0.882,13,88000,36,2738,80.6,1
R103823,6,24,603,13132,0.203,0.839,157.2,0,0.904,5,100000,24,4667,72.3,1
R103824,10,24,603,22258,0.291,0.876,105.4,2,0.815,5,78000,30,2912,70.3,0
R103825,20,27,482,12130,0.23,0.957,141.3,0,0.948,14,95000,30,3547,79.9,0
R103826,24,16,343,8885,0.323,0.684,84.0,2,0.739,13,67000,24,3127,65.3,1
R103827,4,22,650,23135,0.386,0.816,127.7,1,0.851,2,67000,18,4169,61.5,1
R103828,15,30,827,23079,0.222,1.0,159.5,0,0.985,13,53000,24,2473,86.8,1
R103829,10,25,438,8000,0.156,0.745,144.3,1,0.898,6,59000,24,2753,71.0,0
R103830,13,14,329,10691,0.356,0.742,124.4,2,0.832,11,87000,18,5413,58.5,1
R103831,17,19,342,12871,0.387,0.582,52.6,2,0.682,12,64000,18,3982,54.6,0
R103832,11,15,307,9075,0.388,0.731,100.1,3,0.762,6,94000,24,4387,54.3,0
R103833,12,14,198,8000,0.482,0.593,60.6,4,0.669,11,97000,24,4527,42.8,0
R103834,5,20,408,13059,0.282,0.763,122.8,1,0.919,2,51000,30,1904,60.9,0
R103835,10,21,420,11104,0.378,0.694,109.0,2,0.69,8,94000,24,4387,55.4,0
R103836,10,22,454,12197,0.323,0.86,123.0,2,0.844,7,89000,24,4153,64.6,0
R103837,9,24,582,12425,0.179,0.998,176.2,0,0.974,7,85000,24,3967,79.9,0
R103838,9,25,594,17117,0.253,0.927,112.1,1,0.799,5,91000,36,2831,72.7,0
R103839,28,23,659,18971,0.378,0.867,112.3,2,0.861,25,75000,36,2333,76.1,0
R103840,17,27,636,19945,0.275,0.886,123.4,1,0.824,10,77000,30,2875,76.7,1
R103841,4,23,621,20687,0.08,0.879,151.3,1,0.881,2,104000,18,6471,79.0,1
R103842,2,20,427,12823,0.145,0.939,133.0,0,0.9,2,69000,24,3220,71.2,0
R103843,10,24,419,13430,0.269,0.849,145.1,1,0.834,8,51000,18,3173,66.2,1
R103844,21,24,600,12859,0.394,0.767,88.4,2,0.759,16,110000,30,4107,68.4,1
R103845,5,21,519,11523,0.357,0.842,129.9,1,0.782,4,82000,30,3061,60.6,1
R103846,19,24,610,19511,0.153,0.743,133.7,1,0.878,18,101000,24,4713,80.6,1
R103847,6,21,441,8000,0.224,0.742,133.2,2,0.839,5,83000,24,3873,64.2,1
R103848,8,28,437,11888,0.304,0.832,108.8,1,0.866,4,78000,30,2912,63.8,0
R103849,10,21,503,14185,0.25,0.786,129.0,2,0.876,8,87000,18,5413,68.0,0
R103850,11,24,511,9656,0.235,0.896,108.8,1,0.931,10,120000,24,5600,73.2,1
R103851,4,19,485,17159,0.188,0.878,188.0,0,0.939,2,56000,24,2613,70.0,1
R103852,4,30,835,20781,0.234,0.857,164.4,0,0.954,3,47000,30,1755,75.5,1
R103853,8,24,851,21416,0.317,0.953,164.3,1,0.961,4,72000,30,2688,76.1,1
R103854,3,29,751,20618,0.202,0.805,140.0,0,0.884,2,101000,18,6284,73.1,1
R103855,8,19,386,8000,0.27,0.819,119.4,2,0.828,5,60000,18,3733,63.2,0
R103856,13,22,556,19521,0.298,0.789,137.1,1,0.812,10,56000,18,3484,68.3,0
R103857,5,20,574,8006,0.281,0.768,124.3,2,0.782,4,54000,18,3360,64.0,0
R103858,7,23,638,17391,0.375,0.882,157.9,0,0.914,4,102000,30,3808,66.3,0
R103859,12,23,474,11915,0.213,0.875,162.3,0,0.913,5,90000,36,2800,73.1,1
R103860,4,26,689,19373,0.233,1.0,137.6,0,0.969,3,65000,30,2427,76.3,1
R103861,13,23,573,19339,0.184,0.906,157.7,0,0.886,12,89000,18,5538,78.4,1
R103862,10,20,398,8000,0.194,0.952,131.1,2,0.93,5,67000,18,4169,73.4,1
R103863,6,17,390,9935,0.349,0.669,71.0,3,0.694,5,51000,24,2380,52.9,0
R103864,22,20,489,9176,0.222,0.919,149.3,1,0.905,15,105000,36,3267,80.7,0
R103865,5,22,551,13176,0.171,0.806,138.9,1,0.85,2,59000,30,2203,70.6,1
R103866,13,20,540,19957,0.213,0.873,122.4,0,0.917,11,44000,18,2738,75.9,1
R103867,14,23,567,11539,0.408,0.732,130.6,1,0.767,8,63000,30,2352,61.5,1
R103868,5,20,511,15635,0.444,0.712,74.3,2,0.681,3,84000,30,3136,51.3,1
R103869,6,24,569,15350,0.275,0.94,87.4,1,0.836,5,96000,36,2987,69.6,1
R103870,15,19,302,9452,0.462,0.727,104.3,1,0.804,8,81000,24,3780,53.0,1
R103871,18,23,632,18266,0.168,0.897,126.9,0,0.954,13,95000,30,3547,84.4,0
R103872,13,22,379,8000,0.385,0.82,128.8,1,0.942,8,89000,24,4153,61.5,1
R103873,15,21,547,13340,0.253,0.755,123.4,1,0.849,11,73000,24,3407,71.3,0
R103874,8,19,361,9672,0.409,0.565,78.0,3,0.681,5,49000,12,4573,47.4,0
R103875,20,24,506,10934,0.204,0.92,129.8,1,0.853,18,79000,36,2458,80.4,1
R103876,3,14,323,8000,0.34,0.789,130.6,1,0.897,3,70000,24,3267,55.0,0
R103877,12,24,542,17154,0.369,0.841,158.0,1,0.936,9,96000,30,3584,66.4,0
R103878,20,23,598,18311,0.262,0.755,117.4,1,0.844,10,55000,18,3422,75.2,0
R103879,19,16,321,9389,0.457,0.749,108.8,2,0.832,10,93000,18,5787,56.9,0
R103880,1,20,486,14028,0.246,0.77,120.8,1,0.917,1,41000,24,1913,62.5,0
R103881,17,27,721,20593,0.136,0.95,151.8,0,0.975,14,106000,24,4947,89.5,1
R103882,8,26,828,32536,0.319,0.831,163.7,1,0.918,4,81000,30,3024,72.1,0
R103883,7,23,554,21101,0.136,0.872,148.8,0,1.0,6,62000,24,2893,77.3,1
R103884,13,25,547,15657,0.08,0.89,134.7,1,0.95,7,82000,36,2551,83.3,1
R103885,5,27,893,24491,0.08,0.91,152.7,0,0.908,4,100000,18,6222,84.8,1
R103886,14,23,469,15743,0.351,0.865,105.6,2,0.772,7,92000,30,3435,65.4,0
R103887,19,22,457,14206,0.212,0.709,116.8,1,0.861,13,71000,30,2651,73.0,0
R103888,24,18,476,17540,0.211,0.902,144.2,0,0.904,13,102000,36,3173,81.6,1
R103889,31,23,517,16350,0.242,0.888,117.2,1,0.815,29,88000,12,8213,79.7,0
R103890,13,19,484,10698,0.327,0.82,101.2,1,0.819,10,86000,30,3211,65.8,1
R103891,7,21,616,15183,0.294,0.828,126.6,1,0.857,5,62000,18,3858,67.7,1
R103892,5,18,410,10577,0.321,0.852,117.6,1,0.823,3,78000,24,3640,60.5,1
R103893,34,22,460,14523,0.355,0.697,114.6,1,0.854,18,112000,30,4181,68.0,0
R103894,9,20,496,10664,0.236,0.832,140.0,1,0.91,7,63000,30,2352,69.5,0
R103895,1,27,517,14348,0.174,0.853,140.0,1,0.881,1,61000,36,1898,69.0,1
R103896,6,22,479,17702,0.128,0.92,136.3,0,0.962,3,56000,18,3484,75.8,0
R103897,7,17,378,11663,0.291,0.836,134.7,1,0.848,6,85000,12,7933,62.2,1
R103898,18,22,456,13139,0.219,0.841,146.1,1,0.956,15,70000,30,2613,75.7,1
R103899,25,21,525,15135,0.27,0.896,137.1,0,0.956,15,41000,30,1531,80.1,1
R103900,19,20,396,8000,0.402,0.6,81.5,4,0.7,14,87000,30,3248,56.7,0
R103901,15,23,581,11001,0.247,0.947,175.5,0,0.944,13,78000,24,3640,78.5,1
R103902,26,28,846,21497,0.331,0.902,156.0,0,0.969,21,99000,24,4620,84.0,0
R103903,18,19,391,14794,0.474,0.751,132.7,1,0.863,13,69000,18,4293,57.9,1
R103904,22,24,625,18538,0.247,0.928,136.7,1,0.818,11,70000,30,2613,82.1,1
R103905,7,21,528,15841,0.311,0.874,121.4,1,0.889,5,100000,30,3733,66.2,1
R103906,4,30,794,26131,0.081,0.881,161.8,0,0.953,2,94000,30,3509,84.1,0
R103907,5,22,705,15477,0.134,1.0,141.8,0,0.887,3,90000,24,4200,82.0,0
R103908,10,15,417,8000,0.249,0.833,118.6,2,0.855,9,84000,24,3920,67.0,1
R103909,31,21,471,16679,0.375,0.908,101.4,2,0.761,21,96000,30,3584,71.6,0
R103910,7,21,363,8000,0.199,0.653,144.6,1,0.922,4,115000,30,4293,63.0,1
R103911,5,19,338,8000,0.303,0.666,99.8,2,0.728,5,50000,30,1867,54.1,1
R103912,41,24,461,13934,0.174,0.865,136.6,0,0.958,21,90000,30,3360,82.8,1
R103913,13,19,432,9594,0.366,0.756,111.5,1,0.806,12,89000,30,3323,61.0,1
R103914,8,22,423,10616,0.273,0.808,130.0,1,0.826,4,104000,36,3236,63.9,0
R103915,4,24,531,13780,0.295,0.847,147.7,1,0.818,2,111000,30,4144,63.8,0
R103916,4,24,602,21124,0.231,0.866,120.2,0,0.995,3,58000,30,2165,71.0,0
R103917,20,19,415,9120,0.377,0.732,112.4,4,0.739,10,61000,24,2847,62.8,0
R103918,2,19,429,8630,0.313,0.781,133.4,1,0.813,2,68000,36,2116,57.4,0
R103919,11,28,693,20441,0.291,1.0,134.1,1,0.915,6,89000,24,4153,76.9,0
R103920,25,30,793,28661,0.206,1.0,163.2,0,1.0,23,76000,30,2837,93.2,1
R103921,7,18,467,14879,0.131,0.868,148.5,2,0.818,4,82000,24,3827,73.5,1
R103922,13,23,553,14312,0.291,0.935,122.9,1,0.933,11,74000,36,2302,73.7,0
R103923,6,20,546,17945,0.278,0.696,133.7,1,0.858,6,90000,24,4200,63.2,1
R103924,32,20,505,10264,0.248,0.766,120.0,1,0.892,17,109000,18,6782,76.9,1
R103925,14,10,153,8000,0.268,0.718,120.7,2,0.756,10,56000,30,2091,58.4,0
R103926,24,16,256,8890,0.38,0.58,113.4,3,0.714,20,80000,36,2489,57.3,0
R103927,11,20,340,13970,0.306,0.793,125.6,2,0.827,5,96000,18,5973,61.8,0
R103928,13,26,751,20628,0.126,0.853,110.4,1,0.879,10,73000,24,3407,84.6,1
R103929,15,26,620,12759,0.269,0.804,167.2,1,0.826,13,51000,36,1587,73.6,0
R103930,10,21,511,15242,0.315,0.698,128.7,1,0.874,6,107000,24,4993,62.6,0
R103931,18,26,717,22349,0.27,0.941,126.9,1,0.971,10,82000,24,3827,82.7,1
R103932,11,27,685,18254,0.205,0.766,145.8,1,0.928,10,97000,36,3018,75.6,1
R103933,17,24,640,15223,0.243,0.812,125.2,1,0.913,13,108000,36,3360,77.2,0
R103934,25,24,579,19038,0.327,0.679,111.9,2,0.724,18,45000,24,2100,70.7,1
R103935,12,20,480,13413,0.12,0.851,150.6,1,0.852,10,76000,36,2364,77.4,0
R103936,7,25,647,26938,0.143,0.901,147.7,0,1.0,5,78000,24,3640,79.8,1
R103937,24,21,527,14665,0.268,0.819,115.4,1,0.92,22,81000,30,3024,77.8,0
R103938,15,20,507,11861,0.196,0.804,102.6,3,0.802,14,79000,24,3687,74.4,0
R103939,8,25,486,12352,0.182,1.0,152.5,0,0.936,5,103000,24,4807,76.4,0
R103940,6,30,620,13781,0.143,0.982,164.6,0,0.954,3,55000,36,1711,80.2,1
R103941,1,24,489,12703,0.244,0.753,93.9,2,0.828,1,83000,36,2582,61.3,1
R103942,11,27,565,22534,0.286,0.815,135.1,1,0.923,7,40000,30,1493,70.0,1
R103943,11,17,401,9862,0.286,0.701,96.9,3,0.713,9,62000,30,2315,60.6,1
R103944,6,25,576,12382,0.163,0.816,139.8,0,0.883,3,99000,24,4620,72.9,1
R103945,6,27,697,27394,0.091,0.77,128.6,0,0.95,3,77000,24,3593,79.3,1
R103946,6,23,618,21207,0.25,0.806,127.6,1,0.792,5,49000,24,2287,68.5,0
R103947,10,26,800,22812,0.08,0.882,150.5,0,0.996,10,49000,36,1524,88.5,0
R103948,20,30,651,14979,0.231,0.962,142.3,0,0.953,19,76000,24,3547,84.5,1
R103949,10,27,680,20443,0.283,0.886,147.2,1,0.967,5,97000,36,3018,74.1,1
R103950,8,22,499,13961,0.203,0.927,138.3,0,0.962,6,50000,12,4667,73.8,1
R103951,5,15,307,9832,0.395,0.693,91.4,2,0.764,4,97000,30,3621,48.9,0
R103952,2,27,668,23603,0.156,0.889,173.7,0,0.892,1,77000,12,7187,75.1,1
R103953,5,25,500,11108,0.225,0.75,132.9,1,0.842,4,40000,18,2489,65.0,1
R103954,7,24,580,15159,0.328,0.78,133.6,1,0.809,7,73000,30,2725,63.7,0
R103955,7,22,483,15606,0.262,0.675,99.8,1,0.798,4,77000,30,2875,61.6,1
R103956,13,22,512,14862,0.139,0.859,135.7,1,0.915,6,66000,36,2053,78.2,0
R103957,12,28,552,14269,0.105,0.763,136.6,1,0.846,6,88000,12,8213,77.3,1
R103958,5,30,980,31388,0.124,0.981,139.8,1,0.871,3,86000,12,8027,83.9,1
R103959,13,17,392,13829,0.312,0.697,88.8,2,0.692,11,76000,36,2364,59.9,0
R103960,6,18,407,12877,0.269,0.606,82.5,2,0.696,3,60000,24,2800,56.1,0
R103961,10,23,588,13813,0.249,0.755,124.3,2,0.863,5,85000,24,3967,69.4,1
R103962,5,21,603,17530,0.295,0.865,159.8,1,0.855,3,70000,24,3267,66.8,1
R103963,13,22,604,11580,0.135,0.962,181.2,0,0.972,8,80000,24,3733,83.9,1
R103964,7,25,650,21190,0.244,0.769,154.2,1,0.867,4,93000,18,5787,69.6,1
R103965,24,16,335,8824,0.269,0.802,135.6,1,0.814,14,77000,24,3593,71.5,0
R103966,7,22,424,9805,0.337,0.821,151.3,1,0.904,5,84000,36,2613,60.9,0
R103967,4,29,634,17583,0.12,0.902,116.9,1,0.895,3,97000,18,6036,77.9,1
R103968,7,20,523,11072,0.402,0.621,117.8,2,0.781,4,96000,24,4480,53.7,1
R103969,6,24,577,14022,0.271,0.842,110.3,1,0.873,5,71000,24,3313,67.6,0
R103970,2,16,488,13473,0.31,0.683,117.2,2,0.753,1,59000,18,3671,55.8,1
R103971,25,20,491,15525,0.203,0.986,155.0,1,0.854,13,65000,18,4044,84.0,1
R103972,14,23,533,18155,0.307,0.741,109.9,1,0.852,9,96000,12,8960,67.4,0
R103973,12,23,456,8000,0.376,0.717,126.2,1,0.812,8,88000,30,3285,59.1,1
R103974,9,23,421,12386,0.326,0.69,101.7,2,0.805,6,99000,24,4620,58.3,0
R103975,5,21,506,15889,0.158,0.75,123.9,1,0.823,4,83000,30,3099,68.4,1
R103976,3,21,466,14181,0.269,0.898,129.2,1,0.8,1,84000,18,5227,63.8,1
R103977,10,23,534,15470,0.334,0.736,119.8,1,0.806,5,67000,18,4169,62.5,0
R103978,10,22,563,14326,0.341,0.919,176.4,0,0.967,9,50000,24,2333,69.5,0
R103979,8,16,249,8000,0.417,0.559,76.2,3,0.621,6,40000,12,3733,43.9,0
R103980,33,22,620,21656,0.393,0.738,136.2,1,0.855,16,67000,24,3127,71.0,1
R103981,2,27,880,19705,0.194,0.957,147.3,0,0.964,1,60000,18,3733,78.6,1
R103982,9,26,562,16123,0.225,0.764,101.0,2,0.722,9,63000,30,2352,68.5,0
R103983,2,23,615,11836,0.349,0.823,153.6,3,0.763,1,120000,30,4480,60.5,1
R103984,8,25,640,11752,0.167,0.864,135.3,0,0.922,4,63000,24,2940,77.3,0
R103985,7,14,251,8000,0.514,0.546,64.6,3,0.633,5,48000,36,1493,38.1,0
R103986,3,17,383,9956,0.177,0.772,137.4,1,0.899,2,65000,36,2022,64.7,0
R103987,5,22,490,13409,0.403,0.768,116.8,1,0.8,2,93000,24,4340,55.7,0
R103988,8,16,501,14910,0.265,0.843,131.7,2,0.739,4,98000,30,3659,66.5,0
R103989,9,28,654,17981,0.162,0.912,142.9,1,0.944,6,44000,36,1369,79.7,1
R103990,6,23,501,16220,0.158,0.752,124.7,0,0.953,5,61000,36,1898,70.7,0
R103991,22,17,313,8000,0.284,0.754,121.4,3,0.726,12,61000,24,2847,66.8,0
R103992,18,24,529,13815,0.188,0.93,127.6,1,0.879,12,93000,24,4340,80.8,0
R103993,4,17,383,16103,0.187,0.738,119.0,3,0.756,3,58000,30,2165,62.5,0
R103994,4,22,481,18499,0.188,0.759,91.0,1,0.853,3,59000,30,2203,66.3,1
R103995,6,23,454,15523,0.333,0.96,163.2,0,0.972,5,66000,30,2464,65.2,0
R103996,12,22,562,16153,0.154,0.854,171.4,0,0.955,10,82000,24,3827,78.5,1
R103997,8,24,565,12766,0.234,0.737,156.0,0,0.947,7,49000,24,2287,68.6,0
R103998,11,25,597,20531,0.258,0.785,131.4,1,0.781,10,52000,18,3236,69.8,0
R103999,18,25,654,15182,0.332,0.801,130.4,1,0.818,17,80000,24,3733,72.8,1
R104000,5,22,466,12468,0.306,0.881,163.4,1,0.914,4,52000,30,1941,64.1,1
R104001,2,20,416,15373,0.27,0.768,114.1,2,0.804,2,120000,30,4480,59.0,0
R104002,13,22,499,13109,0.185,0.888,159.0,1,0.877,7,57000,36,1773,76.2,1
R104003,5,21,432,11495,0.135,0.893,137.8,0,0.998,3,85000,18,5289,73.3,0
R104004,13,21,612,17173,0.183,0.904,165.7,1,0.944,9,89000,24,4153,79.9,1
R104005,12,25,596,8000,0.259,1.0,145.0,0,0.937,8,72000,24,3360,77.1,0
R104006,20,15,271,8000,0.35,0.647,82.8,2,0.718,14,61000,30,2277,58.2,0
R104007,12,20,433,14752,0.26,0.74,82.5,1,0.819,6,93000,30,3472,65.7,1
R104008,10,20,430,13609,0.216,0.755,123.3,1,0.832,8,89000,24,4153,67.1,0
R104009,10,27,830,24601,0.31,0.863,158.0,0,0.928,8,81000,36,2520,74.8,1
R104010,28,26,632,12282,0.199,0.862,128.1,2,0.876,21,71000,24,3313,84.8,1
R104011,11,28,695,16951,0.293,0.809,109.9,1,0.926,9,90000,36,2800,72.5,1
R104012,8,29,602,14672,0.226,0.908,146.4,0,0.932,6,76000,24,3547,74.4,1
R104013,7,16,353,8582,0.358,0.717,129.9,2,0.772,5,98000,36,3049,54.1,0
R104014,13,20,511,13709,0.23,0.833,154.7,1,0.864,7,106000,18,6596,72.7,0
R104015,25,25,612,12719,0.323,0.84,91.5,0,0.952,13,100000,30,3733,78.0,0
R104016,15,18,355,9265,0.333,0.679,128.9,1,0.761,9,72000,24,3360,59.5,0
R104017,23,24,675,23935,0.246,0.873,140.1,1,0.923,16,106000,36,3298,83.4,0
R104018,16,24,599,19844,0.155,0.88,127.0,0,0.962,9,90000,36,2800,82.4,1
R104019,3,22,422,8600,0.28,0.774,108.7,2,0.741,3,62000,24,2893,58.9,0
R104020,35,25,625,18792,0.369,0.773,151.9,1,0.808,27,58000,36,1804,72.8,0
R104021,12,14,229,9993,0.501,0.499,81.4,4,0.583,8,82000,36,2551,39.2,0
R104022,28,16,327,10860,0.431,0.755,138.9,1,0.861,16,91000,36,2831,62.2,1
R104023,23,20,353,12607,0.421,0.527,69.5,2,0.765,14,50000,18,3111,55.9,0
R104024,3,17,337,8000,0.379,0.665,121.4,2,0.79,2,118000,24,5507,49.0,0
R104025,10,21,385,11956,0.141,0.757,118.8,2,0.849,5,55000,18,3422,70.0,0
R104026,6,24,628,19869,0.272,0.793,135.8,0,0.946,3,72000,36,2240,68.7,1
R104027,5,17,393,10376,0.482,0.609,72.6,2,0.657,3,68000,24,3173,43.8,0
R104028,13,13,316,8535,0.546,0.528,67.3,3,0.613,10,68000,30,2539,40.6,0
R104029,17,23,513,10670,0.08,0.956,154.1,0,0.961,9,81000,24,3780,87.2,0
R104030,4,26,644,23697,0.088,0.78,140.5,0,0.878,3,70000,30,2613,76.4,0
R104031,4,21,577,18764,0.399,0.715,115.8,3,0.694,2,91000,24,4247,54.7,0
R104032,11,22,460,14705,0.291,0.799,95.7,1,0.911,5,66000,24,3080,66.2,0
R104033,16,26,794,16355,0.08,0.892,171.2,0,0.992,14,83000,18,5164,91.9,1
R104034,19,17,404,14216,0.334,0.761,93.6,1,0.72,18,74000,30,2763,65.0,0
R104035,27,20,346,8000,0.351,0.705,85.8,3,0.678,22,76000,36,2364,63.8,0
R104036,25,26,605,13752,0.179,0.711,152.1,1,0.866,21,86000,18,5351,81.3,1
R104037,14,16,287,8231,0.339,0.669,101.3,3,0.639,12,64000,24,2987,55.3,0
R104038,16,20,405,16401,0.206,0.921,137.7,1,0.896,8,66000,18,4107,75.2,1
R104039,19,26,784,28582,0.145,0.824,164.6,0,0.875,13,96000,30,3584,87.1,0
R104040,4,23,631,18901,0.161,0.914,131.6,1,0.853,3,72000,36,2240,75.2,0
R104041,9,22,445,13437,0.402,0.858,123.8,2,0.821,8,68000,18,4231,59.7,0
R104042,23,21,592,16441,0.331,0.832,137.9,1,0.956,11,82000,24,3827,76.2,0
R104043,5,21,422,11038,0.406,0.746,110.0,2,0.749,3,73000,24,3407,52.9,0
R104044,3,26,565,12368,0.181,0.884,154.3,0,0.88,3,66000,24,3080,71.5,0
R104045,6,22,513,14761,0.242,0.782,115.4,1,0.829,5,77000,18,4791,65.6,1
R104046,7,21,576,15305,0.17,0.886,109.5,1,0.792,4,96000,30,3584,73.9,1
R104047,11,24,463,13125,0.376,0.773,88.7,1,0.837,6,66000,24,3080,60.4,1
R104048,15,21,497,11926,0.28,0.75,104.4,2,0.767,9,70000,24,3267,67.9,0
R104049,19,25,541,10599,0.439,0.777,130.0,1,0.843,15,81000,18,5040,64.3,0
R104050,14,18,350,8000,0.382,0.591,93.3,2,0.753,10,85000,24,3967,54.0,0
R104051,24,22,504,10037,0.199,1.0,143.4,2,0.905,12,78000,36,2427,85.3,0
R104052,6,28,696,24748,0.141,0.886,162.6,0,0.847,4,75000,24,3500,78.9,1
R104053,6,23,602,22926,0.355,0.856,140.5,0,0.955,4,79000,30,2949,65.5,1
R104054,4,22,551,17985,0.098,0.856,141.8,3,0.833,3,65000,36,2022,75.3,0
R104055,10,28,664,20483,0.205,0.872,143.2,0,0.964,5,78000,30,2912,77.7,1
R104056,6,16,395,11719,0.28,0.681,105.3,2,0.758,5,69000,30,2576,57.7,0
R104057,20,18,393,10460,0.31,0.865,119.2,2,0.837,9,83000,18,5164,70.2,1
R104058,4,18,294,8000,0.358,0.68,102.5,3,0.715,2,93000,30,3472,49.1,1
R104059,23,26,525,18770,0.157,0.819,134.3,1,0.897,14,59000,18,3671,82.8,1
R104060,5,23,352,10283,0.329,0.82,102.8,1,0.781,3,83000,24,3873,57.3,0
R104061,21,24,504,11440,0.339,0.693,137.1,1,0.855,12,81000,18,5040,68.0,0
R104062,7,18,433,12710,0.25,0.801,143.6,1,0.899,5,71000,36,2209,65.1,0
R104063,17,21,553,14837,0.291,0.896,124.9,1,0.846,10,80000,36,2489,74.2,0
R104064,11,10,163,8000,0.529,0.553,68.3,3,0.655,5,90000,24,4200,37.6,0
R104065,17,12,181,8000,0.356,0.743,93.5,2,0.857,9,83000,30,3099,57.5,0
R104066,2,25,637,23585,0.308,0.988,170.6,0,0.95,1,47000,18,2924,69.5,1
R104067,9,25,649,14706,0.251,0.895,110.8,1,0.917,5,40000,24,1867,74.1,1
R104068,22,21,449,11236,0.358,0.784,119.6,2,0.85,12,58000,24,2707,68.4,0
R104069,10,25,578,24283,0.378,0.84,153.1,2,0.919,6,105000,18,6533,65.1,0
R104070,6,19,339,10016,0.298,0.752,116.4,1,0.879,3,99000,30,3696,58.6,0
R104071,3,21,478,11846,0.418,0.687,105.7,2,0.772,2,81000,24,3780,51.2,0
R104072,6,21,553,20464,0.16,0.862,133.6,1,0.824,5,53000,24,2473,72.9,1
R104073,24,26,671,21794,0.106,0.871,128.8,0,0.984,19,89000,24,4153,92.0,1
R104074,15,17,312,14059,0.411,0.779,112.0,3,0.723,8,59000,24,2753,56.2,0
R104075,17,24,686,16556,0.18,0.882,137.2,0,1.0,14,52000,24,2427,84.8,1
R104076,8,24,587,17854,0.262,0.954,119.0,0,0.965,7,76000,12,7093,73.7,0
R104077,8,15,293,8133,0.44,0.778,95.9,3,0.679,6,76000,24,3547,49.4,0
R104078,17,23,504,15046,0.216,0.778,138.7,1,0.844,11,82000,36,2551,74.1,0
R104079,20,21,354,8000,0.476,0.871,116.1,2,0.83,9,77000,24,3593,60.8,1
R104080,7,26,548,10465,0.176,0.91,151.7,1,0.854,5,79000,36,2458,74.4,1
R104081,15,21,564,16291,0.275,0.739,140.3,1,0.898,11,68000,18,4231,70.6,0
R104082,13,19,286,10219,0.476,0.527,71.1,3,0.675,11,77000,24,3593,44.4,0
R104083,3,19,555,11926,0.259,0.805,152.2,0,0.94,2,85000,12,7933,66.0,1
R104084,13,21,602,13229,0.397,0.712,118.2,2,0.727,8,94000,24,4387,61.3,0
R104085,10,19,375,9184,0.345,0.728,85.8,2,0.764,5,79000,36,2458,57.7,0
R104086,4,18,371,9369,0.274,0.761,98.9,1,0.831,3,68000,24,3173,58.7,0
R104087,16,26,710,20670,0.297,0.798,126.9,1,0.842,14,81000,30,3024,74.9,1
R104088,5,29,769,23181,0.267,0.901,135.7,0,0.857,2,95000,12,8867,73.4,1
R104089,6,19,462,9464,0.213,0.864,118.0,2,0.806,6,94000,24,4387,68.3,1
R104090,49,27,506,17441,0.301,0.848,150.2,1,0.831,26,61000,36,1898,75.5,0
R104091,6,19,295,8000,0.19,0.86,158.8,0,0.894,4,95000,24,4433,65.9,0
R104092,8,19,328,10615,0.283,0.669,123.3,2,0.729,7,75000,24,3500,56.8,0
R104093,3,14,302,10742,0.384,0.711,130.7,1,0.849,2,68000,36,2116,49.7,0
R104094,33,20,314,8000,0.373,0.575,92.0,2,0.75,31,67000,30,2501,59.3,0
R104095,25,17,361,16248,0.294,0.814,140.1,2,0.833,24,56000,24,2613,71.4,0
R104096,2,20,405,8529,0.228,0.939,139.8,0,0.919,1,88000,24,4107,66.0,0
R104097,45,26,685,20499,0.259,0.924,135.7,0,0.921,40,87000,24,4060,85.0,1
R104098,30,22,507,11556,0.344,0.771,114.0,2,0.76,17,67000,24,3127,70.7,0
R104099,12,24,609,16405,0.199,0.921,183.6,0,0.968,11,69000,18,4293,79.0,1
R104100,5,20,426,8000,0.29,0.663,104.6,2,0.747,3,91000,24,4247,57.1,0
R104101,24,26,569,15814,0.334,0.712,131.1,2,0.747,16,64000,36,1991,71.0,0
R104102,17,20,552,9177,0.276,0.846,118.4,1,0.874,9,104000,18,6471,74.1,1
R104103,36,17,425,9951,0.392,0.727,118.1,1,0.774,26,91000,24,4247,65.1,0
R104104,34,26,649,21882,0.351,0.709,139.6,1,0.827,32,84000,30,3136,73.0,1
R104105,11,20,421,12842,0.299,0.678,119.8,3,0.805,8,67000,24,3127,60.6,0
R104106,12,25,674,25045,0.392,0.838,111.1,1,0.776,10,45000,24,2100,66.6,0
R104107,5,19,411,13205,0.194,0.834,121.2,1,0.857,4,92000,30,3435,66.9,1
R104108,6,19,310,14065,0.247,0.881,125.9,0,0.923,3,92000,36,2862,63.7,1
R104109,10,16,378,9071,0.411,0.693,109.8,3,0.737,4,103000,24,4807,52.7,0
R104110,16,25,627,17477,0.352,0.745,157.9,1,0.885,12,64000,36,1991,69.0,1
R104111,36,28,871,30114,0.259,0.887,140.3,0,0.895,20,49000,36,1524,86.7,1
R104112,6,28,705,15864,0.31,0.895,179.7,1,0.894,3,87000,18,5413,70.4,0
R104113,10,25,693,18945,0.283,0.752,134.9,2,0.83,8,111000,30,4144,69.9,1
R104114,19,24,354,15341,0.278,0.815,130.0,2,0.85,15,82000,24,3827,69.0,0
R104115,12,24,600,18255,0.28,0.89,185.8,0,0.987,8,86000,24,4013,73.9,1
R104116,15,13,371,8000,0.184,0.736,108.2,2,0.744,13,65000,36,2022,69.2,0
R104117,11,19,338,10693,0.287,0.849,164.9,1,0.888,9,59000,24,2753,64.6,1
R104118,4,18,421,10043,0.238,0.816,131.7,1,0.834,3,84000,24,3920,63.5,1
R104119,23,13,289,8000,0.351,0.874,103.2,2,0.736,15,61000,18,3796,66.7,0
R104120,16,16,299,16834,0.483,0.787,117.0,1,0.846,12,53000,24,2473,54.1,1
R104121,7,13,283,8000,0.456,0.635,64.7,2,0.746,5,103000,30,3845,45.0,0
R104122,9,28,590,18584,0.158,0.949,138.3,1,0.886,5,66000,36,2053,78.9,0
R104123,6,25,548,16056,0.102,0.85,126.9,0,0.945,6,70000,24,3267,77.3,1
R104124,17,20,366,8000,0.375,0.654,80.9,3,0.617,13,40000,30,1493,56.7,0
R104125,3,20,404,11271,0.3,0.882,149.6,0,0.951,2,78000,24,3640,61.8,1
R104126,6,26,611,18511,0.175,0.891,140.2,0,0.966,4,58000,30,2165,76.1,1
R104127,8,22,552,16999,0.359,0.674,138.0,2,0.739,5,94000,24,4387,58.5,0
R104128,8,23,599,10956,0.194,0.882,123.1,0,0.923,7,72000,30,2688,75.5,1
R104129,5,19,408,14397,0.263,0.742,94.1,1,0.813,3,77000,36,2396,60.3,1
R104130,11,28,813,19486,0.359,0.94,152.2,0,0.897,9,44000,30,1643,74.6,1
R104131,3,25,647,20384,0.214,0.938,146.0,0,0.996,1,78000,18,4853,74.2,1
R104132,17,29,752,24450,0.246,0.764,115.9,0,0.986,12,92000,18,5724,79.7,1
R104133,28,20,595,18983,0.366,0.96,146.5,1,0.889,20,95000,18,5911,77.7,1
R104134,13,30,1000,26624,0.2,0.928,152.6,1,0.928,7,107000,24,4993,84.5,1
R104135,5,26,635,17840,0.248,0.956,130.1,1,0.853,4,85000,30,3173,72.5,0
R104136,16,21,462,16488,0.25,0.847,136.5,1,0.893,14,84000,12,7840,72.7,1
R104137,8,22,607,11384,0.156,0.913,135.4,1,0.866,5,92000,30,3435,77.9,0
R104138,13,12,195,8000,0.434,0.668,109.9,3,0.641,7,61000,18,3796,47.7,0
R104139,11,21,605,13866,0.259,0.84,147.6,1,0.957,9,83000,24,3873,73.3,1
R104140,18,18,394,10045,0.258,0.895,140.2,1,0.951,17,80000,36,2489,73.9,1
R104141,13,14,240,8000,0.418,0.712,124.2,2,0.835,12,93000,36,2893,52.6,0
R104142,8,12,196,8000,0.427,0.638,85.5,3,0.755,6,83000,24,3873,45.1,1
R104143,6,24,515,16230,0.325,0.71,124.8,2,0.785,3,59000,18,3671,59.3,1
R104144,9,17,452,11321,0.297,0.804,81.8,1,0.761,7,72000,30,2688,63.1,1
R104145,20,27,674,11715,0.296,0.77,169.1,1,0.845,18,47000,24,2193,75.7,0
R104146,9,26,594,12698,0.232,0.849,136.7,1,0.834,6,73000,36,2271,71.8,0
R104147,15,30,923,22096,0.088,0.952,169.7,1,0.935,7,65000,24,3033,92.2,1
R104148,16,23,584,14427,0.217,0.835,141.9,1,0.822,14,88000,12,8213,76.3,1
R104149,9,24,495,10288,0.324,0.733,119.2,3,0.775,8,120000,18,7467,61.5,0
R104150,9,22,449,12693,0.224,0.985,153.4,0,1.0,8,88000,24,4107,73.8,0
R104151,10,22,331,10712,0.402,0.829,118.3,2,0.67,7,65000,18,4044,55.1,0
R104152,3,30,573,15389,0.372,0.781,139.7,1,0.809,1,89000,24,4153,58.4,0
R104153,14,17,290,8000,0.374,0.833,82.4,2,0.7,13,48000,36,1493,58.5,1
R104154,7,25,513,12184,0.404,0.801,147.7,0,0.823,6,69000,36,2147,58.6,1
R104155,12,21,441,13533,0.338,0.701,136.8,1,0.903,6,80000,36,2489,61.6,1
R104156,7,20,441,13173,0.277,0.817,106.2,2,0.742,6,85000,24,3967,62.8,0
R104157,25,24,526,14000,0.236,0.856,120.6,1,0.895,13,95000,24,4433,80.3,0
R104158,25,15,478,15469,0.237,0.725,115.4,1,0.811,16,99000,24,4620,74.9,0
R104159,16,26,596,11904,0.273,0.879,152.9,0,0.884,12,62000,18,3858,75.4,0
R104160,1,29,700,19142,0.241,0.885,144.9,1,0.909,1,56000,18,3484,71.1,1
R104161,10,21,552,14880,0.3,0.867,143.2,1,0.872,5,80000,18,4978,68.7,1
R104162,18,20,485,18007,0.158,0.767,119.4,1,0.826,17,43000,36,1338,77.0,0
R104163,39,28,821,26790,0.144,0.991,149.9,0,0.947,36,80000,24,3733,95.9,1
R104164,4,21,612,16316,0.178,0.86,123.2,2,0.885,2,42000,24,1960,72.9,0
R104165,1,24,558,21625,0.289,0.819,117.0,3,0.821,1,79000,24,3687,62.5,1
R104166,7,25,728,19988,0.159,0.858,140.4,0,0.911,6,73000,18,4542,79.2,1
R104167,7,29,779,19895,0.244,0.837,99.9,1,0.836,4,81000,36,2520,74.3,1
R104168,16,22,541,18428,0.191,0.801,130.8,1,0.858,14,82000,24,3827,76.1,1
R104169,5,17,380,11104,0.367,0.767,102.8,2,0.765,4,84000,18,5227,54.2,0
R104170,7,21,532,19156,0.458,0.656,88.4,1,0.783,6,93000,30,3472,52.0,0
R104171,8,18,419,9097,0.422,0.696,98.2,2,0.802,6,105000,36,3267,52.6,0
R104172,12,28,666,17831,0.337,0.79,90.0,1,0.87,9,88000,18,5476,69.4,1
R104173,15,26,422,14162,0.435,0.73,116.0,1,0.845,10,49000,18,3049,58.0,1
R104174,6,19,325,10430,0.368,0.686,118.8,1,0.779,4,108000,24,5040,51.8,0
R104175,13,21,503,18542,0.316,0.751,139.9,1,0.807,9,85000,24,3967,64.8,0
R104176,2,24,524,14438,0.08,0.946,190.0,0,0.903,1,73000,24,3407,76.7,1
R104177,26,19,365,13067,0.356,0.824,127.5,1,0.849,21,47000,24,2193,68.7,0
R104178,5,14,378,11936,0.203,0.91,144.2,1,0.895,4,40000,24,1867,68.0,1
R104179,21,30,744,23540,0.229,0.884,127.0,0,0.921,11,81000,36,2520,85.3,0
R104180,7,24,445,11209,0.257,0.968,147.3,0,0.904,4,83000,36,2582,69.2,1
R104181,16,24,456,10182,0.193,0.899,142.1,0,0.937,7,83000,24,3873,77.0,1
R104182,8,28,536,17326,0.337,0.78,86.3,1,0.855,7,85000,36,2644,63.2,0
R104183,18,20,382,8617,0.178,0.8,150.0,1,0.826,14,92000,24,4293,73.7,0
R104184,20,23,529,16931,0.158,0.816,146.0,1,0.893,11,75000,24,3500,81.1,0
R104185,25,18,489,18698,0.39,0.577,101.7,2,0.729,13,52000,24,2427,62.6,0
R104186,14,23,548,9509,0.131,0.746,154.6,1,0.834,11,51000,36,1587,76.7,1
R104187,2,24,671,23625,0.319,0.848,128.7,1,0.906,1,74000,24,3453,65.8,1
R104188,5,28,754,26458,0.213,0.849,124.5,0,0.979,4,74000,24,3453,75.9,1
R104189,25,20,355,10525,0.355,0.776,132.2,3,0.744,15,62000,30,2315,66.2,0
R104190,9,21,644,15571,0.215,0.81,99.4,1,0.837,5,63000,30,2352,73.4,0
R104191,9,19,428,11926,0.259,0.83,128.2,1,0.824,8,101000,18,6284,65.8,0
R104192,16,23,611,17292,0.228,0.655,139.7,1,0.897,15,87000,36,2707,72.9,0
R104193,14,26,431,13293,0.112,0.812,164.9,1,0.827,8,81000,36,2520,76.7,0
R104194,34,20,440,15782,0.42,0.635,113.8,2,0.743,31,84000,36,2613,61.4,1
R104195,10,17,375,10877,0.439,0.68,126.9,4,0.736,9,75000,24,3500,51.2,0
R104196,9,16,336,10813,0.371,0.579,73.4,2,0.723,8,80000,36,2489,50.5,0
R104197,20,25,480,14964,0.277,0.878,139.5,1,0.814,10,67000,24,3127,74.1,0
R104198,17,24,564,22118,0.232,0.958,152.5,2,0.945,15,98000,12,9147,79.8,1
R104199,4,18,350,13866,0.363,0.598,83.7,3,0.72,2,65000,30,2427,48.4,0
R104200,9,20,618,19527,0.273,0.95,120.3,1,0.892,5,86000,24,4013,73.8,0
R104201,35,20,527,16075,0.324,0.617,113.6,1,0.87,25,112000,24,5227,69.5,0
R104202,6,25,687,24462,0.314,0.744,141.0,2,0.888,3,117000,36,3640,65.9,1
R104203,9,20,672,19786,0.228,0.78,105.8,2,0.798,4,96000,36,2987,72.1,1
R104204,30,28,889,27979,0.267,0.858,156.7,1,0.891,25,120000,36,3733,85.5,0
R104205,30,21,368,12176,0.371,0.64,59.6,3,0.662,17,72000,30,2688,61.5,0
R104206,23,24,600,15681,0.205,0.807,132.0,1,0.871,21,96000,30,3584,81.8,1
R104207,8,26,602,13653,0.206,0.975,137.5,0,0.959,7,74000,24,3453,77.5,1
R104208,6,18,424,9116,0.229,0.702,95.3,2,0.69,4,113000,24,5273,61.2,0
R104209,19,27,650,18011,0.256,0.896,147.5,0,1.0,17,94000,24,4387,81.5,0
R104210,26,21,410,13102,0.403,0.648,115.4,2,0.731,24,85000,36,2644,61.8,0
R104211,10,21,496,16681,0.337,0.783,133.8,1,0.871,7,113000,24,5273,63.4,1
R104212,14,23,377,11874,0.08,0.928,152.4,0,0.963,6,40000,24,1867,80.8,1
R104213,6,17,221,8000,0.476,0.554,83.5,3,0.674,3,89000,30,3323,39.1,0
R104214,3,26,645,23278,0.148,0.807,140.4,1,0.889,2,75000,24,3500,73.6,1
R104215,3,26,690,17724,0.254,1.0,155.3,0,0.928,2,68000,24,3173,74.5,1
R104216,10,24,554,22311,0.347,0.796,103.8,2,0.843,6,67000,24,3127,64.5,1
R104217,6,27,559,11268,0.387,0.787,118.1,1,0.832,4,40000,36,1244,59.3,1
R104218,13,23,333,10924,0.33,0.659,103.1,1,0.804,10,79000,12,7373,57.9,1
R104219,6,24,492,8607,0.111,0.843,138.6,2,0.833,4,61000,24,2847,74.1,0
R104220,22,25,535,13928,0.166,0.908,152.4,0,0.94,21,86000,12,8027,84.9,1
R104221,8,23,501,9792,0.3,0.883,132.5,1,0.861,6,63000,24,2940,66.5,0
R104222,9,15,315,11050,0.352,0.575,106.7,2,0.743,5,96000,30,3584,50.8,0
R104223,25,23,671,20013,0.103,0.891,163.1,0,0.937,16,51000,30,1904,92.2,0
R104224,12,26,587,18140,0.324,0.843,121.4,2,0.86,7,103000,24,4807,69.2,0
R104225,13,29,726,19455,0.415,0.851,137.5,1,0.907,8,78000,30,2912,69.1,0
R104226,9,16,428,8000,0.332,0.788,118.7,2,0.821,5,60000,30,2240,60.9,0
R104227,11,25,734,19523,0.332,0.853,123.0,1,0.863,5,94000,24,4387,72.2,0
R104228,4,17,373,8000,0.308,0.811,132.4,3,0.82,3,71000,24,3313,58.6,0
R104229,20,29,561,9875,0.181,0.892,155.7,1,0.855,11,82000,24,3827,81.9,0
R104230,7,22,457,10690,0.194,0.719,126.8,1,0.838,6,76000,36,2364,66.1,0
R104231,4,25,539,16172,0.399,0.689,117.0,3,0.749,3,43000,30,1605,53.7,0
R104232,20,21,415,9439,0.274,0.856,131.5,1,0.873,17,93000,36,2893,72.6,0
R104233,15,22,549,13664,0.226,0.967,151.5,1,0.913,10,73000,30,2725,78.5,1
R104234,16,24,521,11783,0.268,0.699,119.1,1,0.854,7,75000,18,4667,69.1,0
R104235,11,24,699,14806,0.233,0.744,123.0,1,0.824,6,82000,24,3827,72.9,0
R104236,27,25,578,14014,0.269,0.845,137.0,1,0.901,16,55000,18,3422,79.6,1
R104237,7,28,682,17579,0.215,0.945,161.6,0,0.85,4,56000,30,2091,76.2,0
R104238,10,25,527,17283,0.159,0.888,156.4,1,0.955,6,80000,12,7467,77.0,1
R104239,2,25,547,11772,0.21,0.772,147.3,2,0.83,2,80000,18,4978,65.6,1
R104240,1,27,766,25812,0.234,0.732,124.5,1,0.82,1,74000,24,3453,68.2,1
R104241,12,24,441,10728,0.442,0.87,123.4,1,0.77,6,67000,18,4169,59.1,0
R104242,15,17,304,12498,0.254,0.731,112.2,4,0.702,9,43000,12,4013,62.9,1
R104243,12,25,615,14584,0.243,0.824,131.7,1,0.924,6,92000,18,5724,74.0,0
R104244,15,19,416,10505,0.27,0.856,143.0,0,0.946,13,82000,24,3827,70.5,1
R104245,19,21,500,12948,0.433,0.663,102.1,2,0.741,15,76000,36,2364,60.0,0
R104246,10,18,501,9077,0.403,0.881,136.2,1,0.885,5,93000,24,4340,62.6,0
R104247,8,23,567,16399,0.213,0.835,116.4,1,0.809,4,63000,36,1960,71.4,1
R104248,5,23,656,20354,0.25,0.736,113.8,1,0.853,4,85000,18,5289,67.5,0
R104249,13,27,589,9660,0.175,0.823,156.4,2,0.966,12,98000,24,4573,78.1,0
R104250,21,22,495,14595,0.303,0.83,92.7,1,0.824,15,76000,24,3547,72.8,0
R104251,17,30,800,20847,0.132,0.938,140.8,0,0.837,10,78000,30,2912,89.5,0
R104252,34,26,707,20295,0.238,0.847,159.7,1,0.865,31,83000,30,3099,84.2,0
R104253,11,26,641,8874,0.191,0.88,120.4,2,0.776,7,97000,24,4527,76.9,1
R104254,8,18,313,8000,0.257,0.809,123.5,3,0.717,6,80000,30,2987,60.8,1
R104255,10,23,571,19091,0.163,0.827,145.4,0,0.901,5,107000,36,3329,75.6,0
R104256,18,20,634,18253,0.155,0.763,147.1,1,0.835,16,76000,18,4729,80.4,0
R104257,15,22,609,16468,0.223,0.904,144.7,0,1.0,14,51000,18,3173,79.5,1
R104258,7,25,615,17841,0.196,0.817,140.6,0,0.915,5,84000,30,3136,73.1,1
R104259,13,17,330,8503,0.412,0.686,99.5,2,0.74,11,87000,36,2707,53.2,0
R104260,6,26,648,18492,0.108,0.826,146.9,0,0.889,4,88000,24,4107,78.2,1
R104261,15,22,573,14437,0.239,0.994,136.0,0,0.903,12,73000,24,3407,79.1,0
R104262,2,12,199,8000,0.478,0.437,57.6,3,0.608,1,56000,24,2613,32.5,0
R104263,3,28,714,14060,0.335,0.845,133.2,1,0.851,2,54000,24,2520,66.0,0
R104264,4,21,422,10630,0.464,0.758,94.2,1,0.838,2,65000,24,3033,50.0,0
R104265,5,24,504,12577,0.271,0.817,139.9,1,0.857,4,40000,24,1867,64.8,1
R104266,14,20,477,9651,0.405,0.698,115.0,3,0.717,7,95000,24,4433,58.1,0
R104267,17,22,408,10758,0.348,0.699,99.3,2,0.799,16,71000,24,3313,62.4,1
R104268,10,26,553,15441,0.22,1.0,149.4,2,0.948,5,104000,18,6471,77.4,0
R104269,4,24,741,23175,0.183,0.921,153.4,0,0.999,2,100000,24,4667,78.5,1
R104270,20,20,441,11266,0.294,0.799,109.2,1,0.906,12,80000,30,2987,71.2,1
R104271,10,20,356,10822,0.268,0.865,93.7,1,0.824,5,112000,18,6969,65.0,1
R104272,23,20,368,8279,0.31,0.833,137.8,2,0.832,21,80000,36,2489,70.3,0
R104273,11,25,552,19323,0.293,0.905,141.7,1,0.851,7,93000,36,2893,70.7,0
R104274,3,30,852,25768,0.213,0.853,119.4,1,0.943,2,96000,24,4480,75.5,1
R104275,6,18,358,9849,0.367,0.624,102.5,2,0.837,6,74000,30,2763,51.5,0
R104276,2,22,625,12012,0.333,1.0,147.6,2,0.914,2,67000,24,3127,67.9,0
R104277,1,19,474,8000,0.249,0.87,128.0,1,0.934,1,69000,36,2147,64.8,1
R104278,8,27,481,14081,0.347,0.756,109.7,1,0.808,5,117000,18,7280,59.9,0
R104279,11,27,527,14616,0.224,0.795,138.6,1,0.873,5,78000,36,2427,71.3,1
R104280,23,20,486,18614,0.327,0.789,117.2,1,0.894,14,87000,30,3248,72.3,0
R104281,14,22,350,13010,0.361,0.901,121.9,1,0.857,11,47000,12,4387,63.8,0
R104282,18,28,642,11347,0.31,0.787,118.8,1,0.822,9,87000,30,3248,73.1,0
R104283,7,22,563,16529,0.342,0.911,133.3,1,0.915,6,92000,24,4293,66.7,1
R104284,4,26,475,8149,0.335,0.808,159.6,1,0.866,3,76000,36,2364,59.7,1
R104285,11,22,621,21307,0.199,0.826,132.3,1,0.829,6,57000,24,2660,75.2,0
R104286,7,24,452,11992,0.153,0.879,154.2,0,0.895,4,70000,24,3267,72.9,1
R104287,17,13,350,8622,0.387,0.793,118.3,1,0.844,15,69000,36,2147,61.4,0
R104288,7,26,690,14716,0.111,0.854,182.1,1,0.928,6,50000,18,3111,80.9,1
R104289,14,19,376,9720,0.333,0.904,104.9,1,0.861,10,74000,12,6907,66.1,1
R104290,30,25,633,17199,0.339,0.883,110.7,1,0.903,17,78000,18,4853,78.3,1
R104291,16,26,492,19209,0.196,0.947,126.2,0,0.921,8,55000,18,3422,79.3,1
R104292,24,25,429,12602,0.195,0.878,128.7,0,0.898,21,85000,30,3173,80.6,1
R104293,3,25,687,18352,0.199,0.824,129.9,1,0.944,3,81000,24,3780,72.7,1
R104294,4,16,358,13197,0.292,0.85,125.8,2,0.844,2,101000,24,4713,59.7,0
R104295,12,26,667,13907,0.193,0.956,186.5,0,1.0,11,53000,18,3298,81.9,1
R104296,16,16,338,10970,0.441,0.688,115.7,2,0.814,11,82000,36,2551,55.0,0
R104297,14,21,436,13261,0.246,0.853,148.1,0,0.97,11,83000,12,7747,71.8,1
R104298,6,23,517,10969,0.337,0.928,143.5,0,0.878,4,73000,18,4542,64.9,0
R104299,16,25,659,21053,0.296,0.975,165.7,0,0.92,11,91000,36,2831,78.4,1
R104300,12,25,506,14364,0.314,0.793,109.4,2,0.874,6,57000,36,1773,66.5,0
R104301,7,26,609,8000,0.159,0.874,155.0,1,0.853,5,114000,24,5320,76.1,0
R104302,23,21,535,12069,0.347,0.837,123.7,1,0.866,11,65000,30,2427,73.4,0
R104303,16,26,647,15029,0.129,0.992,162.1,0,0.959,12,94000,30,3509,88.1,1
R104304,21,23,540,13145,0.326,0.712,102.0,2,0.741,15,82000,30,3061,69.0,0
R104305,12,30,887,25638,0.149,0.902,154.7,0,0.896,8,57000,30,2128,85.1,0
R104306,15,24,687,17903,0.233,0.849,155.1,0,0.976,10,99000,24,4620,79.4,1
R104307,14,19,397,17280,0.308,0.76,116.6,2,0.769,8,71000,36,2209,63.1,1
R104308,3,23,510,17711,0.092,0.901,157.1,0,1.0,2,82000,12,7653,76.2,1
R104309,11,23,564,14954,0.528,0.729,115.6,1,0.839,8,54000,24,2520,53.7,0
R104310,13,30,645,19969,0.174,0.824,139.4,1,0.881,11,73000,24,3407,78.8,1
R104311,19,21,563,21458,0.369,0.911,128.1,1,0.853,17,80000,24,3733,72.0,1
R104312,6,23,672,19914,0.414,0.747,117.6,2,0.761,5,57000,24,2660,59.0,0
R104313,11,25,534,12285,0.314,0.91,147.5,1,0.922,10,73000,30,2725,69.9,0
R104314,22,18,326,12897,0.346,0.647,130.4,2,0.787,19,64000,24,2987,62.1,1
R104315,9,21,623,16267,0.177,0.83,147.9,1,0.867,8,68000,30,2539,75.4,0
R104316,3,30,769,20068,0.22,0.903,172.1,0,0.968,3,89000,18,5538,76.0,1
R104317,16,24,615,13728,0.379,0.954,111.0,1,0.863,8,71000,18,4418,72.2,0
R104318,12,26,653,19400,0.296,0.851,150.9,1,0.874,6,82000,24,3827,72.3,1
R104319,2,24,579,17477,0.231,0.833,148.2,1,0.894,1,76000,30,2837,67.8,1
R104320,9,26,595,11369,0.319,0.932,138.5,1,0.891,5,77000,30,2875,70.4,0
R104321,11,13,264,8000,0.471,0.665,77.2,2,0.728,8,75000,36,2333,46.6,0
R104322,9,22,312,12165,0.33,0.823,125.5,4,0.733,7,97000,24,4527,58.1,1
R104323,11,21,375,8613,0.34,0.778,140.2,1,0.739,6,94000,24,4387,59.5,1
R104324,12,16,427,12953,0.335,0.813,93.1,2,0.75,11,96000,30,3584,62.6,0
R104325,13,20,352,8000,0.164,0.842,130.7,2,0.905,6,82000,36,2551,72.3,0
R104326,10,30,783,18136,0.43,0.861,112.5,2,0.809,6,55000,24,2567,66.9,1
R104327,17,18,390,8584,0.39,0.763,101.4,2,0.813,8,79000,18,4916,61.4,0
R104328,17,23,545,9050,0.096,0.809,117.8,1,0.827,14,94000,36,2924,81.8,1
R104329,7,18,457,12201,0.358,0.71,123.8,2,0.869,4,78000,36,2427,57.5,0
R104330,26,25,601,13715,0.301,0.921,161.7,0,0.94,20,86000,24,4013,80.8,1
R104331,6,15,248,8000,0.402,0.702,97.3,2,0.788,5,86000,12,8027,48.7,0
R104332,13,21,451,9956,0.421,0.683,98.7,1,0.864,7,69000,24,3220,56.9,0
R104333,13,22,649,20189,0.276,0.883,141.7,0,0.889,11,81000,36,2520,75.1,1
R104334,4,24,644,19250,0.256,0.727,121.0,1,0.877,4,64000,24,2987,66.4,1
R104335,3,12,311,8000,0.426,0.671,74.5,2,0.726,3,101000,12,9427,45.8,0
R104336,7,17,377,11017,0.469,0.703,110.3,2,0.806,4,71000,36,2209,49.1,0
R104337,16,25,618,16326,0.395,0.771,107.3,2,0.76,15,68000,30,2539,65.6,0
R104338,1,30,753,22657,0.138,0.842,168.3,0,0.967,1,111000,30,4144,77.1,1
R104339,8,21,424,14832,0.401,0.703,133.4,1,0.831,5,40000,24,1867,54.7,1
R104340,4,15,349,8000,0.386,0.65,106.7,2,0.707,3,49000,24,2287,48.5,0
R104341,18,23,447,13639,0.253,0.91,129.7,3,0.843,17,57000,24,2660,74.8,0
R104342,8,28,583,19281,0.298,0.841,146.8,1,0.79,5,82000,24,3827,67.0,1
R104343,13,26,579,14062,0.329,0.86,164.0,0,0.953,8,67000,24,3127,70.7,1
R104344,10,22,463,10887,0.177,0.791,142.7,1,0.908,8,77000,36,2396,71.6,1
R104345,17,22,596,14766,0.191,0.878,162.8,0,0.94,9,74000,24,3453,81.0,1
R104346,8,21,678,17738,0.306,0.767,146.8,1,0.871,7,83000,18,5164,67.8,0
R104347,6,22,462,18732,0.329,0.724,98.4,1,0.883,5,65000,24,3033,59.4,0
R104348,4,23,549,12104,0.335,0.692,108.9,1,0.803,2,81000,24,3780,58.1,1
R104349,12,22,592,12279,0.378,0.88,125.3,1,0.867,11,71000,30,2651,67.4,1
R104350,16,21,409,10874,0.281,0.7,88.0,3,0.739,10,84000,18,5227,64.4,0
R104351,5,21,387,12224,0.218,0.938,143.5,1,0.939,4,88000,12,8213,68.3,0
R104352,10,16,364,10947,0.554,0.733,94.2,2,0.802,7,69000,24,3220,46.5,0
R104353,25,28,791,24654,0.133,1.0,163.4,1,0.941,13,83000,24,3873,96.4,0
R104354,8,18,424,15822,0.359,0.652,127.8,3,0.697,7,90000,24,4200,54.4,0
R104355,4,19,514,9680,0.259,0.889,159.6,1,0.856,3,68000,30,2539,67.0,1
R104356,8,24,591,19571,0.138,0.829,130.9,1,0.943,5,94000,18,5849,76.9,1
R104357,8,24,805,21822,0.188,0.841,140.7,1,0.949,4,90000,36,2800,79.7,1
R104358,17,16,280,8227,0.34,0.711,87.0,3,0.685,10,83000,36,2582,58.4,0
R104359,11,27,558,13933,0.361,0.798,137.7,1,0.857,7,81000,18,5040,64.7,0
R104360,2,24,489,18541,0.307,0.734,103.1,2,0.705,2,94000,12,8773,57.1,0
R104361,20,26,590,15419,0.346,0.792,131.0,1,0.907,12,68000,36,2116,71.8,0
R104362,6,24,698,15280,0.219,0.948,163.3,1,0.828,3,78000,24,3640,75.7,1
R104363,4,27,587,14330,0.308,0.78,145.2,1,0.864,3,82000,24,3827,63.4,1
R104364,10,22,462,8000,0.336,0.712,100.2,1,0.868,8,61000,18,3796,60.8,1
R104365,6,20,423,11587,0.318,0.719,112.3,2,0.792,5,86000,36,2676,58.0,0
R104366,18,25,638,19811,0.251,0.861,160.7,0,0.967,16,70000,24,3267,79.2,0
R104367,12,21,548,15722,0.267,0.744,142.8,2,0.904,5,56000,18,3484,68.9,0
R104368,8,23,504,12000,0.38,0.761,90.0,1,0.869,6,53000,18,3298,59.6,1
R104369,6,13,216,9465,0.289,0.59,90.8,2,0.716,5,48000,30,1792,49.9,0
R104370,26,21,519,13101,0.183,0.789,156.4,1,0.826,20,62000,36,1929,80.5,1
R104371,22,16,350,8285,0.346,0.545,109.5,2,0.733,17,41000,36,1276,59.5,1
R104372,10,17,453,8698,0.216,0.889,136.3,1,0.819,8,69000,36,2147,70.7,0
R104373,2,21,400,14057,0.301,0.845,97.4,1,0.798,2,62000,24,2893,58.8,0
R104374,8,22,480,11123,0.287,0.683,98.9,2,0.87,7,52000,24,2427,61.9,0
R104375,16,26,677,15343,0.375,0.826,132.0,1,0.818,10,97000,12,9053,70.5,0
R104376,5,19,473,13840,0.374,0.75,103.6,1,0.828,4,62000,24,2893,56.5,1
R104377,27,26,674,14790,0.164,0.902,144.0,0,0.952,15,111000,12,10360,89.5,1
R104378,25,19,403,16796,0.262,0.874,129.0,1,0.84,16,47000,24,2193,75.7,1
R104379,7,18,343,8000,0.35,0.712,128.0,1,0.849,5,98000,30,3659,54.8,0
R104380,5,16,253,8000,0.341,0.742,118.4,1,0.884,4,77000,36,2396,53.4,1
R104381,18,24,520,11298,0.324,0.741,141.7,1,0.839,10,91000,12,8493,68.4,0
R104382,14,19,317,8567,0.271,0.773,75.2,1,0.781,13,53000,36,1649,63.8,0
R104383,9,27,804,22287,0.203,0.896,159.5,0,0.988,7,72000,18,4480,81.1,0
R104384,19,26,530,15613,0.173,0.873,136.2,1,0.881,12,103000,24,4807,80.9,1
R104385,4,20,280,8000,0.438,0.603,102.6,3,0.749,3,104000,24,4853,43.1,1
R104386,9,29,803,25482,0.33,0.778,136.2,1,0.879,6,89000,30,3323,70.9,1
R104387,22,20,404,8000,0.29,0.791,101.7,2,0.801,16,65000,30,2427,70.7,1
R104388,16,23,628,15724,0.224,0.939,148.2,1,0.906,9,64000,30,2389,80.5,1
R104389,18,26,647,17808,0.254,0.887,149.7,0,0.902,17,81000,36,2520,79.5,1
R104390,42,27,510,20015,0.341,0.791,102.8,2,0.776,25,57000,18,3547,71.5,0
R104391,13,24,721,13675,0.159,0.936,157.9,2,0.865,8,57000,36,1773,84.1,1
R104392,13,22,633,15049,0.176,0.853,158.9,0,1.0,10,78000,18,4853,80.4,1
R104393,4,18,498,10161,0.258,0.943,129.3,1,0.924,2,66000,30,2464,68.5,0
R104394,8,15,394,8000,0.339,0.781,105.4,1,0.805,7,91000,18,5662,58.8,0
R104395,15,26,512,13896,0.334,0.789,90.9,1,0.873,13,88000,24,4107,67.4,0
R104396,15,24,731,21944,0.244,0.851,162.2,0,0.976,7,53000,24,2473,79.8,1
R104397,19,19,537,11933,0.178,0.878,117.8,1,0.832,9,61000,12,5693,80.2,1
R104398,11,24,477,15436,0.248,0.91,168.6,0,0.943,8,66000,30,2464,72.0,0
R104399,11,28,538,9444,0.317,0.731,111.3,1,0.828,8,55000,24,2567,64.2,0
R104400,9,24,541,13985,0.201,0.817,169.4,1,0.807,8,60000,18,3733,71.5,1
R104401,2,29,739,20019,0.12,0.822,135.3,1,0.833,2,60000,36,1867,76.7,1
R104402,4,18,319,8228,0.205,0.825,102.8,1,0.811,4,65000,18,4044,62.8,0
R104403,9,28,668,15043,0.183,0.802,140.1,1,0.865,8,80000,36,2489,75.7,1
R104404,20,17,318,8000,0.35,0.708,98.5,2,0.733,15,40000,24,1867,61.6,1
R104405,11,19,351,8493,0.347,0.834,120.0,1,0.838,5,78000,24,3640,60.9,0
R104406,10,20,479,15092,0.37,0.854,147.8,1,0.903,8,85000,30,3173,63.1,0
R104407,10,25,486,8000,0.168,0.941,162.7,0,0.914,9,98000,30,3659,76.5,0
R104408,9,28,749,25887,0.267,0.791,147.9,1,0.945,4,90000,24,4200,73.6,0
R104409,9,20,387,13946,0.322,0.806,116.5,1,0.881,5,49000,24,2287,61.4,0
R104410,6,23,572,19188,0.413,0.694,106.6,1,0.803,5,65000,36,2022,55.9,0
R104411,12,20,458,11309,0.385,0.781,136.6,1,0.852,6,61000,24,2847,61.0,0
R104412,21,21,461,14031,0.388,0.696,149.0,1,0.877,16,88000,24,4107,64.4,0
R104413,11,20,453,13563,0.348,0.852,140.3,1,0.81,6,85000,30,3173,63.3,1
R104414,13,26,575,13137,0.321,0.781,92.4,2,0.73,10,59000,36,1836,66.6,0
R104415,11,27,631,21007,0.207,0.878,166.7,0,0.879,6,63000,30,2352,76.8,0
R104416,15,26,550,13287,0.216,0.925,140.9,0,0.941,12,73000,12,6813,78.2,0
R104417,9,25,606,23889,0.182,0.956,148.5,0,0.905,4,71000,18,4418,78.5,0
R104418,2,12,227,8000,0.394,0.63,83.6,3,0.53,2,59000,24,2753,41.6,0
R104419,6,20,590,16584,0.121,0.865,134.2,1,0.931,4,75000,24,3500,77.0,1
R104420,10,27,740,18886,0.143,0.813,148.6,1,0.964,6,77000,24,3593,81.2,0
R104421,28,18,478,11143,0.243,0.769,129.4,1,0.849,19,100000,24,4667,76.1,0
R104422,6,24,578,18133,0.221,1.0,120.2,0,1.0,4,106000,18,6596,75.8,1
R104423,7,20,463,10879,0.424,0.637,83.6,2,0.737,7,49000,36,1524,51.2,1
R104424,7,20,550,14489,0.218,0.896,120.9,0,0.975,6,87000,18,5413,72.9,0
R104425,3,21,515,10803,0.38,0.77,119.1,2,0.81,2,99000,30,3696,56.1,0
R104426,10,22,605,16153,0.207,0.944,139.6,0,0.928,6,45000,24,2100,77.5,1
R104427,2,23,671,24986,0.334,0.819,127.0,2,0.802,1,63000,18,3920,63.1,0
R104428,12,23,562,13703,0.291,0.908,132.5,1,0.886,10,42000,24,1960,72.1,0
R104429,15,18,485,17620,0.17,1.0,160.5,0,0.875,10,83000,30,3099,80.4,0
R104430,2,23,579,16904,0.381,0.774,129.8,1,0.768,1,74000,12,6907,56.7,0
R104431,42,20,481,14671,0.251,0.855,82.2,2,0.795,35,98000,24,4573,77.4,1
R104432,3,20,392,13150,0.278,0.748,90.2,1,0.868,2,77000,24,3593,58.8,1
R104433,5,22,568,11501,0.286,0.778,140.5,1,0.846,4,73000,30,2725,64.3,1
R104434,33,21,452,11084,0.368,0.704,117.7,1,0.779,21,98000,36,3049,66.5,1
R104435,3,20,337,10377,0.483,0.64,99.3,3,0.758,2,94000,12,8773,42.7,0
R104436,11,26,730,28497,0.192,0.788,136.7,2,0.88,9,91000,18,5662,77.6,1
R104437,13,17,416,13217,0.299,0.962,145.3,0,0.881,10,76000,18,4729,70.0,1
R104438,8,24,509,8330,0.397,0.914,128.1,1,0.828,4,66000,36,2053,62.4,0
R104439,8,19,392,8000,0.456,0.78,113.3,2,0.763,7,104000,24,4853,52.4,0
R104440,13,22,440,9014,0.205,0.838,119.1,1,0.872,7,67000,24,3127,72.3,0
R104441,21,18,364,8585,0.473,0.717,89.2,3,0.664,11,88000,18,5476,56.4,0
R104442,11,28,682,19360,0.224,0.826,148.6,0,0.951,8,46000,30,1717,76.4,0
R104443,30,19,386,11932,0.212,0.624,124.6,1,0.832,18,76000,36,2364,71.6,0
R104444,3,25,650,10683,0.235,0.749,114.9,1,0.827,2,77000,24,3593,67.0,1
R104445,29,19,372,8000,0.338,0.62,78.3,3,0.602,24,57000,24,2660,62.2,0
R104446,8,19,486,15006,0.372,0.682,109.3,2,0.787,6,80000,30,2987,56.5,1
R104447,29,21,412,17956,0.245,0.891,158.5,0,0.931,20,82000,24,3827,78.2,1
R104448,15,25,604,19499,0.364,0.711,107.1,2,0.807,9,81000,30,3024,65.6,1
R104449,5,21,490,15948,0.263,0.719,93.7,1,0.839,3,59000,30,2203,62.1,1
R104450,12,26,736,20438,0.127,0.884,143.6,3,0.914,11,80000,30,2987,84.8,1
R104451,2,23,606,20633,0.283,0.859,108.7,1,0.869,1,95000,18,5911,66.0,1
R104452,6,25,496,18006,0.302,0.951,143.9,2,0.795,4,43000,24,2007,66.3,0
R104453,8,20,407,9164,0.389,0.645,91.1,3,0.749,6,86000,12,8027,52.8,0
R104454,10,23,576,18614,0.207,0.902,145.5,2,0.825,7,78000,24,3640,74.7,1
R104455,22,17,376,8000,0.284,0.717,119.8,1,0.838,11,63000,24,2940,68.7,0
R104456,7,21,442,12426,0.411,0.652,107.7,2,0.723,6,60000,30,2240,51.5,0
R104457,5,22,527,9038,0.171,0.934,124.2,1,0.915,5,120000,30,4480,74.3,1
R104458,5,16,333,10473,0.399,0.799,88.5,2,0.706,5,77000,24,3593,51.9,1
R104459,12,19,310,8000,0.334,0.65,100.2,3,0.78,6,90000,30,3360,55.8,0
R104460,17,14,291,9921,0.419,0.492,73.1,3,0.676,11,77000,36,2396,49.1,0
R104461,6,25,655,13164,0.314,0.842,135.5,0,0.942,4,79000,18,4916,68.5,1
R104462,12,26,884,24658,0.234,0.951,126.9,0,0.882,11,92000,18,5724,81.9,1
R104463,1,22,483,16013,0.195,0.873,144.7,1,0.876,1,98000,24,4573,67.2,0
R104464,7,26,719,23007,0.095,0.821,150.3,0,0.973,6,94000,30,3509,82.0,1
R104465,2,24,659,13122,0.08,0.878,166.3,0,0.966,2,40000,24,1867,79.6,1
R104466,27,28,766,18664,0.212,0.924,128.3,0,0.954,23,89000,24,4153,89.8,1
R104467,28,25,623,14858,0.233,0.931,161.6,1,0.862,18,57000,12,5320,84.4,1
R104468,12,25,640,14671,0.385,0.802,127.5,1,0.857,10,58000,12,5413,65.8,1
R104469,3,19,438,13778,0.369,0.766,95.6,2,0.764,2,99000,18,6160,54.3,0
R104470,4,27,673,19055,0.227,0.971,150.3,1,0.868,3,77000,30,2875,74.3,1
R104471,11,24,692,28219,0.23,0.832,118.0,1,0.837,6,49000,24,2287,75.5,0
R104472,11,26,624,18859,0.185,0.855,136.8,0,0.903,9,80000,30,2987,77.3,0
R104473,2,25,504,11502,0.322,0.863,145.8,2,0.815,2,90000,36,2800,61.0,1
R104474,7,23,505,12685,0.225,0.826,132.0,1,0.878,4,96000,24,4480,68.7,0
R104475,9,20,534,12518,0.181,0.821,139.9,1,0.897,8,57000,30,2128,73.4,1
R104476,22,28,562,17357,0.285,0.837,148.1,1,0.927,10,58000,18,3609,77.4,1
R104477,14,25,730,19971,0.233,0.697,131.7,2,0.834,8,120000,18,7467,74.6,0
R104478,7,18,377,11937,0.232,0.709,117.1,1,0.876,4,40000,30,1493,62.4,0
R104479,24,23,719,26312,0.461,0.75,95.6,1,0.773,12,100000,18,6222,69.1,1
R104480,26,22,419,15191,0.239,0.88,153.0,1,0.82,15,68000,18,4231,77.3,1
R104481,17,24,590,18701,0.209,0.885,144.4,1,0.845,12,60000,36,1867,78.9,1
R104482,3,23,604,12931,0.376,0.881,152.9,1,0.871,3,69000,30,2576,62.0,1
R104483,9,24,534,11285,0.439,0.77,130.8,1,0.856,6,72000,24,3360,57.7,0
R104484,7,30,695,19235,0.22,0.915,120.8,0,0.951,6,66000,12,6160,76.7,0
R104485,6,21,395,14363,0.427,0.738,123.5,1,0.897,5,70000,24,3267,52.9,1
R104486,24,24,503,16427,0.214,0.754,143.8,0,0.897,22,75000,12,7000,78.3,1
R104487,26,16,254,8000,0.391,0.504,70.8,3,0.659,21,70000,30,2613,54.2,0
R104488,7,15,358,8000,0.277,0.678,100.9,2,0.79,3,97000,36,3018,57.9,0
R104489,8,27,800,22396,0.324,0.895,163.1,0,0.911,7,73000,36,2271,73.8,0
R104490,3,17,524,16932,0.355,0.673,99.7,1,0.847,2,74000,30,2763,56.1,0
R104491,22,18,510,11612,0.302,0.827,122.8,1,0.887,17,49000,18,3049,74.6,1
R104492,19,24,431,11273,0.29,0.75,115.5,4,0.756,15,119000,36,3702,67.9,0
R104493,6,18,456,10839,0.208,0.776,130.8,0,0.98,3,69000,24,3220,67.5,1
R104494,6,21,380,9298,0.413,0.712,98.6,2,0.807,6,86000,24,4013,51.8,0
R104495,13,26,562,14943,0.221,0.781,140.0,2,0.84,7,58000,12,5413,72.8,0
R104496,13,27,458,13428,0.113,0.828,160.8,0,0.919,6,52000,30,1941,77.8,1
R104497,10,20,315,9382,0.333,0.694,72.4,2,0.887,7,47000,36,1462,57.1,0
R104498,18,21,507,14954,0.207,0.839,139.3,0,0.899,9,64000,24,2987,77.3,0
R104499,15,25,508,8447,0.172,0.993,140.9,0,0.95,12,85000,18,5289,81.2,1
R104500,12,26,620,11984,0.333,0.774,154.3,1,0.937,10,85000,24,3967,68.4,1
R104501,7,23,550,10895,0.399,0.858,118.2,3,0.811,4,90000,24,4200,60.8,0
R104502,15,24,395,14755,0.286,0.922,131.8,1,0.874,12,82000,30,3061,70.1,0
R104503,12,26,753,23285,0.15,0.972,137.4,0,0.948,9,74000,30,2763,86.4,1
R104504,7,22,499,14580,0.304,0.885,126.2,2,0.864,6,83000,12,7747,66.0,1
R104505,8,19,395,13517,0.242,0.79,156.2,1,0.816,6,82000,24,3827,64.1,1
R104506,6,21,359,9386,0.142,0.728,144.4,2,0.813,5,40000,36,1244,65.7,1
R104507,11,17,412,11070,0.443,0.765,119.2,1,0.827,8,74000,30,2763,55.6,0
R104508,17,20,408,11588,0.21,0.715,108.1,1,0.874,13,94000,30,3509,70.4,0
R104509,4,27,816,29461,0.398,0.882,137.2,1,0.874,3,87000,24,4060,66.7,1
R104510,8,19,524,18423,0.24,0.895,161.5,1,0.843,3,45000,24,2100,70.2,1
R104511,17,19,358,9878,0.424,0.756,114.5,2,0.807,13,73000,30,2725,58.6,1
R104512,8,20,393,13843,0.488,0.578,71.4,2,0.69,6,99000,36,3080,45.0,1
R104513,10,22,586,9337,0.393,0.787,109.5,1,0.832,6,76000,36,2364,62.6,0
R104514,5,27,782,20224,0.216,0.944,133.2,1,1.0,4,70000,24,3267,79.1,1
R104515,5,24,576,16990,0.203,0.872,139.4,1,0.903,4,79000,12,7373,71.7,1
R104516,7,24,517,10343,0.338,0.752,112.2,2,0.755,7,68000,24,3173,60.3,0
R104517,9,19,440,17937,0.169,0.924,120.0,1,0.876,7,75000,24,3500,73.7,0
R104518,13,25,528,14154,0.218,0.864,138.6,1,0.852,7,72000,24,3360,74.1,0
R104519,24,19,392,9188,0.233,0.769,114.8,2,0.766,16,64000,36,1991,73.6,1
R104520,5,18,373,16440,0.289,0.86,96.6,1,0.796,3,59000,12,5507,60.7,0
R104521,3,20,394,14975,0.198,0.761,135.4,1,0.792,2,66000,24,3080,62.5,0
R104522,3,29,869,20267,0.284,0.837,151.3,1,0.769,2,90000,36,2800,69.6,1
R104523,11,18,509,12846,0.133,0.799,126.2,1,0.801,9,63000,24,2940,74.8,0
R104524,13,20,435,10406,0.185,0.778,154.8,1,0.923,11,119000,24,5553,72.2,0
R104525,6,20,376,12256,0.303,0.853,133.6,2,0.858,3,83000,30,3099,61.4,0
R104526,11,20,446,8839,0.369,0.736,121.0,3,0.766,8,84000,30,3136,58.6,0
R104527,18,22,393,8000,0.258,0.644,75.0,3,0.755,17,67000,36,2084,65.6,0
R104528,8,25,616,17735,0.319,0.866,157.7,0,0.954,8,109000,12,10173,69.2,0
R104529,8,18,354,9028,0.252,0.76,152.0,1,0.849,7,68000,24,3173,62.2,0
R104530,4,18,360,12113,0.343,0.744,101.1,2,0.668,4,86000,24,4013,53.0,0
R104531,13,27,529,20130,0.158,0.865,153.0,2,0.858,10,64000,24,2987,77.2,1
R104532,6,24,575,9039,0.253,0.862,102.2,2,0.777,4,73000,30,2725,68.2,0
R104533,15,24,495,8000,0.151,0.833,145.3,1,0.875,10,67000,30,2501,77.3,1
R104534,8,21,474,11069,0.191,1.0,137.8,0,0.953,4,77000,30,2875,75.7,0
R104535,9,21,644,16734,0.08,0.843,164.8,1,0.997,6,57000,18,3547,82.7,1
R104536,2,21,415,10540,0.259,0.724,151.1,1,0.886,2,75000,30,2800,59.3,1
R104537,19,28,666,22489,0.205,0.791,166.5,0,0.937,16,104000,12,9707,80.9,1
R104538,16,24,710,21241,0.135,0.976,178.0,0,0.931,14,84000,24,3920,88.7,1
R104539,6,25,640,20804,0.195,0.742,136.4,1,0.83,3,73000,24,3407,70.3,0
R104540,15,26,677,21295,0.17,0.787,164.6,0,1.0,9,84000,30,3136,81.1,1
R104541,5,22,501,13803,0.208,0.86,145.1,0,0.932,2,86000,36,2676,69.4,1
R104542,15,14,328,8000,0.485,0.684,107.5,4,0.678,12,75000,18,4667,50.1,0
R104543,13,25,656,16971,0.316,0.934,152.9,0,0.898,8,73000,24,3407,74.5,0
R104544,23,22,601,13955,0.335,0.757,95.3,1,0.932,17,89000,36,2769,74.2,1
R104545,13,27,799,21146,0.33,0.751,153.4,1,0.854,7,85000,30,3173,72.2,1
R104546,5,22,529,11548,0.34,0.929,108.5,1,0.849,4,105000,30,3920,64.5,1
R104547,11,25,745,23518,0.262,0.791,159.2,1,0.879,9,56000,30,2091,74.3,1
R104548,8,22,577,17452,0.239,0.881,144.9,1,0.908,7,67000,24,3127,72.2,1
R104549,22,25,662,20342,0.339,0.944,145.0,1,0.894,13,56000,12,5227,79.3,0
R104550,3,18,322,8926,0.425,0.554,110.3,3,0.685,3,81000,18,5040,42.6,0
R104551,10,17,347,8533,0.318,0.626,95.2,3,0.678,9,49000,24,2287,55.1,0
R104552,5,20,417,11755,0.326,0.844,110.8,1,0.842,4,69000,24,3220,60.2,1
R104553,26,20,378,9696,0.441,0.736,117.6,1,0.836,18,103000,30,3845,62.2,0
R104554,11,25,616,17423,0.33,0.733,156.2,2,0.896,10,97000,12,9053,66.5,1
R104555,14,25,597,11736,0.228,0.85,145.5,1,0.889,6,60000,12,5600,75.8,0
R104556,8,18,556,19730,0.31,0.846,114.0,0,0.874,7,96000,12,8960,66.8,1
R104557,15,24,698,20852,0.117,0.981,158.4,1,0.995,14,78000,18,4853,89.4,1
R104558,5,21,517,8550,0.294,0.871,138.7,1,0.894,4,87000,12,8120,65.7,1
R104559,6,26,664,17768,0.223,0.793,140.3,2,0.876,4,91000,24,4247,71.1,0
R104560,22,18,554,10680,0.193,0.866,100.1,1,0.959,15,72000,18,4480,82.9,0
R104561,37,22,394,8044,0.248,0.668,108.2,1,0.896,25,58000,24,2707,71.7,1
R104562,2,26,496,16530,0.245,0.812,149.2,1,0.852,2,55000,12,5133,64.1,0
R104563,7,26,664,24428,0.23,0.968,165.4,0,0.913,4,105000,30,3920,76.2,0
R104564,18,24,603,13914,0.292,0.889,131.0,0,0.871,9,73000,24,3407,76.2,0
R104565,13,16,325,10549,0.231,0.861,108.2,2,0.808,11,85000,24,3967,68.0,0
R104566,6,21,411,8000,0.474,0.829,114.7,3,0.816,5,68000,18,4231,52.0,0
R104567,8,29,755,16625,0.241,0.918,152.8,0,0.855,6,71000,12,6627,76.8,1
R104568,6,20,545,17286,0.318,0.795,132.1,2,0.813,5,64000,36,1991,62.9,1
R104569,14,27,609,22933,0.37,0.64,125.5,1,0.805,11,58000,24,2707,63.0,0
R104570,6,28,816,23389,0.099,0.928,142.6,0,0.984,5,72000,24,3360,85.7,1
R104571,8,23,496,13383,0.397,0.918,125.8,2,0.918,6,50000,12,4667,62.8,0
R104572,16,24,573,19507,0.213,0.881,141.8,1,0.916,14,73000,30,2725,78.5,0
R104573,12,27,651,13971,0.262,0.798,174.0,1,0.915,6,68000,30,2539,73.2,0
R104574,20,23,561,11875,0.256,0.935,148.6,1,0.936,11,60000,24,2800,79.8,1
R104575,6,20,398,17562,0.271,0.778,128.7,1,0.824,5,42000,24,1960,61.1,0
R104576,8,25,541,15785,0.406,0.685,92.5,2,0.733,6,60000,12,5600,55.6,0
R104577,5,29,598,15749,0.216,0.856,126.5,0,0.891,5,98000,24,4573,71.3,0
R104578,7,16,394,17478,0.415,0.667,103.2,2,0.781,4,101000,24,4713,51.0,1
R104579,4,23,602,17723,0.255,0.853,142.9,1,0.984,2,55000,30,2053,69.2,0
R104580,1,18,423,12406,0.272,0.819,130.0,1,0.857,1,92000,18,5724,60.3,0
R104581,3,30,555,14411,0.228,0.942,161.7,1,0.942,2,84000,36,2613,71.0,0
R104582,16,25,676,26405,0.242,0.825,133.7,1,0.826,12,91000,30,3397,77.5,1
R104583,3,24,459,16591,0.26,0.782,105.3,1,0.851,3,73000,36,2271,62.2,0
R104584,13,16,348,8000,0.439,0.769,109.2,2,0.684,7,59000,30,2203,53.9,0
R104585,7,20,421,9711,0.22,0.813,143.0,1,0.903,5,75000,36,2333,67.0,1
R104586,8,19,451,11203,0.392,0.833,146.7,1,0.897,4,66000,36,2053,59.7,0
R104587,4,13,257,9256,0.204,0.793,126.6,1,0.838,3,120000,18,7467,60.4,0
R104588,6,22,456,17532,0.224,0.904,141.9,0,0.982,3,63000,12,5880,70.2,1
R104589,11,20,431,11845,0.384,0.749,95.0,2,0.656,6,99000,24,4620,57.1,0
R104590,3,24,575,13724,0.333,0.787,147.5,1,0.863,2,88000,24,4107,61.5,1
R104591,6,19,491,12579,0.317,0.744,133.1,1,0.869,4,85000,24,3967,60.9,1
R104592,10,23,557,14887,0.439,0.727,124.8,1,0.837,7,104000,30,3883,57.9,0
R104593,13,21,699,22300,0.143,0.846,158.1,2,0.779,8,80000,36,2489,81.2,0
R104594,8,23,401,18170,0.169,0.748,120.2,2,0.8,4,59000,30,2203,67.2,1
R104595,26,22,546,23074,0.216,0.814,102.8,1,0.785,12,75000,18,4667,79.7,0
R104596,10,23,572,11346,0.204,0.806,119.3,1,0.878,8,80000,30,2987,72.8,1
R104597,15,18,337,9852,0.282,0.702,96.7,3,0.656,13,89000,24,4153,61.1,0
R104598,11,16,393,8000,0.313,0.756,112.9,2,0.766,6,87000,24,4060,61.1,1
R104599,7,19,522,12695,0.239,0.843,166.9,1,0.795,4,54000,30,2016,68.3,1
R104600,2,16,450,9919,0.236,0.881,153.6,2,0.842,2,80000,30,2987,64.8,0
R104601,16,26,555,13901,0.148,0.93,158.6,0,0.873,10,69000,18,4293,82.3,1
R104602,16,19,479,11519,0.23,0.99,121.7,0,0.913,10,108000,24,5040,77.9,1
R104603,26,22,626,15745,0.332,0.863,148.8,1,0.832,14,93000,12,8680,77.3,1
R104604,7,21,461,17974,0.29,0.684,124.9,2,0.768,6,87000,36,2707,59.9,0
R104605,32,22,520,14349,0.183,0.99,171.7,0,0.947,30,53000,36,1649,86.8,1
R104606,15,26,677,19967,0.256,0.893,129.4,0,0.985,7,84000,30,3136,79.4,1
R104607,20,21,350,9392,0.391,0.85,99.8,2,0.787,16,75000,24,3500,63.8,0
R104608,4,20,503,16387,0.265,0.766,131.7,2,0.806,2,95000,30,3547,62.5,0
R104609,10,22,360,12127,0.388,0.874,95.6,2,0.855,8,59000,24,2753,59.7,1
R104610,23,20,481,10978,0.274,0.725,145.1,1,0.805,12,71000,36,2209,72.5,1
R104611,4,25,500,15893,0.236,1.0,162.6,0,0.973,3,47000,30,1755,71.4,0
R104612,1,22,550,14222,0.149,0.978,143.7,0,0.905,1,73000,36,2271,74.2,1
R104613,7,23,583,19877,0.195,0.967,123.0,2,0.941,5,86000,36,2676,76.5,1
R104614,26,19,414,13359,0.254,0.82,98.9,3,0.719,23,89000,24,4153,73.9,0
R104615,21,23,710,23067,0.197,0.935,134.3,0,0.903,16,78000,24,3640,87.1,0
R104616,10,23,516,13524,0.243,0.818,123.7,1,0.849,6,96000,30,3584,69.3,0
R104617,6,15,325,9327,0.221,0.834,141.4,1,0.846,5,78000,18,4853,63.8,0
R104618,14,27,501,18485,0.254,0.807,134.8,1,0.896,9,53000,12,4947,71.1,0
R104619,21,22,535,16307,0.242,0.938,171.6,0,0.965,12,71000,24,3313,81.1,1
R104620,15,18,353,8935,0.427,0.664,58.4,3,0.665,11,73000,18,4542,53.4,0
R104621,23,21,495,14327,0.35,0.845,83.0,2,0.834,20,66000,24,3080,72.0,1
R104622,23,28,500,10901,0.212,0.876,163.2,0,0.983,22,40000,36,1244,81.7,1
R104623,13,20,666,18516,0.186,0.83,124.7,1,0.876,8,69000,24,3220,78.7,1
R104624,16,20,475,15441,0.272,0.878,116.9,2,0.802,11,46000,36,1431,71.6,0
R104625,11,26,667,15786,0.31,0.891,133.9,0,0.938,11,90000,24,4200,73.2,1
R104626,2,24,606,17786,0.234,0.79,136.4,1,0.887,2,85000,24,3967,67.1,0
R104627,11,24,508,18767,0.44,0.856,145.6,2,0.742,5,75000,18,4667,59.8,1
R104628,4,28,710,19969,0.155,0.934,142.6,0,1.0,3,56000,12,5227,79.6,1
R104629,3,23,486,17923,0.234,0.831,101.9,2,0.86,3,61000,30,2277,65.6,0
R104630,18,26,639,21311,0.369,0.876,126.5,0,0.913,16,79000,36,2458,73.2,0
R104631,7,19,427,13730,0.497,0.685,91.0,2,0.697,6,63000,24,2940,47.0,0
R104632,8,20,431,8753,0.283,0.685,95.7,2,0.74,6,50000,24,2333,59.9,0
R104633,5,25,669,17735,0.273,0.788,112.3,1,0.87,4,40000,30,1493,68.0,1
R104634,5,25,748,23175,0.08,0.908,116.7,0,1.0,3,70000,24,3267,84.8,1
R104635,9,21,576,18632,0.235,0.899,158.8,0,0.853,4,51000,12,4760,73.1,1
R104636,12,27,645,21637,0.219,0.882,144.3,1,0.867,6,85000,24,3967,77.0,1
R104637,9,24,547,12200,0.27,0.918,114.1,1,0.785,8,58000,36,1804,70.1,0
R104638,14,23,554,13078,0.159,0.899,127.4,1,0.864,12,95000,24,4433,79.3,1
R104639,16,18,278,8000,0.463,0.671,99.3,3,0.7,8,120000,24,5600,50.8,1
R104640,3,30,769,21462,0.137,0.903,162.7,0,1.0,2,57000,30,2128,80.5,1
R104641,14,23,581,12947,0.295,0.71,131.1,3,0.819,12,44000,24,2053,68.0,0
R104642,11,21,421,9570,0.395,0.595,90.6,2,0.754,5,50000,24,2333,53.5,0
R104643,11,22,367,8000,0.426,0.732,108.6,1,0.796,10,78000,30,2912,54.3,0
R104644,4,19,441,12019,0.382,0.794,122.8,1,0.825,3,45000,30,1680,55.8,0
R104645,8,20,365,11946,0.243,0.821,146.7,1,0.896,5,73000,24,3407,64.8,0
R104646,15,25,516,9713,0.201,0.926,133.1,0,1.0,12,51000,30,1904,79.0,1
R104647,4,29,683,17888,0.131,0.977,142.7,0,0.932,3,71000,24,3313,80.4,1
R104648,35,21,457,15879,0.137,0.805,142.9,3,0.833,27,69000,24,3220,81.9,0
R104649,18,21,348,9156,0.244,0.749,117.4,2,0.824,10,83000,18,5164,68.4,0
R104650,5,24,513,16142,0.363,0.8,92.5,3,0.722,4,77000,24,3593,58.3,0
R104651,8,17,462,14886,0.328,0.82,128.5,1,0.798,4,63000,18,3920,62.0,0
R104652,3,24,503,16334,0.35,0.819,123.4,1,0.844,3,47000,30,1755,59.3,1
R104653,19,27,469,16621,0.202,0.881,121.2,0,0.966,15,101000,24,4713,78.6,0
R104654,9,20,471,13723,0.348,0.686,130.5,2,0.76,6,65000,18,4044,58.1,1
R104655,12,21,568,11615,0.154,0.854,149.1,0,0.961,7,46000,30,1717,78.6,0
R104656,10,21,576,15449,0.227,0.803,122.4,2,0.827,8,110000,24,5133,71.4,1
R104657,15,14,330,9482,0.373,0.736,111.9,1,0.807,13,100000,30,3733,59.0,0
R104658,5,22,560,9782,0.152,0.929,143.1,0,0.893,4,105000,30,3920,75.5,1
R104659,41,28,566,10244,0.217,0.979,170.4,0,0.971,22,82000,24,3827,86.1,1
R104660,15,24,618,19535,0.225,0.814,163.4,1,0.934,10,88000,30,3285,77.2,1
R104661,17,21,428,13048,0.356,0.633,102.5,2,0.824,9,87000,12,8120,60.7,1
R104662,12,24,508,16526,0.276,0.886,139.9,1,0.808,6,92000,24,4293,70.3,0
R104663,5,24,637,17787,0.249,0.927,159.9,0,1.0,2,55000,18,3422,73.3,1
R104664,8,23,426,13258,0.318,0.842,101.3,1,0.835,7,100000,24,4667,62.6,1
R104665,7,14,329,9148,0.379,0.767,104.1,2,0.683,5,86000,36,2676,53.1,0
R104666,21,26,605,18655,0.266,0.919,137.1,0,0.975,12,73000,24,3407,81.0,0
R104667,5,23,667,21549,0.254,0.801,114.4,2,0.869,3,45000,24,2100,69.6,1
R104668,11,21,519,16611,0.375,0.827,129.5,1,0.817,5,74000,36,2302,62.9,1
R104669,4,15,290,8000,0.396,0.763,145.6,2,0.75,3,93000,24,4340,49.6,0
R104670,15,15,278,8000,0.3,0.711,99.1,2,0.673,14,102000,18,6347,59.4,0
R104671,6,29,593,21167,0.301,0.787,125.8,1,0.784,4,63000,30,2352,64.6,1
R104672,16,21,392,12481,0.328,0.708,108.8,3,0.714,11,53000,36,1649,61.7,1
R104673,19,23,322,18563,0.283,0.88,169.6,0,0.944,9,62000,24,2893,70.9,1
R104674,30,26,566,14292,0.285,0.779,126.9,2,0.858,15,83000,30,3099,76.4,0
R104675,9,22,415,8000,0.298,0.754,125.3,2,0.758,4,80000,24,3733,61.1,0
R104676,12,29,752,24927,0.199,0.897,120.8,0,0.919,9,82000,18,5102,81.8,0
R104677,10,21,491,17811,0.387,0.735,113.8,1,0.841,7,80000,24,3733,59.2,0
R104678,8,17,288,10584,0.358,0.638,109.6,4,0.722,4,73000,24,3407,50.7,0
R104679,18,28,872,28192,0.267,0.863,119.4,0,0.968,16,79000,30,2949,82.6,1
R104680,8,23,577,22046,0.348,0.804,136.0,1,0.902,6,77000,18,4791,64.2,0
R104681,16,24,515,14482,0.325,0.842,92.1,2,0.829,10,84000,30,3136,69.1,0
R104682,1,18,408,10410,0.466,0.758,77.8,3,0.674,1,67000,18,4169,46.2,0
R104683,6,23,508,18998,0.237,0.7,142.6,1,0.781,6,59000,30,2203,63.6,1
R104684,18,27,569,18033,0.253,0.805,154.2,1,0.919,13,55000,24,2567,75.8,1
R104685,10,20,423,12640,0.268,0.806,142.0,2,0.842,9,55000,24,2567,65.8,1
R104686,20,19,361,9473,0.321,0.734,122.5,3,0.725,13,85000,24,3967,64.3,0
R104687,11,27,543,20111,0.217,0.862,144.2,2,0.825,8,86000,30,3211,72.8,1
R104688,17,23,362,8090,0.235,0.938,166.2,0,0.923,14,81000,36,2520,74.4,0
R104689,6,15,371,9635,0.423,0.576,91.4,3,0.665,4,98000,30,3659,46.1,0
R104690,16,29,839,29224,0.248,0.822,140.5,0,0.995,14,100000,18,6222,81.5,1
R104691,14,21,521,15157,0.605,0.605,77.2,2,0.723,8,108000,18,6720,46.5,0
R104692,10,14,403,9615,0.214,0.921,139.4,0,0.936,8,105000,36,3267,71.5,1
R104693,18,23,545,17799,0.245,0.871,85.4,3,0.695,15,68000,24,3173,74.6,1
R104694,19,19,420,10214,0.148,0.835,152.2,0,0.91,9,71000,18,4418,78.9,1
R104695,17,24,518,11248,0.237,0.931,161.1,1,0.852,11,57000,18,3547,76.8,0
R104696,18,16,378,11551,0.218,0.794,102.3,3,0.786,16,52000,24,2427,71.1,0
R104697,14,20,467,12299,0.304,0.743,122.7,1,0.815,13,55000,18,3422,65.4,1
R104698,4,20,447,10255,0.444,0.752,75.7,2,0.794,3,93000,24,4340,51.6,0
R104699,11,23,607,19560,0.411,0.797,123.4,1,0.772,8,76000,30,2837,62.5,0
R104700,10,29,971,28690,0.213,0.911,190.0,0,0.893,5,74000,12,6907,80.8,1
R104701,13,14,290,8000,0.401,0.744,104.9,2,0.697,11,63000,36,1960,54.1,1
R104702,19,27,497,10586,0.322,0.947,149.2,1,0.871,10,90000,12,8400,74.2,1
R104703,17,20,465,17638,0.503,0.81,110.7,2,0.759,15,40000,12,3733,57.7,1
R104704,16,21,369,8922,0.299,0.796,131.6,1,0.831,14,63000,18,3920,66.1,1
R104705,2,26,562,20159,0.234,0.752,112.7,2,0.754,1,79000,24,3687,63.3,0
R104706,10,25,644,16905,0.244,0.819,134.0,1,0.799,7,83000,36,2582,72.2,1
R104707,8,13,315,15730,0.305,0.718,77.2,2,0.73,6,65000,24,3033,56.2,0
R104708,15,22,603,14645,0.302,0.794,144.9,1,0.917,8,69000,18,4293,71.8,0
R104709,22,16,281,8000,0.429,0.729,105.4,2,0.686,15,57000,12,5320,57.7,0
R104710,13,22,667,23052,0.261,0.94,144.1,2,0.834,9,84000,36,2613,76.9,0
R104711,4,18,349,8000,0.305,0.614,96.7,3,0.752,2,80000,18,4978,52.1,0
R104712,11,21,449,12668,0.285,0.708,119.3,2,0.791,5,70000,30,2613,62.7,0
R104713,1,15,271,8000,0.429,0.8,123.5,2,0.722,1,72000,18,4480,46.3,0
R104714,18,23,488,15970,0.209,0.858,125.9,2,0.813,16,81000,24,3780,76.4,0
R104715,8,22,545,23159,0.437,0.907,145.0,2,0.846,4,60000,36,1867,60.8,0
R104716,21,27,600,15594,0.135,0.847,149.9,0,0.984,16,82000,30,3061,86.0,1
R104717,21,20,401,8000,0.246,0.784,138.8,1,0.802,19,94000,24,4387,72.1,0
R104718,24,22,448,8138,0.286,0.696,94.2,3,0.753,13,74000,18,4604,70.1,1
R104719,8,23,502,12453,0.367,0.803,118.7,1,0.849,6,86000,24,4013,60.8,1
R104720,33,24,501,12239,0.268,0.776,139.1,2,0.882,24,72000,30,2688,75.9,1
R104721,21,23,667,13330,0.245,0.915,127.0,1,0.815,19,101000,30,3771,81.9,1
R104722,8,18,454,12592,0.42,0.761,130.5,1,0.883,5,75000,30,2800,56.4,0
R104723,22,17,365,12653,0.183,0.764,112.8,2,0.712,10,99000,18,6160,73.7,0
R104724,8,24,662,20172,0.213,0.926,156.7,0,0.937,7,69000,36,2147,77.0,0
R104725,13,26,608,14394,0.224,0.962,112.2,1,0.925,12,65000,24,3033,79.3,0
R104726,16,21,411,11879,0.53,0.745,114.1,2,0.798,9,93000,24,4340,53.1,0
R104727,15,22,729,17703,0.242,0.732,118.0,2,0.778,10,96000,30,3584,75.2,0
R104728,6,24,559,18367,0.183,0.87,117.2,3,0.838,4,90000,30,3360,72.7,1
R104729,23,19,480,13157,0.298,0.834,161.7,1,0.919,11,99000,30,3696,75.1,1
R104730,19,19,382,10473,0.339,0.796,133.3,1,0.843,13,42000,36,1307,66.0,0
R104731,27,19,300,9335,0.221,0.948,138.9,0,0.914,15,65000,12,6067,77.9,1
R104732,23,25,586,15681,0.242,0.729,94.8,1,0.85,15,67000,24,3127,77.2,1
R104733,20,30,918,24539,0.21,0.822,131.6,1,0.893,14,59000,24,2753,85.4,1
R104734,21,22,471,9201,0.18,0.825,162.5,1,0.871,14,76000,12,7093,78.7,1
R104735,16,20,563,8216,0.364,0.72,92.3,2,0.725,12,71000,24,3313,64.2,0
R104736,10,19,375,9312,0.396,0.689,88.7,2,0.744,8,71000,30,2651,53.8,0
R104737,16,22,473,15443,0.24,0.935,129.9,0,1.0,10,67000,24,3127,76.9,1
R104738,6,24,776,18433,0.407,0.899,145.2,0,0.917,5,78000,24,3640,67.6,0
R104739,22,21,467,13370,0.446,0.586,107.9,3,0.685,19,63000,30,2352,57.7,1
R104740,39,24,616,17321,0.244,0.881,124.8,1,0.828,24,76000,24,3547,82.1,1
R104741,17,23,485,16441,0.221,0.924,112.6,1,0.913,9,92000,24,4293,77.3,1
R104742,9,23,522,9036,0.329,0.865,141.7,1,0.901,6,86000,36,2676,65.9,0
R104743,6,22,437,13186,0.275,0.847,157.4,3,0.866,3,81000,30,3024,63.9,0
R104744,10,23,671,22772,0.321,0.73,112.7,1,0.857,6,109000,18,6782,67.1,1
R104745,21,26,477,11702,0.366,0.81,124.9,2,0.861,18,43000,24,2007,68.7,0
R104746,15,17,331,8000,0.191,0.853,131.8,1,0.894,14,79000,24,3687,72.2,1
R104747,13,15,311,8000,0.344,0.764,154.9,2,0.811,9,49000,30,1829,59.5,1
R104748,11,13,274,11694,0.357,0.664,112.4,3,0.697,5,80000,12,7467,52.5,0
R104749,14,14,255,8000,0.425,0.58,86.8,3,0.689,10,89000,24,4153,48.7,0
R104750,4,24,525,17341,0.263,0.872,149.1,0,0.854,2,78000,12,7280,66.1,1
R104751,9,24,571,18600,0.301,0.866,141.7,0,0.997,7,47000,36,1462,69.9,0
R104752,9,21,418,12111,0.172,0.766,115.2,2,0.782,5,103000,24,4807,68.0,1
R104753,9,24,652,11726,0.336,0.835,142.3,1,0.857,7,48000,30,1792,67.9,0
R104754,19,26,691,16734,0.336,0.799,103.5,1,0.86,17,61000,30,2277,74.0,1
R104755,3,21,484,20036,0.192,0.951,162.5,2,0.83,2,96000,30,3584,70.4,1
R104756,9,26,731,23012,0.236,0.772,114.0,1,0.946,6,79000,24,3687,74.4,1
R104757,12,28,675,21938,0.301,0.813,145.4,2,0.825,10,40000,24,1867,71.3,0
R104758,11,18,319,10164,0.24,0.861,114.5,1,0.877,6,76000,24,3547,66.4,0
R104759,11,20,600,13224,0.107,0.879,145.3,0,0.976,9,81000,18,5040,82.1,0
R104760,3,18,433,16439,0.318,0.644,98.5,3,0.696,2,92000,36,2862,53.4,1
R104761,14,20,444,10624,0.421,0.641,100.3,2,0.746,11,95000,24,4433,55.6,0
R104762,4,20,296,8000,0.265,0.67,86.5,3,0.765,3,87000,24,4060,54.6,0
R104763,5,18,423,12226,0.233,0.951,153.0,0,0.937,3,77000,24,3593,69.0,0
R104764,18,15,459,14437,0.362,0.714,103.3,1,0.765,14,65000,24,3033,63.7,0
R104765,12,25,716,24957,0.21,0.924,162.6,0,0.923,8,87000,18,5413,80.8,1
R104766,8,26,605,15788,0.203,0.822,171.7,0,0.808,5,75000,30,2800,72.2,1
R104767,33,23,647,17929,0.184,0.9,142.8,0,0.899,30,95000,24,4433,87.2,1
R104768,9,23,648,20543,0.196,0.781,132.3,1,0.866,8,91000,24,4247,73.9,0
R104769,5,24,524,14450,0.284,0.878,116.3,2,0.886,3,44000,36,1369,66.4,1
R104770,3,27,865,24452,0.167,0.819,142.9,0,0.947,2,120000,24,5600,77.0,1
R104771,21,22,616,22076,0.352,0.998,130.9,1,0.881,17,76000,12,7093,77.7,1
R104772,18,25,700,14288,0.215,0.835,139.0,2,0.852,15,86000,30,3211,80.7,1
R104773,11,28,842,23819,0.274,0.858,139.4,3,0.858,10,46000,30,1717,76.9,1
R104774,7,24,538,12686,0.139,0.952,137.0,2,0.894,3,76000,36,2364,77.2,1
R104775,16,14,318,10250,0.459,0.683,72.9,2,0.706,15,63000,18,3920,52.0,0
R104776,17,26,583,19154,0.08,0.825,160.8,1,0.973,15,95000,24,4433,85.6,1
R104777,1,19,368,8000,0.301,0.762,125.6,1,0.891,1,67000,24,3127,56.2,1
R104778,5,15,386,12102,0.349,0.671,97.2,2,0.716,3,74000,24,3453,52.6,0
R104779,19,21,458,13862,0.482,0.861,144.3,2,0.797,11,40000,24,1867,61.4,0
R104780,4,24,640,15680,0.227,0.859,124.1,1,0.962,3,69000,24,3220,71.9,1
R104781,9,23,498,15531,0.262,0.858,95.2,1,0.836,7,120000,18,7467,68.2,0
R104782,11,20,372,13374,0.327,0.955,137.2,1,0.92,5,86000,18,5351,66.1,0
R104783,6,19,370,10440,0.36,0.716,138.5,2,0.726,4,69000,24,3220,53.7,1
R104784,12,23,599,22043,0.24,0.856,117.3,2,0.797,10,92000,12,8587,73.6,0
R104785,6,27,640,15012,0.364,0.83,136.0,1,0.907,4,65000,24,3033,64.9,0
R104786,5,21,430,12252,0.212,0.795,125.2,3,0.836,3,78000,36,2427,65.2,0
R104787,4,19,392,13178,0.327,0.729,97.8,3,0.791,3,90000,12,8400,55.3,0
R104788,4,18,420,8000,0.334,0.847,135.2,2,0.785,2,90000,36,2800,58.5,1
R104789,20,26,557,13599,0.209,0.974,137.9,0,0.956,14,120000,30,4480,83.8,1
R104790,16,28,658,16863,0.31,0.844,131.2,2,0.845,14,46000,18,2862,74.1,0
R104791,12,27,794,17299,0.164,0.802,157.2,2,0.874,9,76000,30,2837,81.6,1
R104792,11,24,684,16700,0.217,0.895,143.8,0,0.86,8,90000,24,4200,77.5,0
R104793,33,26,646,18655,0.161,0.924,156.5,2,0.801,18,90000,24,4200,88.0,1
R104794,19,17,293,10259,0.379,0.809,96.1,3,0.768,17,94000,36,2924,61.3,1
R104795,24,22,751,25976,0.281,0.991,136.6,0,0.933,14,60000,36,1867,87.3,0
R104796,11,22,521,16451,0.245,0.807,131.2,2,0.85,10,65000,30,2427,69.9,1
R104797,6,26,527,15221,0.192,0.877,153.2,0,0.931,3,94000,36,2924,72.4,0
R104798,5,28,568,12390,0.165,0.939,145.9,0,0.988,3,100000,24,4667,76.2,1
R104799,6,22,582,20192,0.208,0.725,104.5,1,0.871,3,53000,24,2473,68.1,1
R104800,7,17,389,14067,0.462,0.718,90.1,2,0.692,4,41000,24,1913,48.8,0
R104801,11,15,285,9862,0.204,0.768,130.9,3,0.804,6,86000,24,4013,64.6,0
R104802,12,23,646,22138,0.273,0.821,144.1,2,0.76,6,82000,24,3827,71.6,0
R104803,9,22,584,15418,0.286,0.774,112.7,1,0.976,6,69000,30,2576,68.4,0
R104804,8,15,305,8533,0.253,0.661,86.6,2,0.752,7,97000,24,4527,57.6,0
R104805,4,26,653,16137,0.225,0.932,136.1,0,0.958,4,88000,24,4107,74.2,1
R104806,33,30,601,18182,0.124,0.856,118.4,0,0.957,21,104000,36,3236,88.7,1
R104807,3,22,646,19481,0.315,0.771,131.6,1,0.844,3,71000,36,2209,63.7,1
R104808,27,29,618,21402,0.199,1.0,143.3,0,0.957,19,93000,24,4340,88.8,1
R104809,9,24,558,8000,0.157,0.931,140.3,0,0.851,5,71000,24,3313,77.3,1
R104810,9,30,775,14132,0.206,0.908,155.1,1,0.958,5,116000,30,4331,80.4,0
R104811,6,18,572,9733,0.31,0.732,110.5,1,0.838,6,100000,36,3111,62.9,1
R104812,16,26,556,12367,0.11,0.992,146.1,0,0.978,9,43000,24,2007,86.8,1
R104813,5,26,717,14556,0.249,0.959,151.3,1,0.91,4,66000,12,6160,75.4,1
R104814,11,23,476,12832,0.199,0.715,110.8,1,0.876,6,73000,18,4542,69.2,1
R104815,15,27,688,20944,0.311,0.749,119.8,1,0.918,13,64000,30,2389,72.1,1
R104816,2,17,403,12292,0.086,0.902,142.5,1,0.957,2,73000,30,2725,73.0,1
R104817,7,26,596,11567,0.213,0.893,182.7,0,0.927,6,71000,24,3313,74.0,1
R104818,34,20,448,9018,0.227,0.812,127.6,1,0.799,28,40000,12,3733,76.8,0
R104819,7,18,395,8000,0.332,0.661,102.2,2,0.683,5,73000,12,6813,54.2,0
R104820,6,22,608,23342,0.272,1.0,183.0,0,0.961,3,79000,18,4916,73.3,0
R104821,8,22,568,19349,0.148,0.759,121.4,1,0.887,4,51000,24,2380,73.3,1
R104822,39,22,386,13684,0.276,0.816,148.2,1,0.835,19,74000,36,2302,73.1,0
R104823,28,16,309,8000,0.349,0.603,91.6,2,0.699,25,86000,30,3211,60.6,0
R104824,10,25,777,23411,0.374,0.847,140.6,1,0.934,6,69000,30,2576,70.8,1
R104825,20,25,439,12500,0.239,0.894,177.8,1,0.922,17,87000,30,3248,76.7,1
R104826,10,20,380,8000,0.539,0.691,94.0,2,0.76,9,85000,18,5289,46.5,0
R104827,11,30,815,23837,0.197,0.906,149.9,2,0.921,6,40000,18,2489,82.7,0
R104828,14,24,534,14183,0.378,0.642,114.2,1,0.836,10,62000,24,2893,60.7,0
R104829,17,15,409,9200,0.275,0.773,142.6,2,0.741,9,91000,18,5662,67.5,0
R104830,8,18,412,11615,0.559,0.565,61.0,2,0.698,5,69000,36,2147,41.0,0
R104831,6,24,476,16711,0.3,0.818,139.4,1,0.824,4,101000,30,3771,62.5,1
R104832,14,19,485,16553,0.422,0.703,78.1,1,0.862,10,45000,24,2100,59.3,1
R104833,4,15,299,11326,0.286,0.677,93.5,2,0.706,3,53000,24,2473,53.3,0
R104834,10,19,288,8000,0.275,0.791,114.3,3,0.879,7,101000,12,9427,61.7,0
R104835,9,16,361,9807,0.257,0.784,119.5,4,0.805,5,89000,36,2769,63.2,0
R104836,2,24,483,13477,0.348,0.784,115.1,1,0.895,2,66000,24,3080,58.0,0
R104837,6,26,763,18518,0.319,0.828,144.3,0,0.887,5,65000,36,2022,69.6,1
R104838,10,24,565,17954,0.37,0.869,142.2,0,0.921,7,108000,18,6720,66.1,1
R104839,1,27,660,23280,0.134,0.797,166.1,0,1.0,1,70000,30,2613,74.2,1
R104840,19,27,617,20114,0.331,0.875,117.4,1,0.818,13,46000,30,1717,73.9,0
R104841,5,20,458,16284,0.188,0.908,148.9,0,0.961,3,103000,30,3845,71.3,1
R104842,16,19,258,8000,0.447,0.736,107.2,2,0.81,12,41000,30,1531,53.4,0
R104843,7,24,621,19645,0.226,0.952,138.6,0,0.921,4,61000,18,3796,75.2,0
R104844,31,22,564,15105,0.432,0.867,114.9,2,0.804,23,47000,24,2193,70.3,1
R104845,10,26,690,15060,0.17,0.873,142.3,0,0.986,10,109000,24,5087,80.7,1
R104846,1,23,556,16664,0.378,0.72,140.7,1,0.895,1,71000,30,2651,56.0,0
R104847,17,22,510,15710,0.093,0.913,168.8,0,0.9,10,44000,30,1643,84.7,1
R104848,7,26,764,23562,0.188,0.9,135.9,1,0.902,6,91000,24,4247,79.3,0
R104849,26,24,696,21933,0.124,0.843,182.6,1,0.869,12,91000,18,5662,89.8,1
R104850,44,22,452,18966,0.266,0.962,124.8,1,0.881,32,54000,36,1680,79.4,1
R104851,5,15,357,10440,0.311,0.753,124.3,2,0.724,3,108000,24,5040,56.2,0
R104852,6,21,351,9832,0.325,0.812,113.0,1,0.782,6,42000,30,1568,58.0,0
R104853,9,20,342,14043,0.351,0.832,110.6,2,0.877,7,84000,30,3136,59.2,0
R104854,23,18,393,16939,0.348,0.679,97.5,2,0.796,22,104000,18,6471,65.2,0
R104855,4,20,449,16429,0.311,0.822,125.9,1,0.76,2,110000,30,4107,59.8,1
R104856,4,22,505,13205,0.178,0.99,163.3,0,0.906,4,92000,24,4293,73.9,0
R104857,4,20,427,9455,0.408,0.635,100.2,2,0.72,3,61000,24,2847,48.8,0
R104858,3,20,492,14899,0.148,0.796,151.9,1,0.892,2,82000,30,3061,69.6,0
R104859,5,15,276,8000,0.527,0.54,53.1,3,0.589,4,58000,24,2707,36.2,0
R104860,11,26,492,17708,0.186,0.709,103.3,1,0.778,8,98000,24,4573,69.2,1
R104861,46,22,420,15214,0.54,0.635,78.8,3,0.652,30,90000,18,5600,53.7,0
R104862,4,22,493,12189,0.134,0.89,137.2,0,0.93,3,104000,24,4853,73.3,0
R104863,11,28,784,23091,0.098,1.0,172.7,0,0.925,6,79000,30,2949,89.7,0
R104864,14,19,401,13926,0.415,0.818,121.1,1,0.861,8,69000,36,2147,60.2,0
R104865,9,27,655,15018,0.206,0.759,133.1,2,0.814,5,101000,18,6284,72.4,1
R104866,12,23,486,8000,0.386,0.767,125.7,1,0.863,10,60000,36,1867,61.2,0
R104867,7,23,453,14147,0.245,0.786,138.2,1,0.9,5,87000,24,4060,65.9,0
R104868,6,23,595,14863,0.08,0.948,135.9,0,0.932,4,76000,24,3547,81.7,1
R104869,8,23,510,15120,0.218,0.794,136.7,1,0.865,5,95000,24,4433,69.0,1
R104870,20,23,450,11866,0.08,0.953,143.8,0,0.97,10,78000,18,4853,87.5,1
R104871,16,23,614,15513,0.3,0.724,141.8,2,0.804,15,84000,30,3136,70.1,1
R104872,10,21,530,15656,0.375,0.754,92.6,1,0.865,6,51000,24,2380,61.2,0
R104873,4,19,460,8000,0.357,0.712,109.3,1,0.822,3,63000,30,2352,55.3,0
R104874,3,22,494,16484,0.18,0.843,157.9,0,0.968,2,69000,30,2576,69.5,1
R104875,8,27,590,11723,0.227,0.863,141.7,0,0.871,7,88000,24,4107,72.3,0
R104876,15,23,422,12099,0.216,0.766,130.5,1,0.82,10,70000,18,4356,70.3,1
R104877,14,23,538,15683,0.246,0.832,154.6,1,0.883,13,70000,36,2178,73.2,1
R104878,13,25,630,17783,0.262,0.856,156.8,0,0.992,9,104000,24,4853,75.7,0
R104879,3,18,352,14107,0.263,0.873,114.6,1,0.836,2,85000,12,7933,61.4,1
R104880,18,29,717,16545,0.255,0.771,96.3,2,0.782,9,69000,24,3220,77.0,1
R104881,12,22,618,13164,0.155,0.972,140.6,0,0.877,8,86000,30,3211,82.1,1
R104882,5,27,549,8267,0.298,0.918,161.3,0,0.915,4,61000,30,2277,67.6,0
R104883,19,26,681,21318,0.179,0.838,158.4,1,0.91,16,94000,30,3509,83.7,1
R104884,5,15,296,8379,0.483,0.578,77.5,2,0.753,4,79000,18,4916,41.1,0
R104885,13,17,331,11122,0.32,0.767,106.2,2,0.85,9,90000,24,4200,61.5,1
R104886,6,26,626,25300,0.083,1.0,150.3,0,0.96,6,52000,30,1941,84.0,1
R104887,9,16,331,8921,0.302,0.777,130.0,2,0.687,7,71000,18,4418,58.2,0
R104888,14,27,762,23610,0.165,0.978,155.4,0,0.979,12,46000,18,2862,87.6,1
R104889,11,20,480,8000,0.226,0.898,134.2,1,0.881,5,53000,24,2473,72.5,0
R104890,10,25,742,20547,0.279,0.917,145.0,0,0.902,5,49000,36,1524,76.2,1
R104891,5,20,552,13309,0.15,0.988,122.2,0,0.982,4,102000,24,4760,78.0,0
R104892,6,22,394,11105,0.235,0.922,146.2,0,0.926,5,101000,24,4713,67.8,1
R104893,6,16,298,10421,0.356,0.731,95.0,2,0.768,6,59000,30,2203,52.8,0
R104894,20,24,734,23747,0.281,0.711,103.6,1,0.776,19,87000,12,8120,75.9,1
R104895,34,18,426,11795,0.206,0.816,169.1,1,0.898,25,71000,18,4418,78.4,0
R104896,5,29,691,21885,0.165,1.0,176.2,0,0.896,3,99000,18,6160,80.2,0
R104897,27,20,446,14510,0.454,0.659,105.8,2,0.715,22,110000,36,3422,60.1,0
R104898,5,21,393,11458,0.178,0.863,157.0,1,0.934,4,56000,36,1742,68.7,0
R104899,13,21,528,16796,0.373,0.761,131.6,2,0.754,7,62000,36,1929,62.5,0
R104900,5,20,409,8000,0.306,0.821,149.6,1,0.846,3,47000,24,2193,60.3,1
R104901,21,24,580,16347,0.204,0.905,123.8,1,0.859,19,95000,12,8867,82.6,1
R104902,18,26,511,17964,0.149,0.789,144.1,1,0.894,16,79000,36,2458,79.0,1
R104903,21,27,668,14268,0.124,0.803,152.2,0,0.862,17,55000,30,2053,86.0,1
R104904,7,13,130,8000,0.376,0.72,70.0,3,0.663,6,100000,30,3733,46.9,0
R104905,6,24,494,9746,0.325,0.75,164.6,1,0.887,5,56000,18,3484,60.6,0
R104906,20,28,633,16386,0.114,0.823,151.3,1,0.896,15,58000,24,2707,86.1,0
R104907,10,24,759,24919,0.242,0.874,139.9,0,1.0,5,82000,36,2551,78.3,1
R104908,10,17,522,12739,0.315,0.541,165.7,2,0.764,7,45000,30,1680,57.9,0
R104909,7,23,427,12461,0.351,0.792,109.3,2,0.862,7,62000,24,2893,59.4,1
R104910,9,12,255,8000,0.279,0.671,130.1,1,0.765,9,90000,18,5600,56.0,1
R104911,20,22,506,9396,0.242,0.933,140.7,0,0.932,18,46000,24,2147,79.4,0
R104912,7,26,629,18832,0.301,0.744,126.9,3,0.777,6,83000,30,3099,64.7,1
R104913,7,27,709,11156,0.132,0.968,161.0,1,0.897,5,105000,30,3920,82.3,0
R104914,6,24,562,22724,0.19,0.874,147.5,1,0.973,3,83000,24,3873,73.4,0
R104915,9,13,353,8000,0.378,0.609,84.9,2,0.637,6,81000,30,3024,50.3,0
R104916,21,18,366,9289,0.357,0.722,102.8,3,0.763,19,85000,18,5289,63.5,1
R104917,6,16,257,9068,0.359,0.739,113.2,3,0.745,5,69000,24,3220,51.2,0
R104918,6,19,395,9779,0.263,0.877,161.0,0,0.946,6,79000,24,3687,65.6,1
R104919,27,27,650,21223,0.406,0.846,186.1,2,0.841,16,88000,24,4107,73.7,1
R104920,6,20,429,8000,0.368,0.775,144.6,1,0.909,6,77000,18,4791,58.0,0
R104921,10,23,513,8000,0.13,0.893,138.0,2,0.876,5,92000,30,3435,77.8,0
R104922,30,18,429,11956,0.167,0.936,127.8,2,0.88,23,81000,36,2520,83.3,0
R104923,9,23,519,17624,0.259,0.908,156.8,0,0.842,6,55000,24,2567,70.4,1
R104924,36,27,708,25506,0.168,0.803,138.5,2,0.823,33,64000,24,2987,86.4,0
R104925,5,23,575,13587,0.273,0.751,102.6,1,0.8,3,64000,30,2389,64.4,1
R104926,35,24,520,18327,0.159,0.819,120.0,1,0.908,22,67000,36,2084,83.4,0
R104927,9,23,571,21923,0.202,0.824,143.3,1,0.855,4,75000,30,2800,72.5,0
R104928,2,26,571,10652,0.11,0.888,127.0,0,0.87,1,42000,24,1960,74.6,1
R104929,2,20,411,16166,0.431,0.731,114.0,2,0.766,1,96000,36,2987,49.1,1
R104930,7,20,496,13170,0.27,0.928,127.7,0,0.889,6,83000,24,3873,69.2,1
R104931,12,21,494,12978,0.216,0.769,124.6,2,0.793,6,73000,30,2725,70.0,1
R104932,9,22,462,15164,0.375,0.695,131.3,2,0.767,7,85000,24,3967,57.0,0
R104933,23,22,533,17176,0.306,0.765,127.5,1,0.883,19,69000,36,2147,73.8,0
R104934,14,18,308,8000,0.389,0.622,72.6,2,0.698,8,83000,30,3099,52.8,0
R104935,9,21,461,9042,0.262,0.833,162.5,2,0.824,6,84000,30,3136,66.3,1
R104936,12,21,434,14310,0.335,0.769,111.3,2,0.766,8,73000,36,2271,61.5,1
R104937,8,26,662,20975,0.337,0.794,130.4,1,0.862,7,71000,24,3313,66.4,0
R104938,14,28,579,19812,0.157,0.81,121.7,0,0.893,7,89000,18,5538,78.7,0
R104939,6,20,389,12736,0.253,0.89,147.2,1,0.842,3,91000,24,4247,64.9,1
R104940,15,19,418,11891,0.422,0.766,81.9,1,0.774,13,83000,18,5164,58.5,1
R104941,9,22,509,8673,0.383,0.717,73.6,2,0.761,8,81000,24,3780,58.1,1
R104942,8,21,574,14284,0.371,0.742,125.5,3,0.765,4,100000,36,3111,60.0,1
R104943,23,24,430,12404,0.399,0.716,108.8,1,0.842,13,82000,24,3827,64.4,1
R104944,30,13,271,9773,0.425,0.73,112.9,2,0.724,19,54000,30,2016,59.1,1
R104945,12,28,621,20687,0.359,0.987,157.6,0,0.911,10,66000,24,3080,72.0,0
R104946,8,25,653,22498,0.172,0.868,166.2,0,0.94,7,89000,30,3323,77.7,1
R104947,8,21,453,15033,0.288,0.708,136.1,2,0.82,7,64000,18,3982,61.5,0
R104948,8,22,564,13866,0.231,0.877,121.5,1,0.866,4,100000,24,4667,71.9,0
R104949,1,25,365,9938,0.356,0.751,139.9,1,0.859,1,94000,24,4387,52.6,0
R104950,16,20,539,17426,0.335,0.852,128.6,1,0.854,11,60000,30,2240,69.7,1
R104951,13,29,728,21894,0.284,0.782,147.4,3,0.78,11,50000,30,1867,73.0,0
R104952,11,21,511,11043,0.364,0.808,145.5,1,0.895,8,80000,18,4978,63.9,0
R104953,18,19,454,15706,0.267,0.645,113.5,1,0.78,16,40000,30,1493,66.9,1
R104954,5,21,511,15944,0.231,0.835,176.8,1,0.846,4,71000,18,4418,67.0,1
R104955,2,25,680,22126,0.246,0.959,127.8,1,0.921,1,103000,18,6409,72.5,0
R104956,8,21,559,13464,0.271,0.762,154.6,1,0.897,6,50000,36,1556,67.0,1
R104957,16,19,361,9214,0.26,0.715,98.4,2,0.802,15,45000,18,2800,65.7,0
R104958,12,28,588,19663,0.277,0.987,135.8,0,0.972,10,77000,30,2875,76.0,1
R104959,10,24,698,11946,0.172,0.818,183.5,1,0.906,9,61000,18,3796,78.1,1
R104960,31,23,616,14255,0.285,0.764,103.5,2,0.827,25,65000,24,3033,77.0,0
R104961,24,23,497,12543,0.351,0.578,91.8,2,0.781,14,102000,24,4760,65.4,0
R104962,18,25,490,16378,0.168,0.798,138.3,1,0.857,12,73000,36,2271,77.1,1
R104963,9,26,739,26788,0.166,0.939,153.7,2,0.846,7,82000,24,3827,81.6,1
R104964,49,26,656,16345,0.201,0.804,137.3,0,0.88,31,97000,18,6036,83.9,1
R104965,5,19,516,17391,0.337,0.787,110.6,1,0.887,2,59000,36,1836,61.0,1
R104966,21,23,530,19954,0.299,0.864,122.1,3,0.757,12,66000,18,4107,74.0,1
R104967,22,21,488,15925,0.415,0.957,137.0,0,0.917,13,99000,18,6160,71.4,0
R104968,8,20,470,10711,0.527,0.656,75.9,2,0.705,7,76000,30,2837,46.4,0
R104969,25,26,634,23279,0.191,0.846,140.6,1,0.879,13,98000,24,4573,84.9,1
R104970,5,24,476,13011,0.324,0.738,136.5,1,0.849,4,64000,12,5973,58.8,0
R104971,14,22,469,15529,0.291,0.737,113.8,2,0.772,9,69000,24,3220,65.6,0
R104972,20,23,451,10415,0.233,0.756,136.7,1,0.893,11,96000,18,5973,73.7,1
R104973,14,20,432,8000,0.226,0.766,117.4,1,0.829,9,116000,24,5413,69.1,1
R104974,3,18,453,9897,0.105,0.83,128.1,1,0.914,3,52000,30,1941,72.0,0
R104975,20,24,451,13006,0.194,0.876,155.3,2,0.803,17,108000,24,5040,77.7,1
R104976,24,21,424,14894,0.387,0.809,115.3,2,0.833,18,75000,24,3500,68.0,0
R104977,12,27,670,14426,0.26,0.853,127.1,0,0.881,7,95000,24,4433,75.1,1
R104978,3,27,701,27020,0.08,0.904,153.4,1,0.879,2,72000,30,2688,80.5,1
R104979,12,23,491,15453,0.273,0.799,118.6,2,0.82,10,83000,30,3099,67.7,1
R104980,7,19,459,9125,0.408,0.61,94.0,2,0.696,5,106000,18,6596,50.9,0
R104981,11,20,597,18754,0.178,0.903,126.9,2,0.918,6,115000,24,5367,78.7,0
R104982,17,23,487,17271,0.374,0.787,87.8,3,0.745,9,83000,30,3099,64.6,0
R104983,4,13,293,9069,0.224,0.615,98.8,6,0.614,2,63000,30,2352,53.9,0
R104984,27,20,433,11485,0.156,0.769,115.4,1,0.867,20,75000,12,7000,79.7,1
R104985,9,25,508,11483,0.152,0.981,172.9,0,0.971,5,40000,12,3733,78.7,0
R104986,13,23,561,17801,0.272,0.71,144.8,2,0.914,10,108000,30,4032,68.7,1
R104987,8,20,642,12866,0.336,0.895,119.3,1,0.764,5,86000,24,4013,67.4,1
R104988,17,25,485,14239,0.08,0.865,156.5,1,0.905,12,71000,30,2651,83.6,1
R104989,27,27,788,16615,0.213,0.857,168.2,0,0.975,23,72000,24,3360,88.9,0
R104990,6,18,537,15138,0.341,0.753,149.3,2,0.821,6,59000,18,3671,60.5,1
R104991,16,19,375,8000,0.222,0.691,138.2,2,0.814,8,96000,24,4480,67.2,1
R104992,7,12,301,10706,0.357,0.721,119.0,3,0.655,6,72000,24,3360,51.8,1
R104993,17,19,450,12509,0.282,0.844,124.7,1,0.874,8,84000,18,5227,71.1,1
R104994,11,15,267,8000,0.39,0.685,139.0,2,0.773,9,66000,30,2464,52.2,0
R104995,19,24,387,12012,0.31,0.708,126.1,1,0.846,17,67000,30,2501,65.9,0
R104996,13,24,632,22644,0.249,0.813,136.2,1,0.882,12,84000,24,3920,74.3,1
R104997,37,21,512,11906,0.229,0.867,128.9,1,0.829,17,85000,24,3967,79.9,0
R104998,8,14,376,10233,0.248,0.843,125.6,1,0.843,5,80000,36,2489,64.9,0
R104999,4,16,384,11285,0.448,0.764,116.0,1,0.868,3,65000,18,4044,50.5,1
R105000,7,15,311,9028,0.285,0.67,89.3,2,0.74,4,48000,24,2240,55.7,0
R105001,7,20,329,8726,0.226,0.641,112.8,2,0.887,6,78000,24,3640,60.1,1
R105002,10,20,441,8662,0.381,0.595,121.0,2,0.798,7,67000,18,4169,54.5,1
R105003,8,12,283,8000,0.306,0.712,99.9,3,0.705,5,63000,12,5880,55.3,1
R105004,13,16,359,9482,0.218,0.768,123.5,1,0.819,8,120000,24,5600,66.9,0
R105005,3,12,285,9584,0.563,0.591,70.5,3,0.7,1,73000,30,2725,35.1,0
R105006,8,15,204,8000,0.446,0.593,115.6,3,0.656,5,49000,24,2287,42.5,0
R105007,8,19,501,11925,0.239,1.0,139.1,2,0.879,5,72000,36,2240,73.1,1
R105008,18,14,244,8000,0.336,0.685,105.5,2,0.864,14,67000,30,2501,59.6,0
R105009,5,24,583,13158,0.33,0.821,131.8,1,0.857,5,71000,18,4418,63.9,1
R105010,5,28,783,21382,0.262,0.891,143.2,1,0.928,5,87000,24,4060,74.8,1
R105011,11,25,522,8041,0.146,0.851,148.0,0,0.914,8,47000,24,2193,76.9,1
R105012,19,18,362,14041,0.378,0.867,98.9,2,0.703,11,87000,12,8120,63.7,0
R105013,1,30,907,20387,0.192,0.852,127.7,1,0.859,1,86000,36,2676,74.6,1
R105014,17,24,617,13457,0.17,0.987,145.0,0,0.944,9,61000,30,2277,85.7,1
R105015,16,24,649,20994,0.166,0.944,108.8,0,0.928,8,54000,18,3360,84.4,1
R105016,10,18,318,10677,0.224,0.779,133.6,2,0.79,9,92000,24,4293,64.2,0
R105017,12,30,908,27653,0.25,0.947,187.8,1,0.905,10,73000,36,2271,81.4,1
R105018,21,27,638,15186,0.11,0.801,175.3,0,0.863,19,78000,30,2912,86.2,1
R105019,7,25,542,16698,0.244,0.774,151.3,1,0.909,6,77000,30,2875,68.0,0
R105020,4,21,506,15280,0.162,0.837,123.9,1,0.803,3,104000,24,4853,69.6,1
R105021,16,20,511,12773,0.362,0.732,128.3,1,0.829,7,54000,12,5040,64.4,1
R105022,15,24,431,12601,0.23,0.991,148.4,0,0.932,10,93000,24,4340,76.3,1
R105023,2,22,709,23507,0.2,0.804,141.4,0,0.96,1,75000,24,3500,72.2,0
R105024,28,22,556,8236,0.241,0.829,129.2,1,0.907,27,45000,24,2100,80.2,0
R105025,14,19,344,8000,0.391,0.698,67.3,2,0.755,7,69000,24,3220,56.1,0
R105026,6,24,438,13069,0.265,0.853,143.3,0,0.963,5,93000,12,8680,65.8,0
R105027,15,21,432,10847,0.407,0.759,103.2,2,0.792,7,90000,18,5600,59.9,1
R105028,14,16,273,9325,0.519,0.714,81.0,3,0.632,9,65000,36,2022,46.5,1
R105029,8,20,478,8000,0.462,0.698,120.5,3,0.739,6,79000,30,2949,51.8,0
R105030,12,16,292,8244,0.376,0.64,105.9,2,0.748,8,85000,12,7933,52.8,0
R105031,12,19,425,9776,0.217,0.846,133.7,1,0.934,8,65000,24,3033,71.5,1
R105032,11,19,540,17274,0.273,0.85,121.5,1,0.866,10,86000,30,3211,70.3,1
R105033,11,27,791,20358,0.08,0.803,141.1,3,0.793,5,101000,24,4713,84.4,1
R105034,14,11,173,8988,0.317,0.742,93.6,2,0.757,11,64000,36,1991,56.6,0
R105035,12,20,499,19296,0.349,0.686,101.5,2,0.758,9,68000,24,3173,60.8,0
R105036,7,20,504,8000,0.302,0.77,104.3,2,0.867,6,88000,30,3285,63.5,0
R105037,5,19,434,15168,0.333,0.789,94.8,2,0.829,3,89000,24,4153,58.6,0
R105038,12,17,337,10552,0.374,0.728,125.4,2,0.658,11,88000,24,4107,55.3,0
R105039,17,20,304,9933,0.352,0.662,88.8,2,0.764,11,89000,30,3323,58.3,0
R105040,12,22,427,13093,0.179,0.941,160.9,1,0.907,7,71000,24,3313,75.4,0
R105041,7,19,431,16314,0.332,0.655,129.9,2,0.795,4,82000,18,5102,56.4,0
R105042,3,22,499,15487,0.228,0.814,118.5,2,0.871,2,40000,36,1244,65.3,0
R105043,29,23,532,10221,0.156,0.807,150.4,1,0.897,17,78000,24,3640,83.4,1
R105044,15,20,507,12367,0.303,0.895,149.2,0,0.964,11,101000,24,4713,72.0,0
R105045,14,26,850,24066,0.232,1.0,134.9,0,0.97,12,68000,18,4231,85.3,1
R105046,8,18,315,8595,0.411,0.635,93.0,3,0.74,5,82000,30,3061,48.8,0
R105047,3,25,506,15512,0.394,0.837,123.6,1,0.812,2,65000,24,3033,56.8,1
R105048,7,24,556,14545,0.141,0.853,152.6,0,0.936,5,96000,12,8960,75.7,1
R105049,26,19,408,10934,0.372,0.854,128.3,2,0.827,23,107000,24,4993,69.5,0
R105050,4,27,762,25041,0.238,0.902,135.2,0,0.941,3,70000,24,3267,75.2,1
R105051,2,29,682,16186,0.087,0.889,159.6,0,0.965,2,62000,30,2315,79.9,1
R105052,28,20,588,20452,0.239,0.929,140.8,1,0.838,26,70000,24,3267,82.9,1
R105053,6,23,731,22405,0.266,0.819,148.6,0,0.937,3,85000,24,3967,72.0,1
R105054,10,15,452,15433,0.208,0.819,134.5,1,0.832,4,56000,24,2613,69.4,1
R105055,14,18,392,8000,0.272,0.752,128.4,1,0.848,7,59000,24,2753,65.7,1
R105056,34,21,372,14880,0.366,0.697,85.2,2,0.772,22,51000,24,2380,64.4,1
R105057,26,18,386,8052,0.235,0.66,97.9,2,0.84,22,69000,30,2576,71.4,0
R105058,10,22,480,18794,0.374,0.712,113.5,2,0.787,6,97000,24,4527,58.7,0
R105059,7,23,442,11120,0.381,0.801,131.1,1,0.827,4,92000,36,2862,58.1,0
R105060,5,21,671,18420,0.232,0.728,100.3,1,0.862,2,74000,18,4604,68.4,1
R105061,15,18,356,8000,0.324,0.625,105.2,2,0.775,12,77000,36,2396,58.6,1
R105062,12,30,756,24608,0.207,0.995,144.5,1,0.965,8,85000,24,3967,84.1,1
R105063,2,19,373,15099,0.474,0.642,81.0,3,0.741,1,64000,36,1991,43.6,0
R105064,10,26,475,15096,0.228,0.815,96.5,3,0.784,7,66000,36,2053,68.3,1
R105065,12,10,223,8000,0.384,0.686,107.9,3,0.71,7,40000,24,1867,51.4,0
R105066,16,26,671,13853,0.163,0.966,128.2,0,0.971,14,65000,24,3033,86.0,1
R105067,5,16,359,10720,0.249,0.777,144.0,2,0.868,4,95000,30,3547,61.4,1
R105068,12,23,554,18909,0.234,0.892,152.0,2,0.795,6,63000,24,2940,73.7,0
R105069,4,25,646,18052,0.241,0.839,174.0,1,0.886,3,73000,30,2725,70.3,1
R105070,14,18,453,19711,0.303,0.828,129.4,1,0.804,10,87000,36,2707,67.1,1
R105071,9,23,555,20461,0.188,1.0,163.7,1,0.878,6,81000,36,2520,77.8,0
R105072,36,23,484,13143,0.208,0.855,137.9,2,0.903,20,80000,24,3733,80.8,1
R105073,6,22,532,16692,0.323,0.807,122.1,1,0.892,3,40000,24,1867,63.3,1
R105074,8,21,549,15005,0.156,0.864,156.6,1,0.889,7,116000,30,4331,75.1,1
R105075,3,22,566,20252,0.28,0.904,145.6,0,0.922,2,104000,24,4853,67.1,1
R105076,11,25,445,13703,0.131,0.845,126.2,1,0.858,6,64000,24,2987,74.9,1
R105077,9,23,670,21559,0.461,0.925,104.5,1,0.845,8,60000,18,3733,63.6,1
R105078,11,27,479,15756,0.448,0.742,118.5,3,0.722,8,69000,18,4293,55.6,0
R105079,10,24,502,11707,0.245,0.808,141.7,1,0.899,9,79000,18,4916,69.5,1
R105080,36,23,480,12358,0.336,0.741,120.7,1,0.883,18,107000,30,3995,70.9,0
R105081,15,25,682,15209,0.157,1.0,164.1,1,0.926,11,82000,30,3061,86.5,1
R105082,18,25,516,18236,0.288,0.761,105.2,1,0.819,17,84000,24,3920,70.5,1
R105083,12,20,570,18804,0.279,0.919,141.5,2,0.849,7,85000,24,3967,72.6,1
R105084,13,24,572,14331,0.213,0.936,142.2,0,0.909,9,68000,12,6347,77.9,0
R105085,11,23,530,15146,0.24,0.795,113.0,1,0.87,10,100000,24,4667,70.6,1
R105086,12,22,516,14767,0.375,0.719,107.8,1,0.856,10,93000,18,5787,61.1,0
R105087,7,27,830,25428,0.211,0.902,161.2,0,0.874,4,102000,30,3808,78.9,1
R105088,18,22,487,15378,0.267,0.764,123.1,1,0.814,13,72000,18,4480,70.7,1
R105089,38,26,739,29660,0.221,0.936,144.0,0,0.888,34,72000,24,3360,88.3,0
R105090,12,16,451,15606,0.313,0.729,129.8,1,0.844,10,52000,24,2427,63.0,1
R105091,5,20,352,12464,0.342,0.716,100.6,2,0.798,4,99000,18,6160,54.3,1
R105092,20,13,312,8000,0.278,0.723,134.4,3,0.804,12,87000,36,2707,66.3,0
R105093,28,21,443,9748,0.122,0.83,140.4,1,0.878,16,90000,18,5600,83.4,0
R105094,8,30,861,30261,0.161,0.864,146.8,0,0.947,4,68000,24,3173,81.6,0
R105095,5,24,477,15315,0.308,0.716,134.9,1,0.826,4,69000,24,3220,58.9,1
R105096,17,19,406,12626,0.374,0.715,42.2,1,0.819,10,62000,24,2893,61.1,0
R105097,12,20,631,11540,0.354,0.735,112.0,2,0.777,9,90000,18,5600,65.0,1
R105098,16,19,416,13676,0.26,0.796,148.7,2,0.778,11,69000,36,2147,68.4,1
R105099,11,18,436,8722,0.166,0.717,128.1,2,0.815,6,64000,24,2987,69.4,1
R105100,10,16,374,9784,0.31,0.803,119.6,1,0.868,5,68000,18,4231,62.0,1
R105101,6,23,491,15706,0.338,0.744,141.8,1,0.883,5,92000,12,8587,59.7,0
R105102,14,17,426,13784,0.387,0.528,69.9,2,0.804,10,55000,18,3422,54.7,0
R105103,4,21,535,20496,0.401,0.928,143.7,1,0.826,4,71000,18,4418,60.4,0
R105104,18,18,388,8000,0.468,0.594,82.4,2,0.729,16,61000,24,2847,52.5,0
R105105,17,24,531,14479,0.317,0.744,98.4,2,0.768,10,79000,12,7373,67.7,0
R105106,14,22,605,11580,0.232,0.806,106.3,1,0.809,9,45000,18,2800,74.1,1
R105107,24,18,411,17360,0.29,0.84,115.9,3,0.758,15,75000,18,4667,72.6,0
R105108,9,25,687,21005,0.08,0.863,156.1,0,0.976,8,60000,12,5600,84.1,1
R105109,9,23,359,8000,0.347,0.708,113.5,1,0.853,7,87000,24,4060,56.6,0
R105110,8,26,628,14209,0.265,0.812,147.1,2,0.81,5,79000,30,2949,69.6,1
R105111,12,19,404,11959,0.452,0.641,99.3,3,0.717,11,52000,12,4853,51.4,0
R105112,10,20,437,8998,0.264,0.806,108.7,1,0.785,7,83000,24,3873,65.6,0
R105113,8,25,630,16104,0.241,0.801,137.3,1,0.835,6,51000,30,1904,70.7,0
R105114,9,23,434,11538,0.363,0.663,108.6,2,0.802,5,80000,24,3733,55.9,0
R105115,14,28,587,17530,0.179,0.838,146.8,0,0.921,8,60000,36,1867,78.1,1
R105116,22,30,715,19729,0.347,0.885,139.8,1,0.818,16,79000,24,3687,78.0,1
R105117,7,24,651,21664,0.382,0.791,123.1,2,0.895,5,68000,24,3173,63.6,1
R105118,2,25,634,16008,0.239,0.751,136.2,3,0.819,1,53000,36,1649,65.4,1
R105119,16,25,533,21479,0.37,0.703,110.0,1,0.905,13,100000,24,4667,64.9,1
R105120,5,18,338,8000,0.451,0.704,120.7,2,0.805,3,83000,24,3873,48.0,0
R105121,22,15,350,8000,0.329,0.691,126.9,2,0.762,16,73000,12,6813,64.4,0
R105122,18,21,453,11840,0.258,0.8,119.4,1,0.922,17,67000,12,6253,72.5,0
R105123,19,19,453,12351,0.273,0.823,103.0,1,0.832,10,75000,30,2800,72.0,1
R105124,11,23,559,15101,0.154,0.871,161.6,0,0.962,7,71000,30,2651,78.7,1
R105125,22,25,532,13159,0.123,0.931,179.5,2,0.921,14,95000,30,3547,87.0,1
R105126,14,22,546,16120,0.205,0.841,144.5,2,0.87,10,120000,12,11200,75.7,1
R105127,14,27,576,12803,0.273,0.767,133.3,2,0.839,11,79000,24,3687,70.3,0
R105128,12,22,586,17338,0.134,0.922,153.2,0,0.975,8,67000,24,3127,82.2,1
R105129,15,27,708,21106,0.174,0.842,126.5,1,0.851,13,73000,30,2725,81.8,1
R105130,3,23,473,17481,0.345,0.846,138.3,1,0.873,3,96000,30,3584,59.9,1
R105131,8,21,590,18777,0.394,0.788,97.8,2,0.715,6,75000,24,3500,60.1,0
R105132,8,24,586,18937,0.231,0.733,165.6,0,0.935,8,68000,24,3173,69.4,0
R105133,10,22,393,14726,0.387,0.654,92.1,2,0.656,6,75000,24,3500,53.0,0
R105134,5,20,492,10932,0.375,0.834,105.9,1,0.895,4,94000,18,5849,59.8,1
R105135,7,25,577,15735,0.104,1.0,160.4,0,0.95,5,51000,18,3173,82.0,1
R105136,4,21,494,17053,0.321,0.812,118.4,1,0.824,3,84000,36,2613,60.9,1
R105137,7,27,864,27766,0.089,0.93,132.0,0,0.959,5,90000,24,4200,86.6,0
R105138,6,26,731,11865,0.151,0.883,143.4,2,0.876,4,71000,24,3313,79.1,1
R105139,7,21,469,15830,0.254,0.709,132.9,1,0.819,4,70000,24,3267,62.7,0
R105140,18,24,353,17756,0.317,0.835,135.0,2,0.825,11,58000,12,5413,67.0,0
R105141,11,20,413,8102,0.31,0.669,104.5,2,0.723,6,65000,18,4044,58.8,0
R105142,9,23,749,20483,0.245,0.778,128.1,1,0.794,6,89000,18,5538,73.3,1
R105143,24,30,727,25245,0.159,0.91,136.5,1,0.905,12,64000,18,3982,90.5,1
R105144,14,25,695,28410,0.224,0.885,136.6,0,0.893,8,58000,30,2165,79.4,1
R105145,14,21,449,14441,0.29,0.866,132.8,1,0.779,10,79000,24,3687,68.6,1
R105146,12,26,588,15822,0.255,0.827,123.4,1,0.873,10,63000,24,2940,72.5,1
R105147,19,12,254,8000,0.406,0.712,114.3,2,0.746,11,75000,30,2800,56.1,0
R105148,20,20,440,8000,0.355,0.834,123.1,1,0.913,18,66000,30,2464,69.3,0
R105149,13,23,539,11194,0.341,0.814,136.8,1,0.876,6,75000,18,4667,67.2,1
R105150,19,21,704,17744,0.367,0.856,145.5,0,0.908,10,83000,30,3099,74.6,1
R105151,15,22,464,23182,0.299,0.748,125.5,2,0.785,13,76000,36,2364,66.1,0
R105152,14,21,663,17523,0.401,0.625,110.9,3,0.669,13,103000,18,6409,60.6,0
R105153,9,25,593,13563,0.329,0.691,102.0,1,0.798,4,99000,30,3696,62.5,1
R105154,7,18,389,14366,0.461,0.802,127.2,1,0.844,6,54000,12,5040,52.3,0
R105155,4,18,376,8000,0.458,0.633,79.6,2,0.802,3,67000,24,3127,45.6,0
R105156,28,25,611,11872,0.342,0.613,111.2,1,0.804,19,60000,12,5600,69.9,0
R105157,19,20,287,8288,0.36,0.759,105.0,3,0.778,11,111000,24,5180,60.8,0
R105158,8,29,775,21688,0.179,0.92,153.2,0,0.933,5,71000,18,4418,81.6,1
R105159,3,18,407,13081,0.514,0.717,122.4,2,0.788,3,66000,12,6160,45.0,0
R105160,15,26,690,17654,0.19,0.814,136.2,2,0.844,14,100000,30,3733,79.8,1
R105161,9,22,637,17804,0.211,0.985,161.9,0,0.871,8,68000,24,3173,78.0,1
R105162,19,16,296,8519,0.375,0.763,129.0,2,0.804,9,120000,18,7467,61.0,0
R105163,6,17,369,8829,0.313,0.56,119.6,2,0.768,4,89000,18,5538,52.1,1
R105164,8,24,556,12852,0.207,0.963,140.8,1,0.895,4,90000,36,2800,75.2,1
R105165,10,25,562,16628,0.309,0.921,99.4,1,0.823,9,40000,30,1493,69.3,1
R105166,17,21,513,9148,0.327,0.685,132.8,2,0.775,11,55000,30,2053,65.1,0
R105167,7,15,415,9803,0.301,0.642,102.7,3,0.709,6,99000,18,6160,56.3,1
R105168,15,16,352,9088,0.478,0.767,122.0,2,0.765,11,71000,36,2209,54.3,0
R105169,4,26,690,21825,0.296,0.947,85.4,1,0.864,3,76000,24,3547,70.5,1
R105170,11,23,497,8000,0.217,0.888,159.7,1,0.859,7,81000,18,5040,72.6,0
R105171,25,18,326,8000,0.43,0.68,135.5,3,0.756,13,79000,36,2458,59.3,0
R105172,32,27,617,12598,0.117,0.974,186.5,0,0.965,15,86000,24,4013,92.5,0
R105173,21,20,365,10352,0.171,0.779,113.0,1,0.818,11,89000,18,5538,75.3,1
R105174,3,18,490,13609,0.313,0.699,82.6,2,0.716,2,73000,24,3407,56.5,0
R105175,10,23,491,14886,0.323,0.757,103.6,1,0.824,8,61000,12,5693,62.9,0
R105176,11,19,431,10961,0.17,0.855,128.7,1,0.845,7,85000,36,2644,72.6,1
R105177,20,17,335,8000,0.27,0.834,129.4,1,0.809,18,71000,30,2651,69.6,0
R105178,12,14,246,8000,0.449,0.512,70.0,3,0.678,10,74000,36,2302,43.8,0
R105179,5,21,468,9851,0.291,0.712,125.6,2,0.805,4,84000,36,2613,59.8,1
R105180,21,24,490,17984,0.284,0.626,103.3,2,0.753,15,93000,18,5787,68.1,0
R105181,30,24,586,17664,0.189,0.904,132.4,2,0.899,21,89000,24,4153,85.5,1
R105182,18,22,420,14294,0.305,0.78,114.7,1,0.794,8,104000,24,4853,67.2,1
R105183,7,16,417,11457,0.372,0.744,87.4,4,0.795,4,75000,18,4667,55.8,0
R105184,34,21,337,8000,0.313,0.744,107.1,1,0.842,31,62000,30,2315,68.2,0
R105185,19,15,365,14649,0.267,0.717,101.5,2,0.762,10,84000,24,3920,66.6,0
R105186,17,27,691,20378,0.193,0.882,131.9,0,0.858,13,71000,24,3313,82.5,0
R105187,29,20,540,19091,0.377,0.753,100.8,2,0.731,22,64000,24,2987,69.0,0
R105188,19,19,421,10366,0.341,0.676,111.8,3,0.762,11,86000,30,3211,63.2,0
R105189,10,26,642,21298,0.109,0.937,119.6,0,0.918,6,48000,24,2240,83.5,1
R105190,27,21,443,11830,0.416,0.885,144.2,2,0.802,15,75000,30,2800,68.5,0
R105191,6,21,524,13459,0.316,0.841,152.9,1,0.886,5,65000,24,3033,64.2,0
R105192,7,21,545,12048,0.299,0.838,132.9,1,0.88,4,59000,24,2753,66.0,1
R105193,8,21,394,10108,0.396,0.722,88.3,4,0.609,6,79000,30,2949,52.2,0
R105194,12,25,612,21523,0.214,0.95,160.6,2,0.877,7,67000,24,3127,78.4,1
R105195,13,24,489,11135,0.174,0.804,165.3,0,0.929,7,67000,36,2084,75.0,1
R105196,10,27,554,21808,0.261,0.921,144.2,0,0.95,7,59000,30,2203,72.9,1
R105197,10,22,480,14884,0.312,0.879,142.1,1,0.855,6,62000,36,1929,66.6,0
R105198,14,14,274,8313,0.172,0.759,128.4,1,0.83,9,72000,18,4480,67.9,0
R105199,6,30,838,29409,0.317,0.798,134.0,0,0.966,5,87000,24,4060,70.7,1
R105200,16,22,614,15123,0.307,0.913,120.7,2,0.782,8,88000,24,4107,74.1,1
R105201,1,19,558,19194,0.344,0.802,105.9,2,0.884,1,43000,24,2007,59.9,0
R105202,11,24,612,17424,0.181,0.946,119.8,0,0.86,8,54000,12,5040,79.2,0
R105203,8,20,365,11342,0.319,0.798,116.8,1,0.783,4,78000,24,3640,59.1,0
R105204,33,20,406,9048,0.163,0.693,126.8,1,0.834,22,70000,18,4356,76.4,1
R105205,9,26,531,17357,0.233,0.964,141.7,0,0.922,5,94000,24,4387,74.3,1
R105206,12,18,527,13748,0.24,0.89,127.3,1,0.954,6,87000,18,5413,74.2,1
R105207,10,22,530,14712,0.386,0.669,92.1,2,0.738,9,54000,18,3360,57.2,0
R105208,5,21,386,8000,0.266,0.855,116.0,2,0.732,3,40000,18,2489,61.7,0
R105209,5,20,475,11029,0.171,0.826,147.4,1,0.897,3,77000,36,2396,69.7,1
R105210,4,21,468,11015,0.322,0.676,114.5,2,0.835,3,73000,18,4542,56.8,0
R105211,11,22,681,15902,0.222,0.987,141.5,0,0.977,6,69000,18,4293,80.9,0
R105212,9,20,546,13498,0.325,0.698,115.5,1,0.843,8,57000,24,2660,62.3,0
R105213,3,18,348,9328,0.509,0.638,89.7,2,0.674,2,80000,24,3733,40.6,0
R105214,30,26,576,15305,0.229,0.801,114.4,1,0.805,16,85000,24,3967,79.6,1
R105215,17,24,578,15794,0.224,0.823,131.1,2,0.8,13,79000,24,3687,76.0,1
R105216,12,18,424,8000,0.379,0.738,120.6,1,0.768,10,65000,36,2022,58.7,0
R105217,2,25,671,20220,0.18,1.0,123.7,0,0.877,1,71000,18,4418,76.5,0
R105218,14,17,333,8000,0.475,0.557,73.9,3,0.6,13,54000,30,2016,46.5,0
R105219,12,21,578,12611,0.177,0.896,130.9,1,0.896,9,55000,18,3422,78.2,0
R105220,19,21,515,11298,0.19,0.768,126.2,1,0.833,13,95000,12,8867,76.6,1
R105221,7,23,555,18559,0.377,0.816,151.8,1,0.905,5,80000,18,4978,61.9,0
R105222,8,24,670,17175,0.328,0.902,146.2,1,0.868,6,76000,18,4729,69.9,1
R105223,13,19,463,16011,0.336,0.787,117.3,1,0.833,12,69000,24,3220,64.3,0
R105224,8,20,409,12458,0.43,0.794,111.1,2,0.795,7,88000,36,2738,54.5,0
R105225,14,15,382,13158,0.377,0.69,97.9,2,0.744,7,107000,24,4993,57.5,0
R105226,5,26,849,25450,0.198,0.922,143.6,0,0.93,5,67000,24,3127,79.2,1
R105227,10,15,452,16239,0.282,0.775,127.9,1,0.788,5,82000,12,7653,64.5,1
R105228,7,20,428,9916,0.384,0.651,89.3,3,0.78,3,53000,24,2473,53.0,1
R105229,19,19,403,11434,0.392,0.715,82.8,3,0.753,8,84000,24,3920,60.6,0
R105230,35,19,466,13498,0.318,0.676,109.1,2,0.757,32,86000,24,4013,68.6,0
R105231,30,21,484,11318,0.451,0.765,95.3,2,0.835,24,64000,12,5973,65.0,0
R105232,3,21,500,16670,0.355,0.756,122.6,1,0.825,1,77000,24,3593,56.8,0
R105233,15,20,460,11139,0.163,0.897,160.7,1,0.927,9,78000,24,3640,78.3,1
R105234,7,14,239,8000,0.5,0.662,104.1,3,0.706,4,99000,30,3696,41.6,0
R105235,5,25,581,14925,0.137,1.0,166.1,0,0.946,3,85000,24,3967,79.0,1
R105236,15,22,430,12417,0.274,0.846,114.3,1,0.831,12,93000,36,2893,69.3,0
R105237,5,22,345,11949,0.227,0.856,142.9,0,0.946,2,84000,12,7840,64.7,1
R105238,22,19,400,9039,0.332,0.804,144.7,1,0.81,21,69000,12,6440,68.8,0
R105239,15,16,424,13794,0.272,0.893,130.9,0,0.942,13,40000,24,1867,71.6,0
R105240,19,29,654,17779,0.154,0.843,121.8,2,0.907,15,98000,24,4573,84.7,0
R105241,13,26,603,8000,0.353,0.691,118.1,2,0.761,7,75000,24,3500,63.8,0
R105242,4,19,349,12005,0.237,0.922,122.5,1,0.879,3,68000,18,4231,65.0,0
R105243,9,22,559,14973,0.214,0.976,171.1,0,0.996,8,102000,30,3808,76.8,1
R105244,25,27,799,22725,0.181,0.784,147.1,1,0.83,19,105000,36,3267,87.6,1
R105245,10,16,377,10943,0.322,0.832,130.7,1,0.85,7,83000,24,3873,62.4,1
R105246,10,25,707,22019,0.219,0.887,124.6,3,0.776,7,89000,18,5538,76.4,1
R105247,26,20,566,19189,0.404,0.671,97.3,2,0.763,16,40000,36,1244,66.5,0
R105248,13,20,371,11124,0.304,0.658,102.0,1,0.782,11,96000,30,3584,59.8,0
R105249,23,30,887,21272,0.249,0.877,146.0,1,0.964,18,51000,24,2380,87.1,1
R105250,10,19,408,10426,0.318,0.695,98.6,1,0.801,7,68000,36,2116,59.5,0
R105251,6,26,624,19761,0.268,0.846,133.6,1,0.836,5,54000,24,2520,68.7,0
R105252,2,25,609,15337,0.141,0.849,146.5,1,0.948,2,67000,36,2084,73.8,1
R105253,10,16,320,11648,0.355,0.772,114.5,2,0.731,5,91000,24,4247,56.5,0
R105254,12,30,902,20653,0.101,0.885,157.1,0,0.919,7,113000,24,5273,87.7,1
R105255,22,21,575,24530,0.319,0.869,138.9,2,0.886,20,50000,30,1867,75.9,0
R105256,1,20,394,13972,0.438,0.83,130.6,1,0.879,1,90000,36,2800,51.2,0
R105257,16,23,533,25921,0.314,0.71,132.5,1,0.874,13,78000,30,2912,67.4,1
R105258,11,24,527,19659,0.394,0.611,113.4,2,0.777,9,92000,30,3435,56.7,0
R105259,10,15,272,11960,0.29,0.77,140.0,2,0.77,9,62000,24,2893,58.9,0
R105260,34,24,498,9271,0.389,0.684,118.6,2,0.795,22,88000,12,8213,66.2,1
R105261,15,19,384,15861,0.384,0.747,96.3,3,0.726,12,64000,24,2987,59.0,0
R105262,27,21,435,8000,0.331,0.786,116.3,1,0.867,13,98000,24,4573,71.0,1
R105263,7,16,314,13965,0.427,0.665,79.6,2,0.676,4,83000,18,5164,47.0,0
R105264,8,22,523,14188,0.273,0.874,129.7,3,0.807,5,113000,30,4219,68.1,0
R105265,22,19,438,11509,0.218,0.82,120.4,0,0.963,11,57000,24,2660,77.4,0
R105266,6,24,635,16696,0.241,0.768,124.9,1,0.842,4,87000,24,4060,68.7,0
R105267,6,21,362,10656,0.439,0.822,72.6,1,0.812,4,61000,36,1898,52.6,0
R105268,5,25,668,20453,0.192,0.994,176.2,0,1.0,4,87000,24,4060,78.9,1
R105269,8,26,867,29133,0.199,0.916,145.1,1,0.882,5,85000,36,2644,80.2,1
R105270,13,19,305,8000,0.423,0.657,148.6,3,0.755,11,78000,30,2912,51.8,0
R105271,16,21,604,22027,0.342,0.771,121.5,1,0.765,13,77000,12,7187,68.1,1
R105272,12,19,409,14821,0.422,0.62,96.3,4,0.714,10,108000,36,3360,52.7,0
R105273,9,24,589,19970,0.236,0.852,130.0,0,0.957,5,82000,24,3827,73.0,1
R105274,12,24,542,11560,0.306,0.869,149.8,3,0.898,10,84000,30,3136,69.6,1
R105275,27,26,697,18786,0.208,0.8,168.7,0,0.982,21,73000,24,3407,85.5,1
R105276,11,19,353,12295,0.236,0.809,131.2,1,0.877,8,92000,18,5724,66.7,0
R105277,9,20,377,14116,0.325,0.612,111.2,2,0.735,7,77000,24,3593,54.5,0
R105278,1,24,569,11424,0.218,0.878,150.5,0,0.972,1,100000,24,4667,69.5,1
R105279,11,26,745,21471,0.28,0.804,161.0,1,0.865,7,76000,30,2837,73.5,1
R105280,21,26,621,20839,0.223,0.882,138.6,1,0.875,12,78000,36,2427,82.0,0
R105281,3,16,277,8000,0.452,0.66,78.8,2,0.84,1,80000,18,4978,44.0,1
R105282,4,20,532,17338,0.412,0.693,102.9,2,0.818,2,49000,18,3049,54.0,0
R105283,8,27,448,13109,0.3,0.895,165.8,1,0.98,4,44000,36,1369,66.7,0
R105284,7,24,646,16495,0.374,0.84,103.9,1,0.891,6,89000,30,3323,65.0,1
R105285,12,23,504,13595,0.254,0.797,111.5,1,0.803,6,60000,24,2800,68.9,0
R105286,32,21,518,15933,0.251,0.887,99.7,1,0.832,28,71000,24,3313,79.4,1
R105287,5,27,565,17920,0.201,0.872,140.6,1,0.944,3,74000,36,2302,72.1,1
R105288,7,21,495,12243,0.298,0.771,126.8,1,0.818,5,76000,30,2837,62.7,0
R105289,10,16,337,8000,0.224,0.642,99.8,3,0.782,5,52000,30,1941,61.0,0
R105290,7,21,529,18830,0.205,0.848,125.7,1,0.819,5,52000,36,1618,70.1,1
R105291,12,26,489,12083,0.305,0.82,140.3,1,0.897,8,70000,36,2178,67.4,0
R105292,15,14,272,8000,0.444,0.63,97.3,2,0.757,8,71000,36,2209,50.6,0
R105293,7,22,464,13162,0.476,0.616,121.8,3,0.663,4,89000,30,3323,47.2,0
R105294,19,29,660,16597,0.239,0.893,141.6,0,0.878,12,72000,18,4480,81.2,0
R105295,9,19,416,13314,0.31,0.87,130.0,1,0.83,7,87000,24,4060,63.8,0
R105296,6,24,499,22469,0.363,0.725,131.2,3,0.826,4,68000,24,3173,58.0,0
R105297,3,21,452,12324,0.208,0.896,154.3,1,0.947,3,98000,24,4573,68.6,1
R105298,17,21,475,13862,0.28,0.841,141.1,1,0.861,9,93000,12,8680,71.3,0
R105299,13,19,352,14084,0.392,0.927,117.6,1,0.783,8,77000,30,2875,61.8,0
R105300,5,18,296,8000,0.355,0.729,110.8,2,0.744,4,48000,30,1792,51.6,1
R105301,6,26,716,18034,0.242,0.916,133.4,1,0.93,4,55000,30,2053,75.3,0
R105302,13,25,669,17232,0.31,0.971,184.4,1,0.869,8,83000,18,5164,75.5,1
R105303,16,24,601,18703,0.105,0.768,134.0,1,0.807,10,85000,12,7933,80.9,1
R105304,14,19,461,18278,0.151,0.724,132.4,3,0.741,12,46000,18,2862,71.9,0
R105305,16,15,318,11340,0.373,0.683,87.7,2,0.701,12,83000,24,3873,56.9,0
R105306,38,22,469,13641,0.126,0.81,124.9,1,0.945,36,85000,12,7933,84.0,0
R105307,19,25,446,14681,0.405,0.778,105.4,1,0.883,10,120000,18,7467,64.5,0
R105308,17,22,393,13148,0.382,0.821,129.6,1,0.884,10,76000,12,7093,63.8,1
R105309,8,21,407,8000,0.42,0.687,58.5,2,0.778,6,90000,24,4200,52.0,0
R105310,4,20,500,14934,0.153,0.902,146.7,2,0.835,4,48000,24,2240,72.3,0
R105311,25,20,495,14781,0.25,0.728,108.8,2,0.773,19,70000,36,2178,74.4,1
R105312,8,27,604,12679,0.138,0.856,154.2,0,0.913,5,63000,18,3920,77.5,1
R105313,15,24,485,20268,0.303,0.889,101.9,1,0.809,7,92000,30,3435,69.9,1
R105314,3,25,674,13395,0.136,0.838,105.3,1,0.792,2,81000,36,2520,74.8,1
R105315,2,26,705,23193,0.321,0.941,131.0,0,0.987,1,62000,30,2315,69.8,1
R105316,19,17,401,10701,0.381,0.547,108.2,2,0.7,11,60000,24,2800,56.9,0
R105317,6,16,383,9314,0.322,0.613,118.8,2,0.705,3,87000,24,4060,53.2,1
R105318,15,25,756,20552,0.22,0.898,151.6,0,0.993,7,102000,36,3173,83.0,1
R105319,6,28,574,15712,0.28,0.824,104.7,1,0.837,6,103000,24,4807,66.8,1
R105320,16,22,545,16176,0.112,0.887,146.6,0,0.854,14,65000,18,4044,82.4,0
R105321,10,19,400,8763,0.402,0.732,136.4,2,0.748,6,76000,24,3547,55.4,1
R105322,9,16,355,8000,0.28,0.67,139.6,2,0.734,6,94000,18,5849,58.2,1
R105323,14,18,514,12766,0.289,0.807,149.7,1,0.756,8,55000,30,2053,68.1,0
R105324,15,18,367,16177,0.375,0.815,127.3,1,0.823,8,94000,12,8773,61.7,0
R105325,7,17,324,8000,0.202,0.737,108.4,1,0.867,5,61000,30,2277,63.1,0
R105326,15,25,483,13773,0.201,0.862,144.9,0,0.923,12,61000,30,2277,75.6,1
R105327,15,19,407,11470,0.477,0.608,82.0,2,0.659,13,59000,18,3671,50.7,0
R105328,19,18,330,14789,0.409,0.592,107.9,3,0.672,12,78000,30,2912,54.4,1
R105329,23,17,500,14021,0.253,0.755,133.6,1,0.828,15,72000,30,2688,75.0,0
R105330,11,16,430,10252,0.27,0.904,118.9,2,0.804,7,83000,24,3873,68.1,1
R105331,6,21,433,8000,0.126,0.959,169.2,0,0.981,4,77000,30,2875,76.2,1
R105332,5,21,569,10111,0.107,0.917,162.5,0,0.931,3,86000,18,5351,78.4,0
R105333,7,23,685,18788,0.08,0.919,138.9,0,0.917,4,78000,24,3640,83.8,1
R105334,8,21,475,11543,0.264,0.792,143.4,1,0.802,5,60000,30,2240,64.8,0
R105335,9,27,748,26244,0.08,0.965,158.3,0,0.949,6,40000,18,2489,87.6,1
R105336,11,25,474,11238,0.12,0.941,147.6,0,0.928,9,64000,30,2389,79.1,1
R105337,12,28,702,25783,0.147,0.882,116.9,2,0.863,11,93000,24,4340,82.3,1
R105338,13,25,471,14607,0.353,0.607,103.3,2,0.788,9,70000,18,4356,58.4,0
R105339,17,16,346,8000,0.447,0.62,96.1,2,0.756,13,100000,12,9333,53.3,0
R105340,25,18,425,9689,0.204,0.849,170.0,1,0.83,21,77000,24,3593,78.6,1
R105341,13,19,496,17254,0.293,0.808,106.7,1,0.811,6,88000,30,3285,67.5,0
R105342,8,22,495,19625,0.339,0.838,147.1,1,0.815,4,92000,24,4293,62.6,0
R105343,17,21,479,14938,0.273,0.676,127.2,2,0.796,9,71000,24,3313,67.5,0
R105344,17,22,699,19668,0.19,0.989,147.8,1,0.94,11,88000,12,8213,86.2,1
R105345,7,18,461,15520,0.339,0.914,148.2,3,0.874,4,72000,18,4480,63.9,0
R105346,17,21,394,11489,0.432,0.718,94.1,1,0.797,11,78000,12,7280,57.7,0
R105347,1,20,491,8000,0.365,0.741,155.6,1,0.833,1,97000,30,3621,54.8,0
R105348,5,20,412,12246,0.222,0.763,124.2,1,0.835,3,66000,24,3080,63.6,1
R105349,4,19,497,14796,0.233,0.754,112.7,1,0.864,4,51000,12,4760,64.7,1
R105350,6,25,610,19650,0.243,0.916,151.5,0,0.965,3,66000,24,3080,72.7,0
R105351,17,21,545,13954,0.378,0.821,117.8,1,0.775,16,56000,12,5227,67.1,0
R105352,9,17,438,9818,0.292,0.86,127.8,2,0.795,8,44000,12,4107,65.0,1
R105353,19,19,331,8494,0.217,0.771,121.8,2,0.75,14,105000,30,3920,69.6,0
R105354,26,20,392,10373,0.247,0.794,106.8,2,0.709,16,82000,12,7653,73.0,1
R105355,25,26,665,14505,0.313,0.929,143.1,0,0.901,18,68000,30,2539,81.6,0
R105356,7,30,885,24141,0.201,0.992,140.1,1,0.949,4,82000,36,2551,82.3,0
R105357,9,23,543,15105,0.23,0.938,156.6,1,0.853,6,83000,12,7747,73.5,1
R105358,11,25,552,15275,0.185,0.894,160.6,0,0.888,10,65000,30,2427,76.2,1
R105359,28,28,739,19808,0.18,0.788,146.0,1,0.877,19,58000,36,1804,86.7,0
R105360,7,20,385,11694,0.328,0.796,108.0,2,0.875,3,56000,36,1742,59.5,0
R105361,21,27,774,21437,0.217,0.867,123.0,1,0.834,10,49000,36,1524,85.1,1
R105362,15,25,542,19701,0.253,0.731,133.1,1,0.882,9,46000,18,2862,70.6,1
R105363,1,26,691,21446,0.363,0.891,152.2,0,0.883,1,109000,18,6782,64.3,0
R105364,9,20,464,17049,0.335,0.753,128.4,1,0.876,8,62000,24,2893,61.3,0
R105365,5,24,625,16885,0.173,0.859,151.2,1,0.893,4,71000,30,2651,74.3,0
R105366,9,22,387,8998,0.233,0.868,102.0,1,0.857,8,85000,18,5289,67.3,1
R105367,1,13,249,8000,0.409,0.672,91.7,2,0.683,1,68000,36,2116,43.5,0
R105368,29,24,458,9368,0.156,0.84,118.4,1,0.831,14,75000,24,3500,81.8,0
R105369,8,26,425,8000,0.37,0.726,94.6,2,0.85,7,53000,18,3298,57.1,0
R105370,9,18,394,12122,0.367,0.805,116.4,2,0.825,7,75000,24,3500,58.6,1
R105371,28,26,816,17730,0.302,0.895,119.1,2,0.821,18,79000,24,3687,83.9,1
R105372,4,25,666,20183,0.188,0.814,114.2,0,0.922,2,48000,18,2987,73.0,1
R105373,15,24,427,11454,0.271,0.675,112.2,2,0.8,9,69000,24,3220,64.8,1
R105374,6,17,378,11985,0.351,0.683,119.0,4,0.697,5,71000,18,4418,53.2,1
R105375,2,23,620,27581,0.246,0.849,139.1,2,0.857,2,83000,30,3099,68.0,0
R105376,16,29,696,17484,0.194,0.925,131.1,1,0.965,8,59000,30,2203,84.3,0
R105377,23,26,628,14431,0.213,0.971,137.9,0,0.979,13,56000,30,2091,87.4,1
R105378,10,28,571,14659,0.185,0.963,185.0,1,0.898,6,108000,24,5040,78.3,1
R105379,18,14,287,8000,0.485,0.67,89.4,2,0.721,15,95000,24,4433,50.9,0
R105380,7,23,565,17669,0.109,0.812,139.4,1,0.908,4,107000,24,4993,76.3,0
R105381,15,26,634,23937,0.135,0.886,145.1,2,0.877,9,92000,36,2862,83.4,0
R105382,11,22,528,20522,0.374,0.775,93.0,2,0.749,7,73000,12,6813,61.5,0
R105383,7,28,773,16689,0.168,1.0,126.3,0,1.0,7,96000,24,4480,84.3,1
R105384,5,23,606,12474,0.238,0.803,123.1,2,0.801,3,72000,18,4480,68.0,1
R105385,23,21,446,14379,0.275,0.739,108.2,1,0.911,12,71000,24,3313,73.0,0
R105386,11,28,709,19282,0.104,1.0,134.9,0,0.935,9,90000,12,8400,87.9,1
R105387,8,28,673,21005,0.268,0.93,134.5,1,0.943,5,81000,30,3024,74.8,0
R105388,9,18,284,8000,0.315,0.772,133.6,2,0.783,8,82000,24,3827,57.5,0
R105389,16,27,453,9678,0.445,0.837,155.9,1,0.907,12,95000,24,4433,61.8,0
R105390,17,21,399,10735,0.268,0.886,124.8,2,0.791,14,69000,24,3220,71.0,0
R105391,11,24,593,16164,0.334,0.919,134.8,1,0.892,7,61000,24,2847,70.3,0
R105392,15,26,719,22357,0.197,0.907,155.8,0,0.903,13,58000,18,3609,82.7,1
R105393,9,21,523,10702,0.361,0.938,133.6,2,0.851,5,78000,24,3640,65.7,0
R105394,9,23,498,11169,0.206,0.829,135.1,1,0.95,7,73000,18,4542,72.0,0
R105395,16,18,462,13440,0.172,0.851,144.3,1,0.908,15,90000,36,2800,77.3,0
R105396,8,24,593,10041,0.189,0.9,139.4,1,0.88,6,81000,24,3780,75.7,1
R105397,5,22,553,15901,0.21,0.828,147.5,1,0.871,3,81000,18,5040,69.3,1
R105398,16,24,532,19521,0.205,0.971,140.5,1,0.852,10,51000,36,1587,79.4,1
R105399,14,15,373,9491,0.312,0.708,106.3,3,0.798,12,92000,24,4293,61.6,1
R105400,19,26,664,19532,0.294,0.828,97.7,1,0.822,10,66000,24,3080,76.3,0
R105401,16,21,465,18055,0.099,0.847,118.0,1,0.878,13,90000,24,4200,80.4,0
R105402,14,22,531,9820,0.235,0.887,162.2,0,0.97,11,78000,18,4853,75.6,1
R105403,4,26,566,15875,0.163,0.861,139.2,2,0.892,2,74000,24,3453,72.8,1
R105404,11,22,540,18281,0.315,0.907,167.1,1,0.946,9,83000,24,3873,70.0,1
R105405,8,25,784,19574,0.208,0.85,113.0,0,0.94,6,83000,24,3873,78.3,1
R105406,16,21,424,14534,0.338,0.698,78.2,2,0.774,7,83000,30,3099,61.9,0
R105407,29,22,413,9056,0.359,0.773,126.2,3,0.78,17,61000,24,2847,67.8,0
R105408,17,21,327,9778,0.255,0.69,73.6,2,0.73,10,64000,30,2389,64.3,0
R105409,4,22,452,10531,0.341,0.621,107.3,2,0.731,2,85000,30,3173,52.8,0
R105410,13,24,584,12291,0.239,0.987,176.9,1,0.961,7,101000,24,4713,78.8,0
R105411,8,23,588,13628,0.241,0.907,141.3,2,0.852,7,65000,36,2022,72.2,0
R105412,17,13,233,8000,0.432,0.745,93.5,2,0.779,8,103000,24,4807,54.1,0
R105413,18,18,301,8000,0.3,0.737,122.2,2,0.727,8,83000,24,3873,63.1,1
R105414,11,22,482,13109,0.207,0.791,102.1,1,0.836,9,80000,18,4978,70.1,0
R105415,9,26,553,18386,0.286,0.89,147.0,1,0.868,8,91000,36,2831,69.2,1
R105416,14,27,595,21518,0.137,0.882,152.2,0,1.0,8,75000,30,2800,82.5,1
R105417,7,25,637,19603,0.254,0.729,96.1,1,0.811,4,59000,36,1836,67.5,0
R105418,19,22,490,15284,0.238,0.741,132.5,1,0.846,17,83000,36,2582,72.6,0
R105419,16,26,393,14360,0.258,0.937,143.6,2,0.929,11,78000,18,4853,73.0,0
R105420,8,22,407,10654,0.396,0.693,115.4,1,0.884,6,61000,12,5693,54.9,0
R105421,5,30,883,26521,0.252,0.875,161.2,3,0.761,4,64000,30,2389,73.6,1
R105422,13,23,593,16501,0.326,0.715,120.6,3,0.762,11,97000,18,6036,65.4,1
R105423,21,24,755,15468,0.336,0.828,137.2,0,1.0,12,62000,24,2893,79.1,0
R105424,18,26,635,18284,0.27,0.975,140.7,0,0.936,14,85000,30,3173,80.8,1
R105425,5,21,447,12864,0.31,0.798,102.4,1,0.837,3,97000,12,9053,60.2,0
R105426,15,30,635,21500,0.229,0.99,179.7,0,0.94,11,92000,36,2862,81.4,1
R105427,16,17,323,12373,0.483,0.679,119.9,4,0.734,12,66000,24,3080,51.0,0
R105428,10,24,594,22005,0.235,0.866,133.0,0,0.952,5,65000,24,3033,73.8,1
R105429,11,29,621,20115,0.289,0.804,123.8,2,0.794,6,64000,30,2389,69.6,0
R105430,17,18,558,16998,0.438,0.693,115.2,3,0.757,11,93000,24,4340,60.8,0
R105431,12,25,534,17871,0.375,0.77,129.6,1,0.855,11,98000,18,6098,63.2,0
R105432,2,27,650,18199,0.294,0.855,110.6,0,0.938,2,87000,18,5413,67.0,1
R105433,6,25,711,19978,0.201,0.966,117.9,1,0.932,5,93000,24,4340,78.7,1
R105434,8,17,428,13300,0.263,0.715,112.4,2,0.787,4,74000,24,3453,61.9,0
R105435,6,30,801,21906,0.367,0.815,137.3,2,0.792,4,88000,18,5476,67.1,0
R105436,19,25,476,17856,0.172,0.797,141.0,0,0.888,9,78000,36,2427,77.5,1
R105437,14,22,609,23447,0.13,0.924,120.9,2,0.852,10,80000,30,2987,83.2,1
R105438,4,19,457,14515,0.303,0.877,140.3,1,0.807,3,85000,24,3967,62.2,0
R105439,14,15,245,8000,0.409,0.761,118.1,1,0.868,8,40000,30,1493,55.4,0
R105440,19,20,456,17833,0.274,0.744,94.5,2,0.771,10,62000,30,2315,69.7,0
R105441,10,20,303,8000,0.385,0.902,116.4,1,0.939,7,82000,36,2551,59.5,1
R105442,14,17,358,13311,0.316,0.663,122.4,2,0.695,9,60000,36,1867,58.5,1
R105443,12,22,652,15433,0.263,0.937,137.3,0,0.902,9,86000,24,4013,76.5,0
R105444,5,22,530,13247,0.408,0.745,129.2,1,0.783,3,101000,24,4713,55.5,0
R105445,14,26,716,24216,0.211,0.811,142.5,0,0.975,11,93000,36,2893,79.9,0
R105446,8,21,391,8659,0.412,0.718,75.4,3,0.766,7,47000,24,2193,52.7,1
R105447,25,28,657,18111,0.169,0.892,159.3,0,0.96,14,65000,12,6067,88.6,0
R105448,5,23,615,12447,0.276,0.827,157.8,0,0.953,3,89000,24,4153,68.2,1
R105449,11,19,440,14136,0.367,0.841,109.8,1,0.915,6,73000,18,4542,62.9,0
R105450,20,17,292,8000,0.369,0.691,110.7,3,0.703,16,99000,30,3696,59.0,0
R105451,8,25,653,18368,0.205,0.969,130.4,3,0.855,6,60000,24,2800,77.7,1
R105452,14,20,463,15415,0.308,0.717,126.8,3,0.773,13,70000,30,2613,64.0,0
R105453,57,18,384,8956,0.286,0.768,139.0,1,0.844,26,75000,18,4667,71.4,1
R105454,19,21,596,20342,0.232,0.738,107.0,1,0.793,12,85000,30,3173,75.3,1
R105455,14,21,394,15090,0.274,0.931,133.6,0,0.888,8,54000,18,3360,70.9,0
R105456,18,20,383,8000,0.334,0.864,139.3,1,0.869,8,95000,24,4433,67.6,1
R105457,15,20,354,8000,0.409,0.726,108.1,2,0.77,13,93000,24,4340,56.7,0
R105458,6,13,281,11101,0.328,0.77,116.9,1,0.866,5,81000,30,3024,55.6,1
R105459,14,26,599,24078,0.34,0.767,137.2,1,0.816,9,53000,24,2473,67.2,0
R105460,36,19,393,8000,0.224,0.768,139.1,1,0.913,25,120000,24,5600,75.6,0
R105461,23,26,758,21887,0.086,0.851,147.3,1,0.828,18,72000,36,2240,92.5,1
R105462,9,27,755,11744,0.263,0.903,170.8,1,0.842,5,45000,24,2100,75.9,1
R105463,10,22,560,13931,0.175,0.731,151.9,1,0.766,7,60000,24,2800,71.1,1
R105464,38,25,593,14265,0.269,0.765,165.5,2,0.836,27,40000,18,2489,77.4,1
R105465,11,22,419,8000,0.169,0.836,130.8,1,0.874,9,55000,36,1711,72.3,1
R105466,8,17,437,12648,0.345,0.807,117.7,2,0.796,5,71000,18,4418,60.4,1
R105467,6,22,503,8989,0.305,0.67,134.7,2,0.68,5,114000,12,10640,58.1,1
R105468,12,15,205,8000,0.351,0.666,95.3,2,0.76,7,53000,30,1979,52.9,0
R105469,8,28,529,17748,0.334,0.825,123.3,3,0.809,6,99000,36,3080,63.6,0
R105470,12,24,540,15875,0.345,0.798,111.9,1,0.855,6,82000,36,2551,65.6,0
R105471,14,22,597,13728,0.279,0.925,149.4,2,0.925,10,61000,18,3796,75.7,1
R105472,25,23,498,8870,0.236,0.704,108.3,1,0.758,22,40000,18,2489,74.4,0
R105473,10,27,613,19028,0.139,0.9,133.7,0,0.971,6,71000,24,3313,80.5,1
R105474,2,27,846,19150,0.326,0.817,129.2,1,0.866,1,63000,30,2352,67.3,1
R105475,9,25,530,9850,0.162,0.976,160.1,0,1.0,6,116000,24,5413,79.2,1
R105476,9,16,369,9703,0.308,0.657,98.1,2,0.783,9,58000,12,5413,57.4,0
R105477,9,23,432,14435,0.289,0.756,113.9,2,0.822,5,80000,30,2987,62.5,1
R105478,11,21,559,15270,0.471,0.777,110.5,1,0.961,6,63000,36,1960,59.1,0
R105479,3,19,512,20646,0.23,0.832,147.1,2,0.898,2,76000,36,2364,66.3,1
R105480,5,25,581,20326,0.229,0.799,125.0,2,0.807,3,88000,30,3285,67.7,1
R105481,9,30,954,16820,0.147,1.0,182.6,0,0.928,4,55000,24,2567,86.2,1
R105482,19,24,563,10592,0.184,0.825,141.6,1,0.838,13,83000,30,3099,79.7,1
R105483,11,20,531,15961,0.323,0.86,132.6,1,0.856,6,67000,36,2084,67.5,1
R105484,16,19,386,10558,0.467,0.607,82.6,2,0.785,14,69000,36,2147,52.1,0
R105485,4,15,182,8000,0.417,0.621,82.3,2,0.727,4,79000,24,3687,42.3,0
R105486,7,23,733,25812,0.263,0.828,125.2,1,0.931,5,101000,24,4713,72.9,0
R105487,1,27,680,16377,0.182,0.912,159.9,0,1.0,1,99000,24,4620,75.1,0
R105488,2,26,647,22252,0.366,0.924,117.0,1,0.914,2,55000,30,2053,64.8,1
R105489,34,28,813,24428,0.322,0.903,136.5,3,0.818,29,72000,30,2688,83.0,0
R105490,4,23,407,15200,0.419,0.657,122.6,2,0.861,3,90000,24,4200,49.9,0
R105491,6,19,420,16262,0.172,0.799,107.9,1,0.862,4,78000,18,4853,67.7,0
R105492,6,24,533,17100,0.376,0.873,125.0,1,0.939,5,69000,24,3220,63.0,0
R105493,28,21,509,9173,0.324,0.826,115.0,1,0.786,15,73000,24,3407,73.4,1
R105494,4,22,397,8000,0.359,0.81,132.5,1,0.87,2,73000,36,2271,56.8,0
R105495,10,22,577,15396,0.407,0.768,118.9,1,0.869,8,69000,12,6440,61.4,1
R105496,7,20,286,8774,0.272,0.563,129.8,1,0.885,5,44000,30,1643,54.3,0
R105497,8,21,336,8000,0.398,0.683,67.3,3,0.714,5,57000,24,2660,50.9,0
R105498,3,23,481,15293,0.211,0.696,144.1,1,0.881,2,62000,24,2893,63.5,0
R105499,7,18,478,12690,0.391,0.789,103.2,1,0.764,6,53000,18,3298,57.3,0
R105500,16,17,330,8000,0.227,0.869,135.8,1,0.84,14,103000,18,6409,70.9,0
R105501,10,28,544,18757,0.081,0.945,130.0,0,0.975,7,85000,12,7933,83.2,1
R105502,14,27,683,28485,0.14,0.841,153.9,1,0.929,9,84000,24,3920,82.9,1
R105503,5,28,739,19206,0.181,0.883,156.9,0,0.913,3,73000,24,3407,77.2,1
R105504,18,22,570,10481,0.217,0.887,121.1,1,0.815,9,96000,24,4480,78.4,1
R105505,11,25,671,20110,0.243,0.851,148.5,0,0.916,6,64000,24,2987,75.2,0
R105506,8,24,564,18361,0.332,0.842,118.0,1,0.864,4,100000,36,3111,65.6,1
R105507,9,20,486,12763,0.132,0.904,160.2,0,0.926,4,79000,24,3687,76.9,1
R105508,11,20,522,15337,0.314,0.883,129.0,0,1.0,6,75000,18,4667,70.0,0
R105509,11,24,365,13003,0.309,0.777,112.3,1,0.815,9,62000,24,2893,61.6,1
R105510,25,22,533,12136,0.401,0.892,116.1,1,0.867,18,97000,30,3621,72.4,1
R105511,12,26,830,25668,0.288,0.908,140.9,2,0.854,10,54000,12,5040,77.6,0
R105512,11,29,610,18442,0.324,0.859,126.3,1,0.868,8,100000,30,3733,69.7,0
R105513,10,24,409,8234,0.145,0.86,140.8,0,0.957,9,46000,36,1431,74.0,1
R105514,13,20,387,11069,0.315,0.795,112.5,1,0.892,10,58000,36,1804,64.3,0
R105515,19,16,304,8000,0.277,0.862,128.7,1,0.755,10,63000,36,1960,68.1,0
R105516,2,24,632,18065,0.309,0.847,145.0,2,0.933,1,61000,12,5693,65.7,0
R105517,2,19,607,22039,0.243,0.97,135.5,0,1.0,1,70000,24,3267,72.1,0
R105518,9,20,471,15021,0.322,0.779,88.0,1,0.91,7,73000,36,2271,63.5,0
R105519,6,19,308,8000,0.423,0.711,72.3,2,0.737,5,64000,30,2389,48.6,1
R105520,11,24,505,19175,0.262,1.0,170.6,0,0.918,10,75000,18,4667,74.1,0
R105521,11,21,556,16914,0.308,0.854,148.2,1,0.944,6,71000,12,6627,69.7,1
R105522,9,26,816,23481,0.146,1.0,152.2,0,1.0,4,108000,36,3360,87.4,1
R105523,22,19,481,13447,0.36,0.792,121.9,3,0.853,20,105000,36,3267,69.4,1
R105524,6,12,230,8000,0.312,0.663,101.3,2,0.845,4,64000,24,2987,52.1,1
R105525,7,26,753,21939,0.2,0.935,142.0,0,0.987,4,68000,24,3173,79.9,1
R105526,26,19,398,18182,0.396,0.679,125.5,2,0.766,24,43000,18,2676,63.0,0
R105527,4,22,429,14033,0.296,0.864,137.2,2,0.778,3,54000,30,2016,61.3,1
R105528,9,21,296,8000,0.269,0.849,104.1,1,0.812,8,83000,18,5164,62.4,0
R105529,8,20,426,9829,0.411,0.875,103.0,1,0.817,6,88000,24,4107,58.5,1
R105530,15,22,494,11749,0.101,0.769,126.6,1,0.802,7,50000,24,2333,77.6,1
R105531,10,24,496,16181,0.284,0.825,173.7,1,0.911,8,51000,24,2380,67.8,1
R105532,4,21,534,13067,0.13,0.852,134.2,1,0.799,2,51000,18,3173,72.3,0
R105533,7,22,432,12029,0.21,0.913,151.0,1,0.969,5,74000,30,2763,71.1,1
R105534,7,25,483,10615,0.458,0.602,87.1,2,0.804,4,78000,30,2912,49.5,0
R105535,16,28,575,13598,0.259,0.933,129.3,0,0.954,10,76000,18,4729,78.0,1
R105536,26,25,431,16072,0.28,0.852,100.0,2,0.815,23,48000,12,4480,74.7,1
R105537,22,22,445,8000,0.408,0.788,86.1,2,0.787,12,84000,18,5227,65.2,0
R105538,10,22,423,12665,0.212,0.819,147.7,2,0.803,5,94000,24,4387,68.4,1
R105539,20,22,476,10538,0.182,0.74,147.4,2,0.803,17,54000,36,1680,75.3,1
R105540,20,21,465,19662,0.24,0.735,133.7,1,0.852,11,68000,36,2116,72.4,0
R105541,29,13,314,8440,0.385,0.526,66.7,4,0.554,18,71000,24,3313,55.5,0
R105542,1,29,772,18847,0.223,0.895,156.9,3,0.902,1,57000,30,2128,73.8,0
R105543,8,18,329,12023,0.512,0.763,157.6,1,0.865,7,65000,30,2427,48.2,0
R105544,16,20,537,18578,0.283,0.785,143.8,1,0.841,11,72000,36,2240,70.7,1
R105545,6,20,474,15109,0.215,0.744,130.5,1,0.916,4,103000,12,9613,66.5,1
R105546,4,19,489,14957,0.236,0.687,96.9,1,0.833,2,112000,30,4181,61.8,0
R105547,4,21,523,21019,0.234,0.893,137.6,2,0.822,3,87000,12,8120,68.3,1
R105548,13,23,625,17540,0.13,0.943,152.9,0,0.905,9,57000,24,2660,84.0,1
R105549,7,23,452,15741,0.202,0.748,116.2,1,0.856,3,45000,24,2100,66.4,1
R105550,5,23,596,15188,0.132,0.971,166.6,0,0.958,2,71000,12,6627,78.9,1
R105551,26,23,582,12847,0.298,0.769,102.7,2,0.812,14,84000,18,5227,75.4,0
R105552,13,20,550,12793,0.186,0.827,161.2,2,0.838,8,51000,24,2380,75.5,1
R105553,24,18,293,11290,0.379,0.764,116.5,1,0.816,19,101000,24,4713,63.7,0
R105554,8,22,508,19396,0.32,0.951,153.4,0,0.914,7,93000,36,2893,68.1,1
R105555,18,19,505,12260,0.328,0.68,130.5,2,0.797,16,77000,24,3593,65.8,0
R105556,5,29,705,17398,0.08,0.952,147.5,0,1.0,5,51000,12,4760,84.7,1
R105557,7,19,376,8000,0.373,0.685,112.2,2,0.801,5,82000,24,3827,53.4,0
R105558,8,16,337,12812,0.35,0.707,153.8,1,0.796,7,53000,30,1979,54.8,1
R105559,7,28,574,16167,0.121,0.985,177.4,0,0.972,5,93000,24,4340,80.8,1
R105560,4,22,454,9910,0.208,0.85,88.1,1,0.87,2,45000,18,2800,67.3,1
R105561,7,20,604,14830,0.406,0.792,129.9,1,0.891,4,89000,24,4153,61.2,0
R105562,3,24,555,18069,0.193,0.904,158.9,1,0.878,2,70000,18,4356,71.2,0
R105563,11,28,732,22434,0.212,0.809,150.6,1,0.99,10,47000,30,1755,78.4,0
R105564,21,19,288,13097,0.24,0.822,128.6,1,0.853,16,93000,12,8680,70.9,0
R105565,6,21,427,14270,0.309,0.698,125.3,2,0.746,3,88000,36,2738,57.4,0
R105566,9,29,752,20852,0.182,0.841,147.2,0,0.872,7,51000,30,1904,79.0,1
R105567,20,23,607,16585,0.253,0.821,175.4,1,0.905,16,84000,24,3920,78.0,1
R105568,27,18,367,11836,0.195,0.808,114.9,1,0.838,23,51000,36,1587,76.7,1
R105569,19,27,636,11571,0.085,0.862,138.7,1,0.816,9,78000,30,2912,87.1,0
R105570,11,25,708,27890,0.293,0.671,121.0,1,0.854,9,71000,36,2209,68.8,0
R105571,15,25,458,8000,0.214,0.806,152.9,1,0.947,7,58000,12,5413,73.3,1
R105572,16,24,450,9667,0.14,0.937,142.1,0,0.909,11,88000,18,5476,80.4,1
R105573,15,24,466,14442,0.326,0.739,86.5,1,0.793,12,76000,18,4729,64.5,1
R105574,7,16,285,8000,0.343,0.638,79.0,3,0.713,4,46000,18,2862,50.6,0
R105575,17,27,691,15426,0.295,0.939,118.8,1,0.986,15,40000,36,1244,80.2,1
R105576,21,22,533,22468,0.091,0.853,101.9,1,0.844,19,65000,24,3033,85.5,0
R105577,1,14,290,10036,0.332,0.68,120.5,2,0.78,1,44000,30,1643,49.6,0
R105578,8,21,535,16869,0.195,0.789,134.1,0,0.947,7,96000,30,3584,71.5,1
R105579,14,19,422,11988,0.307,0.715,99.1,3,0.654,11,113000,18,7031,61.8,1
R105580,12,19,394,8165,0.415,0.68,112.5,3,0.703,7,55000,36,1711,53.8,0
R105581,14,26,637,19978,0.247,0.695,118.5,0,0.912,8,40000,24,1867,72.5,1
R105582,5,20,449,12302,0.287,0.716,115.9,1,0.819,3,79000,12,7373,59.4,0
R105583,1,25,518,16515,0.164,0.854,177.0,0,0.911,1,66000,24,3080,69.8,1
R105584,12,17,352,9623,0.505,0.698,96.3,3,0.759,8,90000,24,4200,48.7,0
R105585,10,30,790,23925,0.09,0.925,153.6,0,0.991,5,73000,24,3407,88.5,1
R105586,20,22,497,16056,0.327,0.739,140.5,2,0.783,16,65000,12,6067,68.5,1
R105587,14,27,688,16050,0.177,0.816,138.6,1,0.877,10,78000,36,2427,80.1,0
R105588,1,27,787,24848,0.192,0.974,130.7,0,0.981,1,40000,18,2489,78.8,1
R105589,14,21,466,14191,0.403,0.695,143.7,2,0.793,8,80000,36,2489,58.9,0
R105590,24,14,228,8000,0.455,0.733,73.8,3,0.69,18,50000,12,4667,56.2,0
R105591,20,27,702,23848,0.292,0.766,107.1,1,0.908,13,68000,30,2539,77.1,0
R105592,14,22,437,11063,0.32,0.759,123.2,1,0.847,7,79000,24,3687,64.6,0
R105593,7,23,527,19375,0.199,0.778,146.9,0,0.887,6,60000,18,3733,69.8,1
R105594,9,20,446,9492,0.34,0.795,152.1,1,0.832,7,76000,18,4729,61.4,0
R105595,9,21,374,8000,0.362,0.728,82.3,3,0.754,5,48000,24,2240,55.9,0
R105596,16,23,580,16274,0.233,0.906,162.1,1,0.905,12,62000,36,1929,78.0,1
R105597,15,16,322,8000,0.313,0.787,98.5,2,0.7,11,64000,30,2389,61.9,0
R105598,11,18,522,13620,0.346,0.784,109.5,2,0.811,5,103000,24,4807,63.6,1
R105599,19,24,419,9585,0.222,0.818,120.4,0,0.893,12,84000,24,3920,74.3,1
R105600,6,26,717,18845,0.166,0.823,137.6,1,0.832,5,58000,30,2165,76.1,1
R105601,18,23,436,13372,0.244,0.9,133.1,1,0.916,8,69000,24,3220,75.2,0
R105602,27,21,417,12433,0.388,0.731,161.3,1,0.855,22,64000,36,1991,66.0,0
R105603,23,22,406,10371,0.321,0.771,134.7,2,0.801,16,77000,36,2396,68.9,0
R105604,18,21,536,11175,0.254,0.889,114.1,1,0.901,16,104000,36,3236,76.8,1
R105605,7,22,550,15092,0.204,0.843,165.9,0,0.92,4,40000,30,1493,72.0,1
R105606,13,25,562,18491,0.161,0.882,165.3,1,0.941,6,40000,36,1244,79.3,1
R105607,24,24,430,11615,0.268,0.793,131.9,1,0.872,14,80000,36,2489,74.4,0
R105608,16,24,399,12549,0.347,0.66,104.3,2,0.777,12,90000,12,8400,60.0,1
R105609,13,20,417,12317,0.32,0.917,129.9,1,0.89,10,90000,36,2800,67.4,1
R105610,16,21,438,12816,0.28,0.776,120.1,1,0.855,10,65000,30,2427,68.1,1
R105611,32,19,437,12694,0.415,0.706,115.8,2,0.742,23,76000,18,4729,63.4,0
R105612,22,26,684,19313,0.158,0.912,154.9,0,0.948,14,79000,30,2949,89.1,1
R105613,29,24,607,19115,0.27,0.96,149.6,0,0.969,13,88000,36,2738,83.9,1
R105614,21,23,340,12323,0.489,0.704,114.3,2,0.73,11,86000,12,8027,55.3,0
R105615,9,17,429,15694,0.387,0.872,152.4,0,0.932,9,76000,30,2837,61.5,0
R105616,5,17,429,9251,0.399,0.705,122.4,2,0.792,3,108000,24,5040,52.7,0
R105617,9,26,677,18037,0.415,0.92,142.0,1,0.895,8,87000,24,4060,66.9,1
R105618,12,25,550,8938,0.224,0.816,110.5,1,0.848,8,54000,30,2016,72.6,0
R105619,21,29,742,15491,0.183,0.772,146.6,1,0.911,19,89000,30,3323,84.5,0
R105620,18,23,548,16533,0.295,0.765,107.5,1,0.893,12,78000,24,3640,72.0,0
R105621,6,24,655,18472,0.32,0.772,141.4,1,0.802,3,96000,18,5973,64.9,0
R105622,13,19,527,16470,0.221,0.866,119.5,0,0.946,10,67000,24,3127,74.8,0
R105623,24,22,426,8008,0.286,0.92,145.0,1,0.917,19,87000,24,4060,77.0,1
R105624,6,28,784,23200,0.254,0.9,171.5,0,0.961,3,89000,24,4153,76.5,1
R105625,10,17,374,12084,0.353,0.682,106.4,2,0.773,9,97000,24,4527,56.1,1
R105626,9,22,460,18789,0.239,0.763,117.1,2,0.824,5,60000,24,2800,66.0,0
R105627,19,30,625,15337,0.23,0.927,151.6,1,0.956,9,100000,30,3733,82.6,1
R105628,29,27,619,19130,0.29,0.782,145.0,1,0.874,26,40000,18,2489,77.7,1
R105629,8,21,489,12478,0.286,0.712,126.0,1,0.885,8,47000,24,2193,63.3,0
R105630,7,22,518,10571,0.245,0.781,119.0,1,0.876,7,70000,30,2613,67.0,1
R105631,4,27,660,20252,0.267,0.883,137.6,0,0.861,2,105000,24,4900,70.0,0
R105632,12,19,408,18104,0.287,0.722,148.3,2,0.801,7,79000,24,3687,62.7,0
R105633,20,24,501,16931,0.207,0.766,99.5,1,0.816,19,40000,24,1867,75.8,1
R105634,3,19,395,8695,0.21,0.824,85.9,1,0.832,3,81000,12,7560,63.8,0
R105635,11,26,504,16925,0.156,0.78,107.6,2,0.805,9,66000,18,4107,72.8,1
R105636,14,19,379,10792,0.272,0.714,103.3,3,0.68,10,85000,30,3173,62.9,1
R105637,18,21,508,14751,0.298,0.888,119.3,1,0.864,12,89000,24,4153,73.6,1
R105638,14,22,563,16251,0.28,0.841,117.3,1,0.91,9,79000,24,3687,72.2,0
R105639,5,22,600,13166,0.308,0.833,145.1,1,0.794,3,73000,24,3407,64.8,1
R105640,7,26,551,16922,0.261,0.881,164.1,1,0.836,6,94000,36,2924,69.3,0
R105641,26,23,529,15388,0.183,1.0,157.9,0,0.957,20,84000,12,7840,87.4,1
R105642,17,22,442,11966,0.308,0.738,124.5,1,0.901,9,81000,24,3780,67.0,1
R105643,8,18,452,11046,0.378,0.722,139.8,1,0.821,5,67000,18,4169,57.1,1
R105644,11,27,856,21406,0.193,0.818,147.1,2,0.797,9,69000,36,2147,79.1,0
R105645,6,22,515,13471,0.365,0.727,119.8,1,0.768,4,66000,36,2053,57.2,0
R105646,3,21,526,15435,0.317,0.739,143.9,1,0.808,2,75000,30,2800,58.9,1
R105647,11,22,501,10050,0.343,0.789,126.7,1,0.857,5,69000,30,2576,63.9,0
R105648,7,26,518,13807,0.167,0.798,96.0,1,0.867,5,79000,30,2949,71.4,1
R105649,14,27,693,20333,0.253,0.873,148.3,0,0.986,13,65000,24,3033,79.0,0
R105650,34,17,430,8000,0.382,0.724,93.3,2,0.745,18,84000,30,3136,65.4,0
R105651,14,26,510,14745,0.201,0.797,129.6,2,0.866,10,62000,30,2315,73.7,0
R105652,14,21,494,11786,0.221,0.881,123.4,1,0.894,8,71000,36,2209,74.6,0
R105653,20,14,196,8000,0.414,0.468,70.5,3,0.719,9,77000,18,4791,48.7,0
R105654,4,15,356,8845,0.265,0.777,126.7,1,0.883,4,94000,18,5849,60.0,0
R105655,16,26,616,16905,0.292,0.912,117.1,1,0.823,11,57000,24,2660,75.0,1
R105656,5,24,531,12643,0.162,0.892,172.3,0,1.0,5,71000,36,2209,74.7,1
R105657,20,25,552,21254,0.306,0.865,165.5,0,0.977,9,101000,24,4713,75.6,1
R105658,14,15,289,8000,0.266,0.795,92.9,2,0.818,9,80000,12,7467,64.2,0
R105659,5,21,514,8617,0.184,0.709,119.4,1,0.835,4,87000,24,4060,66.3,1
R105660,14,23,573,17029,0.195,0.802,166.1,2,0.825,8,41000,24,1913,75.3,0
R105661,4,18,434,8086,0.261,0.791,130.9,1,0.877,2,70000,30,2613,62.2,1
R105662,4,25,550,17074,0.233,0.86,146.5,0,0.945,2,55000,12,5133,69.4,0
R105663,3,22,507,14887,0.288,0.894,110.5,3,0.749,2,63000,24,2940,63.7,1
R105664,21,24,618,17565,0.231,0.672,105.2,1,0.853,18,72000,18,4480,75.7,0
R105665,15,18,373,16544,0.306,0.721,118.8,2,0.788,14,77000,30,2875,62.6,1
R105666,12,25,637,16774,0.213,0.851,148.2,1,0.904,11,71000,18,4418,76.9,1
R105667,6,22,639,19651,0.275,0.962,147.3,0,1.0,3,71000,30,2651,73.5,0
R105668,16,24,546,14165,0.209,0.784,139.3,2,0.801,9,79000,18,4916,74.3,1
R105669,12,17,480,14830,0.449,0.659,108.4,3,0.585,8,73000,18,4542,52.7,0
R105670,8,26,568,17365,0.235,0.906,146.6,0,0.909,4,87000,24,4060,72.6,1
R105671,13,15,205,8697,0.531,0.521,96.9,4,0.619,8,65000,12,6067,38.8,0
R105672,15,27,550,15877,0.312,0.773,125.7,1,0.846,10,98000,24,4573,68.6,0
R105673,5,21,507,14468,0.202,0.794,143.9,3,0.862,4,94000,36,2924,67.7,0
R105674,24,25,584,15280,0.384,0.925,146.7,3,0.81,15,58000,24,2707,74.8,0
R105675,10,22,484,8000,0.267,0.918,123.0,1,0.888,7,79000,24,3687,70.4,1
R105676,15,24,542,12186,0.281,0.981,141.0,0,0.952,13,91000,18,5662,76.6,1
R105677,10,18,328,14551,0.328,0.743,139.7,2,0.844,8,79000,24,3687,58.1,0
R105678,14,18,427,13653,0.313,0.782,127.3,2,0.836,12,95000,24,4433,65.1,0
R105679,9,26,629,23401,0.25,0.881,125.5,0,0.968,5,85000,30,3173,73.9,1
R105680,9,25,694,23086,0.179,0.699,118.0,2,0.761,7,84000,30,3136,72.9,1
R105681,8,20,384,12287,0.288,0.686,110.7,2,0.802,4,82000,24,3827,59.1,0
R105682,12,23,532,17205,0.253,0.965,112.9,1,0.904,6,99000,12,9240,74.9,1
R105683,17,22,447,10484,0.371,0.778,139.4,2,0.826,9,78000,36,2427,64.4,0
R105684,18,20,374,10032,0.273,0.744,118.6,2,0.769,17,104000,18,6471,66.4,0
R105685,17,21,532,10465,0.285,0.86,139.9,1,0.898,10,92000,36,2862,73.6,0
R105686,13,24,547,12538,0.37,0.727,132.5,1,0.846,11,72000,30,2688,63.1,1
R105687,8,22,472,17209,0.346,0.817,104.4,1,0.846,6,41000,36,1276,61.6,1
R105688,1,23,540,13896,0.169,0.871,177.6,0,0.983,1,69000,30,2576,71.3,1
R105689,17,26,781,23586,0.304,0.872,81.1,2,0.888,15,53000,30,1979,79.1,0
R105690,12,17,350,8000,0.181,0.902,93.6,1,0.855,6,84000,24,3920,72.0,1
R105691,7,18,412,9553,0.516,0.686,110.4,2,0.74,5,53000,24,2473,46.4,0
R105692,2,25,586,17528,0.444,0.912,129.0,1,0.829,1,72000,18,4480,57.5,0
R105693,10,25,833,20290,0.283,0.828,104.3,1,0.861,6,51000,18,3173,74.9,1
R105694,18,23,554,20087,0.202,0.765,165.0,0,0.97,13,72000,36,2240,77.7,0
R105695,5,19,461,11886,0.337,0.743,99.5,1,0.872,2,77000,24,3593,58.4,0
R105696,25,19,410,16371,0.393,0.8,135.6,1,0.834,12,52000,24,2427,67.1,0
R105697,36,25,813,23818,0.231,0.99,104.5,0,0.883,32,65000,30,2427,90.6,1
R105698,8,23,585,16090,0.268,0.761,91.8,2,0.788,4,40000,18,2489,66.6,0
R105699,9,14,333,8363,0.374,0.604,124.7,2,0.793,4,74000,30,2763,51.3,1
R105700,10,21,549,14302,0.351,0.761,139.8,2,0.752,7,107000,24,4993,62.0,0
R105701,8,19,466,8778,0.338,0.752,115.6,1,0.782,6,84000,30,3136,59.5,0
R105702,30,23,419,12562,0.277,0.836,138.3,1,0.826,18,79000,18,4916,74.3,1
R105703,10,16,327,8000,0.3,0.714,83.6,2,0.741,7,104000,30,3883,57.9,0
R105704,5,18,473,13726,0.28,0.805,100.2,2,0.8,3,73000,30,2725,62.3,1
R105705,13,28,605,14992,0.157,0.801,108.8,1,0.831,6,65000,24,3033,77.2,1
R105706,6,21,418,15499,0.262,0.81,114.0,3,0.817,5,59000,18,3671,63.1,0
R105707,4,24,592,18718,0.201,0.839,118.4,0,0.911,3,74000,36,2302,70.9,1
R105708,7,19,536,12126,0.256,0.711,133.8,1,0.784,6,66000,30,2464,63.9,0
R105709,7,30,702,20531,0.249,0.941,148.0,0,0.938,4,63000,36,1960,76.1,0
R105710,10,26,480,9596,0.351,0.835,162.9,1,0.92,8,84000,24,3920,63.9,1
R105711,3,24,500,13431,0.141,0.882,128.2,0,0.93,2,105000,36,3267,72.4,1
R105712,28,21,517,16701,0.436,0.585,100.7,2,0.677,24,69000,24,3220,60.6,0
R105713,14,20,317,8000,0.317,0.707,104.3,2,0.798,9,66000,30,2464,59.6,0
R105714,16,21,473,16927,0.285,0.774,112.7,2,0.774,15,77000,24,3593,68.2,0
R105715,12,22,471,13560,0.237,0.809,103.8,1,0.819,6,83000,24,3873,69.3,1
R105716,22,20,478,8868,0.174,0.885,145.8,0,0.984,17,75000,12,7000,82.6,1
R105717,9,22,434,12154,0.336,0.876,148.4,1,0.799,8,73000,24,3407,62.6,1
R105718,12,19,399,15393,0.266,0.783,118.6,2,0.764,9,92000,12,8587,64.7,1
R105719,6,26,450,10692,0.32,0.869,159.9,0,0.998,4,74000,24,3453,63.9,1
R105720,10,24,613,9676,0.268,0.931,131.2,0,0.971,5,52000,24,2427,74.8,0
R105721,11,24,443,15701,0.31,0.81,162.2,1,0.981,10,84000,36,2613,65.9,0
R105722,6,26,741,28032,0.135,0.842,151.0,0,0.944,3,85000,24,3967,79.9,1
R105723,13,13,290,11100,0.59,0.642,77.0,3,0.685,7,68000,30,2539,41.7,1
R105724,14,26,459,12705,0.293,0.778,131.8,1,0.886,8,58000,30,2165,67.4,1
R105725,16,17,392,20443,0.308,0.666,129.0,2,0.698,15,48000,12,4480,61.7,1
R105726,14,27,686,22450,0.179,1.0,146.7,1,0.921,7,97000,18,6036,84.9,1
R105727,10,18,378,10114,0.265,0.785,144.8,1,0.822,6,88000,36,2738,64.1,0
R105728,18,29,613,16250,0.176,0.949,158.3,0,0.914,9,88000,12,8213,84.6,1
R105729,12,13,271,9843,0.399,0.732,69.5,2,0.707,5,95000,24,4433,52.6,0
R105730,2,25,564,17022,0.327,0.688,110.9,4,0.742,1,49000,36,1524,57.1,1
R105731,4,27,838,24069,0.143,0.932,143.5,0,0.908,3,65000,30,2427,81.5,1
R105732,6,21,371,8933,0.214,0.79,144.4,2,0.82,3,70000,18,4356,63.7,0
R105733,7,24,485,11287,0.287,0.881,111.0,1,0.854,4,68000,30,2539,66.0,1
R105734,13,21,331,8000,0.08,0.861,138.5,1,0.926,10,75000,24,3500,77.5,1
R105735,22,23,422,11100,0.379,0.807,118.4,1,0.936,12,62000,24,2893,68.3,0
R105736,15,20,400,12649,0.364,0.687,108.3,2,0.703,11,96000,18,5973,58.6,1
R105737,13,26,541,13947,0.298,0.798,138.1,2,0.874,6,56000,24,2613,68.9,1
R105738,3,22,596,12272,0.264,0.879,132.5,1,0.888,2,57000,36,1773,67.8,0
R105739,2,20,363,8000,0.446,0.693,112.8,2,0.745,1,57000,36,1773,45.5,0
R105740,24,25,539,15644,0.225,0.907,93.0,1,0.913,23,86000,30,3211,82.6,1
R105741,8,28,751,19839,0.343,0.844,113.6,0,0.906,7,69000,12,6440,70.2,0
R105742,14,19,499,8000,0.226,0.941,160.9,0,0.977,10,55000,24,2567,76.6,1
R105743,15,22,588,14917,0.172,0.796,117.7,1,0.889,9,53000,12,4947,77.8,1
R105744,35,25,514,8475,0.176,0.839,152.2,0,0.908,22,62000,24,2893,82.9,1
R105745,29,16,339,8000,0.348,0.761,111.0,2,0.858,25,65000,24,3033,67.0,0
R105746,39,15,320,8421,0.323,0.709,129.9,2,0.714,18,67000,36,2084,65.1,0
R105747,16,30,965,28581,0.289,0.931,146.2,0,0.952,11,87000,24,4060,82.0,1
R105748,26,14,273,8000,0.327,0.597,101.1,3,0.642,19,114000,18,7093,60.2,0
R105749,5,22,478,12875,0.19,0.736,133.1,1,0.869,4,73000,36,2271,66.3,1
R105750,35,24,511,8836,0.124,0.964,157.6,0,0.937,18,61000,30,2277,88.9,1
R105751,18,21,480,13231,0.334,0.71,108.4,2,0.765,12,40000,18,2489,65.3,1
R105752,9,20,434,12014,0.377,0.727,109.9,3,0.769,8,51000,18,3173,56.8,0
R105753,19,30,658,16312,0.158,0.892,131.5,1,0.893,10,51000,24,2380,85.6,1
R105754,23,22,622,18857,0.287,0.874,124.5,0,0.936,15,66000,18,4107,80.0,0
R105755,15,20,356,13279,0.402,0.699,97.9,2,0.758,12,67000,18,4169,56.6,1
R105756,1,12,303,8000,0.373,0.65,93.9,3,0.684,1,75000,18,4667,45.9,1
R105757,23,20,467,13052,0.166,0.933,148.7,1,0.923,19,94000,30,3509,84.3,0
R105758,11,28,566,14719,0.249,0.919,123.3,0,0.967,5,111000,18,6907,74.5,0
R105759,15,21,255,9110,0.324,0.754,77.3,2,0.744,11,71000,24,3313,59.4,0
R105760,5,27,754,21533,0.226,0.841,158.5,1,0.964,4,80000,30,2987,75.3,1
R105761,9,22,437,12990,0.304,0.672,103.6,3,0.824,7,94000,24,4387,59.9,1
R105762,8,20,496,15692,0.205,0.823,160.1,1,0.938,7,61000,24,2847,70.8,1
R105763,5,24,589,19208,0.244,0.747,87.1,2,0.793,2,73000,24,3407,65.7,0
R105764,2,19,371,10237,0.315,0.896,117.1,1,0.824,2,59000,12,5507,58.9,0
R105765,9,22,499,13397,0.294,0.767,139.8,1,0.781,6,97000,24,4527,64.1,0
R105766,6,30,711,15114,0.282,0.85,117.0,0,0.954,4,71000,36,2209,71.5,0
R105767,13,16,406,12726,0.457,0.732,114.2,3,0.725,6,82000,24,3827,53.8,0
R105768,14,24,600,14049,0.281,0.669,115.0,1,0.85,9,118000,24,5507,68.3,0
R105769,29,26,558,10649,0.167,0.711,146.0,1,0.836,18,70000,24,3267,80.5,1
R105770,1,19,445,15106,0.337,0.701,131.5,1,0.886,1,77000,18,4791,54.6,0
R105771,8,30,721,23870,0.335,0.832,123.5,2,0.841,6,90000,36,2800,68.6,0
R105772,23,20,339,11325,0.204,0.844,152.0,1,0.819,15,98000,36,3049,75.4,1
R105773,14,18,384,10188,0.302,0.763,103.7,3,0.738,10,67000,18,4169,62.8,0
R105774,15,24,703,22392,0.255,0.886,130.9,1,0.82,7,83000,36,2582,78.1,1
R105775,12,24,678,26580,0.347,0.917,146.8,0,0.881,6,91000,30,3397,72.3,1
R105776,20,30,760,16440,0.141,0.844,163.9,1,0.961,12,88000,12,8213,89.3,1
R105777,12,19,449,8000,0.315,0.799,109.9,1,0.838,9,67000,12,6253,64.9,1
R105778,12,26,576,21536,0.294,0.858,123.8,1,0.866,7,70000,24,3267,70.8,1
R105779,6,16,375,12119,0.343,0.755,139.5,1,0.895,4,60000,18,3733,56.9,1
R105780,6,11,223,10670,0.354,0.744,102.3,1,0.811,6,60000,12,5600,51.8,0
R105781,14,26,574,12692,0.237,0.929,161.6,1,0.927,7,80000,36,2489,77.1,0
R105782,9,25,470,17055,0.253,0.872,133.4,2,0.819,6,79000,30,2949,68.0,1
R105783,4,24,466,12171,0.282,0.55,86.8,2,0.749,2,43000,30,1605,54.5,0
R105784,8,27,866,27936,0.312,0.852,135.8,2,0.846,5,83000,36,2582,72.6,1
R105785,18,23,378,11000,0.325,0.734,117.9,1,0.883,14,83000,24,3873,65.2,0
R105786,13,19,417,11230,0.336,0.727,118.4,2,0.771,10,87000,24,4060,60.8,0
R105787,7,26,664,24014,0.204,0.809,146.1,0,0.987,6,65000,24,3033,74.7,1
R105788,11,27,666,20055,0.301,0.832,115.4,2,0.845,7,40000,30,1493,71.1,1
R105789,20,20,443,15463,0.128,0.722,147.0,1,0.943,12,105000,18,6533,78.3,0
R105790,6,25,621,14811,0.151,0.876,140.5,1,0.94,5,65000,24,3033,76.5,1
R105791,5,27,660,14826,0.236,0.898,149.5,0,0.932,4,40000,30,1493,73.3,1
R105792,13,28,798,19230,0.213,0.841,133.2,0,1.0,6,79000,24,3687,81.8,1
R105793,8,25,585,15552,0.346,0.797,121.7,1,0.867,6,89000,36,2769,64.3,1
R105794,13,22,520,16848,0.129,0.841,103.1,1,0.874,10,56000,36,1742,78.0,1
R105795,11,20,455,10239,0.3,0.771,95.3,1,0.87,9,84000,24,3920,64.9,0
R105796,12,27,601,15765,0.108,0.767,165.3,0,0.95,9,77000,24,3593,80.0,0
R105797,30,21,552,14062,0.28,0.885,157.3,0,1.0,27,73000,18,4542,80.4,0
R105798,4,20,396,15474,0.42,0.634,87.1,5,0.606,4,62000,36,1929,46.6,0
R105799,17,23,531,13166,0.152,0.914,160.9,0,0.88,15,105000,18,6533,81.6,0
R105800,15,21,692,17513,0.187,0.758,120.6,2,0.829,10,70000,36,2178,78.0,1
R105801,16,23,532,12691,0.344,0.79,108.2,1,0.818,8,90000,30,3360,67.5,0
R105802,3,17,313,8530,0.35,0.699,94.2,2,0.753,2,63000,24,2940,50.2,1
R105803,18,15,294,8000,0.402,0.705,94.9,2,0.708,16,93000,24,4340,56.2,0
R105804,9,29,796,16909,0.182,0.979,167.9,0,0.988,8,78000,30,2912,84.8,0
R105805,12,19,397,11314,0.152,0.812,119.3,1,0.876,11,106000,24,4947,72.8,0
R105806,10,22,433,9182,0.386,0.76,110.7,2,0.897,9,63000,18,3920,59.1,0
R105807,6,22,559,20467,0.322,0.829,132.5,1,0.87,6,83000,30,3099,64.5,1
R105808,10,20,537,15112,0.259,0.921,143.1,0,0.992,5,66000,36,2053,73.0,0
R105809,11,23,527,16534,0.085,0.975,153.1,1,0.923,5,49000,30,1829,83.6,1
R105810,15,24,554,13181,0.46,0.75,143.9,2,0.817,12,59000,30,2203,60.4,1
R105811,14,22,446,8000,0.425,0.617,98.3,3,0.695,7,63000,24,2940,54.0,0
R105812,11,14,197,8000,0.575,0.627,92.8,2,0.771,7,105000,12,9800,38.8,0
R105813,12,20,566,15227,0.265,0.725,144.4,1,0.901,11,69000,18,4293,68.8,0
R105814,12,23,559,18094,0.328,0.748,130.8,1,0.86,9,67000,12,6253,65.4,1
R105815,15,23,544,18129,0.333,0.785,109.1,3,0.762,9,91000,24,4247,67.0,0
R105816,18,21,479,12349,0.263,0.771,92.2,2,0.834,12,111000,36,3453,71.0,0
R105817,19,22,368,8000,0.329,0.756,106.4,1,0.827,17,91000,12,8493,65.0,0
R105818,9,17,325,8000,0.367,0.764,108.5,3,0.744,7,98000,24,4573,55.1,0
R105819,1,22,538,13527,0.336,0.753,108.9,1,0.798,1,58000,24,2707,57.4,0
R105820,9,18,333,13311,0.349,0.689,109.1,2,0.772,4,76000,30,2837,55.0,0
R105821,8,23,457,15268,0.292,0.724,102.0,2,0.862,6,40000,18,2489,62.2,1
R105822,11,15,245,8956,0.516,0.603,77.7,2,0.729,9,103000,24,4807,42.6,1
R105823,35,18,428,8000,0.327,0.67,117.5,3,0.735,17,80000,24,3733,66.8,0
R105824,9,19,370,10678,0.371,0.644,90.6,2,0.698,7,88000,24,4107,52.5,0
R105825,16,20,542,20951,0.231,0.897,152.7,1,1.0,13,107000,24,4993,78.2,1
R105826,16,28,712,19634,0.268,0.908,119.5,1,0.831,14,61000,24,2847,79.2,1
R105827,14,15,368,15150,0.458,0.595,93.5,4,0.599,10,74000,24,3453,49.0,0
R105828,2,17,552,9483,0.209,0.987,158.7,1,0.929,2,64000,30,2389,72.5,0
R105829,11,27,631,17063,0.113,0.867,158.4,0,0.948,9,91000,24,4247,81.9,0
R105830,15,20,403,8488,0.208,0.834,105.0,1,0.861,11,89000,18,5538,72.2,0
R105831,7,18,363,10751,0.317,0.713,134.7,1,0.836,4,86000,30,3211,57.0,0
R105832,3,30,765,24518,0.188,0.858,113.6,0,0.864,2,75000,24,3500,75.3,1
R105833,15,22,594,14731,0.346,0.728,111.7,1,0.753,14,82000,24,3827,66.1,1
R105834,18,26,761,26697,0.195,0.908,149.2,0,0.884,15,61000,18,3796,85.9,1
R105835,10,26,849,22257,0.291,0.99,175.3,2,0.997,6,87000,12,8120,80.0,1
R105836,8,25,564,17103,0.216,0.859,153.5,1,0.841,4,93000,18,5787,71.8,1
R105837,25,20,576,12688,0.261,0.991,179.9,0,0.915,13,65000,24,3033,83.8,1
R105838,19,27,496,18735,0.263,0.792,88.8,3,0.791,11,49000,24,2287,72.1,1
R105839,5,24,666,16287,0.28,0.851,151.4,1,0.925,4,103000,24,4807,70.0,0
R105840,12,29,659,19020,0.295,0.915,144.1,1,0.855,7,101000,18,6284,74.3,0
R105841,6,18,408,13638,0.38,0.699,111.3,2,0.784,3,81000,18,5040,53.3,0
R105842,9,22,417,14257,0.287,0.751,110.0,2,0.793,8,81000,18,5040,61.9,0
R105843,23,14,295,8000,0.44,0.664,119.0,3,0.692,18,56000,36,1742,56.0,1
R105844,23,16,360,8000,0.32,0.915,145.2,0,0.959,14,79000,36,2458,73.0,0
R105845,8,24,613,16222,0.275,0.804,103.3,2,0.922,5,62000,24,2893,69.2,0
R105846,16,26,760,23133,0.23,0.842,164.5,0,0.917,9,57000,24,2660,81.3,1
R105847,5,18,355,8000,0.368,0.756,122.6,3,0.732,3,85000,12,7933,53.3,0
R105848,34,12,295,11246,0.233,0.894,134.2,1,0.892,23,107000,36,3329,75.6,0
R105849,3,22,568,12094,0.235,0.881,117.4,1,0.775,2,76000,12,7093,67.6,1
R105850,9,16,259,11287,0.406,0.611,45.3,3,0.673,5,53000,30,1979,46.8,0
R105851,16,22,480,10556,0.229,0.945,181.7,0,0.898,11,67000,12,6253,76.7,1
R105852,6,20,517,11946,0.298,0.585,102.7,2,0.837,5,86000,36,2676,58.3,0
R105853,5,22,609,12462,0.166,0.757,171.3,0,0.88,3,111000,24,5180,71.8,1
R105854,11,16,412,12733,0.472,0.822,115.5,2,0.776,8,40000,18,2489,54.8,0
R105855,7,23,621,16501,0.297,0.865,143.4,2,0.838,4,65000,12,6067,68.6,0
R105856,2,20,482,13410,0.11,0.949,136.7,0,0.974,2,69000,30,2576,75.5,1
R105857,11,26,507,16167,0.142,0.883,173.0,0,0.954,6,59000,24,2753,77.8,1
R105858,16,25,526,11815,0.08,0.875,142.9,0,0.943,10,78000,24,3640,84.1,0
R105859,10,18,419,9963,0.34,0.66,89.2,2,0.676,7,56000,18,3484,56.1,0
R105860,11,26,568,13228,0.189,0.824,140.0,1,0.865,6,75000,30,2800,74.4,0
R105861,14,22,484,14377,0.264,0.8,114.6,2,0.881,10,42000,36,1307,70.1,1
R105862,28,13,216,8000,0.278,0.798,146.6,1,0.813,27,83000,12,7747,68.1,0
R105863,9,18,401,10656,0.252,0.728,89.4,2,0.755,6,81000,30,3024,62.0,0
R105864,14,15,391,9578,0.417,0.664,106.8,2,0.788,10,96000,36,2987,55.0,0
R105865,11,27,599,8000,0.163,0.897,136.1,1,0.826,9,78000,24,3640,78.0,1
R105866,5,19,345,8628,0.378,0.711,135.0,1,0.838,4,63000,24,2940,52.3,0
R105867,17,18,438,16257,0.371,0.556,55.5,5,0.643,16,63000,30,2352,56.7,0
R105868,24,28,845,20428,0.302,0.835,123.8,2,0.815,13,86000,18,5351,82.3,1
R105869,16,23,568,12635,0.159,0.814,152.4,0,0.956,12,85000,24,3967,79.7,1
R105870,2,24,566,13325,0.18,0.86,111.0,0,0.912,1,63000,18,3920,70.7,0
R105871,9,26,660,22986,0.273,0.906,125.6,0,0.936,7,40000,18,2489,73.9,1
R105872,15,30,656,19487,0.161,0.889,124.2,1,0.915,11,82000,36,2551,83.2,1
R105873,20,19,492,12356,0.51,0.603,80.5,3,0.643,14,58000,30,2165,53.8,0
R105874,3,20,400,16908,0.235,0.741,110.2,1,0.879,3,61000,24,2847,61.3,0
R105875,5,20,539,11225,0.23,0.768,129.9,1,0.857,3,98000,24,4573,66.5,0
R105876,14,22,590,15637,0.257,0.765,147.8,2,0.874,11,74000,24,3453,71.9,0
R105877,12,20,443,18911,0.295,0.882,107.3,1,0.92,7,85000,24,3967,68.3,1
R105878,11,22,435,15981,0.181,0.892,145.4,2,0.867,5,114000,36,3547,73.4,0
R105879,27,17,412,10776,0.345,0.737,115.6,2,0.778,14,85000,24,3967,67.6,1
R105880,29,19,389,9972,0.376,0.745,107.1,2,0.741,20,92000,36,2862,65.2,1
R105881,6,18,323,9184,0.279,0.71,125.6,2,0.794,3,102000,24,4760,56.9,1
R105882,3,28,678,14258,0.284,0.886,154.2,0,0.942,2,87000,24,4060,69.5,0
R105883,10,18,366,11330,0.383,0.702,113.9,1,0.773,9,97000,24,4527,55.0,0
R105884,17,18,461,19100,0.287,0.801,130.7,2,0.829,16,64000,12,5973,69.5,1
R105885,21,23,556,10619,0.245,0.919,153.0,0,0.889,20,58000,24,2707,80.4,1
R105886,9,24,410,8878,0.212,0.854,149.1,0,0.959,5,81000,24,3780,69.6,1
R105887,7,26,504,12436,0.242,0.807,138.0,1,0.847,4,54000,18,3360,67.0,0
R105888,14,23,437,11849,0.317,0.733,135.3,1,0.848,13,89000,30,3323,64.2,0
R105889,10,27,639,15991,0.379,0.79,137.0,2,0.832,8,90000,24,4200,64.3,1
R105890,11,30,678,19333,0.08,1.0,154.1,1,0.951,7,40000,24,1867,88.6,1
R105891,16,15,286,8000,0.228,0.81,107.8,2,0.826,11,59000,36,1836,67.6,1
R105892,10,22,676,27852,0.165,0.898,150.8,0,0.951,5,71000,18,4418,80.6,0
R105893,4,17,414,10315,0.235,0.719,141.4,2,0.811,3,86000,24,4013,60.7,0
R105894,7,25,520,8000,0.228,0.768,129.7,1,0.785,6,90000,24,4200,66.6,1
R105895,7,26,508,12702,0.266,0.818,104.9,1,0.911,5,40000,30,1493,67.0,0
R105896,7,25,524,11867,0.329,0.783,153.7,1,0.923,6,86000,30,3211,63.3,0
R105897,2,25,635,20567,0.159,0.96,147.7,0,1.0,1,95000,12,8867,77.2,1
R105898,32,22,642,22646,0.366,0.866,140.2,1,0.838,29,62000,36,1929,76.0,0
R105899,5,23,716,15431,0.328,0.801,138.8,0,0.924,2,58000,36,1804,67.2,0
R105900,18,24,598,12793,0.34,0.791,122.8,1,0.811,15,66000,36,2053,70.1,1
R105901,6,20,418,12036,0.301,0.832,77.3,2,0.701,3,49000,30,1829,60.5,1
R105902,9,25,739,14625,0.174,0.831,124.7,2,0.87,5,83000,18,5164,78.4,0
R105903,11,24,698,14505,0.27,0.929,118.1,2,0.79,6,69000,30,2576,75.6,0
R105904,7,26,453,14985,0.294,0.87,110.9,1,0.908,6,81000,18,5040,65.6,0
R105905,26,23,706,15443,0.325,0.818,149.2,1,0.786,12,115000,24,5367,78.1,1
R105906,58,19,344,8000,0.535,0.609,79.3,3,0.617,48,71000,36,2209,51.0,0
R105907,3,23,543,15256,0.472,0.719,145.2,3,0.761,2,96000,24,4480,50.1,1
R105908,21,23,613,19020,0.305,0.821,139.4,0,0.938,17,77000,18,4791,76.2,0
R105909,12,27,539,11783,0.209,0.964,155.2,0,0.87,10,58000,30,2165,77.2,1
R105910,9,20,337,8942,0.305,0.702,110.6,2,0.748,8,72000,30,2688,57.2,0
R105911,18,23,417,8000,0.18,0.83,129.3,1,0.826,17,87000,36,2707,75.7,0
R105912,22,24,621,19808,0.324,0.951,144.6,1,0.909,17,96000,36,2987,79.1,1
R105913,10,24,462,12784,0.279,0.875,145.0,2,0.798,10,77000,30,2875,67.5,0
R105914,24,22,522,14447,0.29,0.761,120.4,2,0.792,17,77000,30,2875,73.9,0
R105915,2,23,456,9680,0.278,0.67,112.0,1,0.861,1,87000,36,2707,57.6,0
R105916,17,19,366,12956,0.378,0.701,108.1,2,0.755,10,40000,30,1493,59.1,0
R105917,11,21,405,11995,0.339,0.61,105.6,2,0.756,8,98000,12,9147,56.4,1
R105918,13,23,569,18626,0.404,0.711,115.4,2,0.874,11,81000,30,3024,61.7,0
R105919,20,21,451,10180,0.16,0.918,130.7,1,0.878,13,64000,30,2389,81.4,0
R105920,16,22,539,14949,0.352,0.774,129.8,1,0.804,15,79000,18,4916,66.4,1
R105921,32,19,426,16011,0.23,0.753,128.7,1,0.862,24,64000,24,2987,75.2,0
R105922,35,20,413,15802,0.158,0.835,154.5,1,0.844,29,63000,24,2940,80.5,1
R105923,10,30,793,30109,0.257,0.807,143.3,0,0.902,5,74000,30,2763,75.9,1
R105924,4,26,732,19734,0.339,0.753,131.0,2,0.788,3,80000,30,2987,64.1,0
R105925,11,27,633,17743,0.258,0.794,144.1,1,0.892,9,70000,24,3267,72.1,1
R105926,6,23,486,12244,0.303,0.726,91.2,1,0.84,3,101000,36,3142,60.6,0
R105927,8,21,437,12343,0.299,0.814,126.2,1,0.855,6,43000,24,2007,63.5,1
R105928,12,19,550,17623,0.271,0.81,96.4,2,0.858,11,56000,30,2091,70.1,1
R105929,3,24,334,8077,0.164,0.807,129.3,0,0.918,2,50000,36,1556,65.4,0
R105930,15,23,725,25212,0.128,0.833,123.5,0,0.949,12,86000,24,4013,85.4,0
R105931,10,28,625,15387,0.234,0.83,146.5,0,0.988,10,66000,30,2464,74.7,1
R105932,7,25,394,8736,0.26,0.806,132.8,0,0.979,6,59000,24,2753,64.5,1
R105933,1,24,714,13855,0.365,0.765,121.6,2,0.883,1,65000,24,3033,61.7,1
R105934,20,26,502,12674,0.166,0.908,156.4,0,0.992,19,57000,18,3547,83.0,1
R105935,22,17,208,8807,0.364,0.768,117.6,1,0.786,14,72000,24,3360,60.9,1
R105936,20,26,607,16618,0.316,1.0,145.3,1,0.902,14,57000,12,5320,79.5,1
R105937,6,24,581,18351,0.264,0.897,130.4,2,0.863,4,85000,30,3173,69.5,0
R105938,14,25,742,26509,0.122,0.772,149.2,0,0.941,12,71000,24,3313,84.0,1
R105939,22,16,334,8000,0.287,0.694,85.2,2,0.745,11,71000,24,3313,66.2,0
R105940,14,23,554,13766,0.183,0.779,130.4,0,0.959,11,56000,18,3484,76.0,1
R105941,13,20,437,18609,0.136,0.814,141.5,1,0.814,8,53000,18,3298,74.5,0
R105942,30,20,508,11957,0.219,0.952,158.8,0,0.964,24,66000,24,3080,83.8,0
R105943,28,20,451,9294,0.344,0.777,131.2,1,0.863,26,80000,24,3733,70.4,0
R105944,8,24,608,16468,0.304,0.756,135.3,2,0.762,4,71000,24,3313,65.1,1
R105945,7,23,533,16677,0.133,0.932,134.8,0,0.922,4,59000,24,2753,77.6,1
R105946,6,18,383,8525,0.14,0.763,98.3,1,0.864,3,69000,12,6440,68.1,0
R105947,2,22,321,9982,0.39,0.735,108.4,2,0.735,2,84000,24,3920,49.0,0
R105948,26,26,614,21004,0.436,0.745,150.4,1,0.796,18,89000,30,3323,68.2,1
R105949,13,22,552,20857,0.345,0.867,140.5,1,0.891,7,64000,12,5973,68.8,0
R105950,8,22,558,16687,0.228,0.854,134.1,0,0.94,6,91000,12,8493,72.1,0
R105951,12,24,634,14108,0.163,0.777,117.3,0,0.918,10,94000,24,4387,77.5,0
R105952,27,21,572,14086,0.292,0.713,86.3,2,0.767,23,79000,18,4916,73.6,0
R105953,4,24,587,18297,0.24,0.944,144.5,0,0.959,2,52000,12,4853,71.7,1
R105954,25,17,442,11986,0.239,0.876,124.5,1,0.794,21,82000,24,3827,77.5,0
R105955,11,21,587,19025,0.341,0.669,90.5,2,0.808,9,57000,30,2128,62.7,0
R105956,15,25,620,13539,0.222,0.937,153.2,1,0.986,10,63000,12,5880,80.7,1
R105957,16,25,537,13763,0.396,0.729,107.9,1,0.828,10,92000,36,2862,63.0,1
R105958,28,25,887,34558,0.305,1.0,129.9,0,0.988,21,84000,30,3136,88.0,1
R105959,6,28,763,18314,0.342,0.815,153.9,1,0.922,3,86000,36,2676,68.7,1
R105960,39,25,664,13531,0.115,0.907,151.0,0,1.0,37,98000,36,3049,92.4,0
R105961,4,22,491,18468,0.223,0.783,135.4,1,0.789,3,62000,24,2893,64.9,0
R105962,7,24,559,11742,0.237,0.886,135.4,0,0.964,5,67000,12,6253,71.8,1
R105963,17,25,359,8290,0.3,0.764,91.6,2,0.678,8,104000,30,3883,64.0,1
R105964,26,23,574,12818,0.201,1.0,118.5,1,0.846,21,67000,30,2501,86.4,1
R105965,6,30,792,26181,0.315,0.862,150.1,1,0.912,3,92000,30,3435,72.0,1
R105966,4,18,427,8000,0.504,0.599,113.9,3,0.738,3,92000,36,2862,43.1,0
R105967,27,21,490,9946,0.15,0.963,132.2,0,0.981,15,87000,18,5413,87.5,0
R105968,9,22,544,14699,0.278,0.733,100.3,2,0.85,8,79000,24,3687,65.3,0
R105969,9,18,289,8000,0.261,0.808,102.6,2,0.796,8,104000,36,3236,61.5,0
R105970,12,26,717,23603,0.192,0.826,137.7,0,1.0,6,83000,24,3873,80.4,0
R105971,11,25,746,25978,0.345,0.999,130.8,0,0.877,8,57000,24,2660,75.2,1
R105972,18,24,599,17352,0.197,0.816,142.4,1,0.845,16,89000,12,8307,78.6,1
R105973,4,19,272,8000,0.477,0.553,61.9,3,0.604,4,83000,12,7747,38.5,0
R105974,3,26,643,20539,0.373,0.913,152.7,0,0.984,2,80000,36,2489,65.4,1
R105975,15,27,676,16387,0.211,0.865,152.4,0,1.0,14,68000,18,4231,80.9,1
R105976,15,19,472,15998,0.394,0.723,109.8,1,0.752,9,75000,36,2333,60.5,1
R105977,17,22,477,15462,0.287,0.644,103.3,1,0.781,16,67000,24,3127,65.9,0
R105978,17,25,785,19835,0.219,0.899,114.1,2,0.855,11,66000,24,3080,83.9,1
R105979,3,23,594,15847,0.267,0.854,135.1,0,0.902,3,63000,36,1960,67.5,1
R105980,17,24,616,20764,0.373,0.62,116.6,2,0.786,9,56000,24,2613,63.8,0
R105981,16,24,534,18391,0.12,0.857,139.8,0,0.914,12,66000,18,4107,82.0,0
R105982,4,26,774,24442,0.256,0.88,124.7,1,0.851,3,67000,24,3127,73.1,0
R105983,22,19,547,17855,0.225,0.862,121.8,1,0.917,10,64000,18,3982,80.3,1
R105984,6,28,608,20499,0.087,1.0,161.1,1,0.985,4,107000,24,4993,83.5,1
R105985,6,23,531,14596,0.187,0.894,123.2,1,0.845,3,86000,12,8027,71.9,0
R105986,18,21,412,13647,0.378,0.699,118.0,2,0.781,10,105000,24,4900,61.0,1
R105987,5,28,749,18758,0.241,0.862,124.0,0,0.945,3,64000,36,1991,74.2,0
R105988,10,23,563,19280,0.344,0.909,134.6,1,0.819,4,63000,24,2940,67.2,0
R105989,9,23,333,10848,0.384,0.663,108.0,2,0.705,7,45000,18,2800,51.4,1
R105990,8,19,526,14747,0.213,0.782,84.5,2,0.822,5,80000,24,3733,68.7,0
R105991,6,17,242,10186,0.344,0.698,121.7,2,0.708,5,67000,24,3127,50.7,0
R105992,36,21,539,15708,0.33,0.845,157.1,1,0.854,22,103000,12,9613,75.0,0
R105993,17,22,682,14306,0.292,0.787,114.0,1,0.906,15,61000,24,2847,75.3,1
R105994,7,15,322,8899,0.394,0.751,120.4,2,0.831,4,70000,12,6533,53.0,0
R105995,7,22,544,15264,0.266,0.902,114.9,1,0.953,4,112000,30,4181,70.4,0
R105996,14,23,461,17132,0.428,0.755,94.4,1,0.839,8,72000,30,2688,59.2,0
R105997,9,26,626,17290,0.277,0.784,110.9,1,0.853,8,64000,24,2987,68.8,1
R105998,15,18,404,9428,0.492,0.777,120.2,1,0.781,9,94000,24,4387,54.7,0
R105999,5,18,290,13470,0.349,0.718,106.3,2,0.8,3,80000,24,3733,52.2,0
R106000,12,21,551,9630,0.282,0.97,143.0,1,0.882,12,85000,36,2644,73.9,1
R106001,18,15,252,8000,0.473,0.736,105.3,2,0.744,17,88000,30,3285,53.0,0
R106002,12,21,389,8000,0.216,0.684,134.7,2,0.836,6,104000,36,3236,65.4,1
R106003,9,21,406,8000,0.305,0.856,137.6,1,0.761,5,50000,30,1867,63.0,0
R106004,15,26,694,22148,0.116,0.912,159.3,1,0.858,13,54000,30,2016,86.5,0
R106005,2,19,521,10732,0.275,0.839,125.2,1,0.91,2,73000,24,3407,64.0,0
R106006,18,16,387,11269,0.385,0.591,65.9,3,0.548,16,97000,24,4527,55.4,1
R106007,2,24,542,18674,0.338,0.945,166.7,1,0.83,1,81000,36,2520,63.3,0
R106008,20,22,505,16433,0.362,0.799,120.5,1,0.788,11,41000,30,1531,68.4,0
R106009,9,25,724,21160,0.236,0.842,118.8,1,0.891,7,78000,36,2427,75.4,0
R106010,1,22,497,12921,0.37,0.714,104.5,2,0.879,1,103000,30,3845,54.7,0
R106011,19,20,460,20498,0.377,0.723,99.4,2,0.773,10,120000,18,7467,63.8,0
R106012,22,21,616,18891,0.301,0.956,148.8,1,0.85,15,88000,24,4107,80.0,0
R106013,9,30,695,25963,0.14,0.818,136.9,2,0.946,7,59000,30,2203,79.9,1
R106014,21,22,519,17073,0.374,0.725,112.4,2,0.739,17,80000,24,3733,66.2,0
R106015,13,23,438,12768,0.127,0.965,161.4,1,0.957,7,94000,18,5849,80.5,0
R106016,15,24,599,18928,0.26,1.0,174.2,1,0.948,9,65000,36,2022,79.6,0
R106017,24,28,731,16505,0.324,0.906,118.6,1,0.816,14,65000,24,3033,81.2,1
R106018,14,21,442,16823,0.267,0.8,133.3,2,0.809,11,116000,24,5413,68.2,1
R106019,19,22,525,17778,0.344,0.904,149.4,1,0.9,14,90000,24,4200,73.0,0
R106020,34,15,182,9652,0.495,0.714,72.8,2,0.711,20,99000,24,4620,52.7,0
R106021,19,25,598,23041,0.21,0.823,133.8,3,0.82,17,40000,24,1867,78.9,1
R106022,9,21,597,13432,0.198,0.873,130.2,2,0.852,7,55000,24,2567,74.5,0
R106023,14,27,658,19105,0.119,0.908,190.0,0,0.989,10,40000,18,2489,85.5,1
R106024,7,30,847,25415,0.229,0.814,159.5,0,0.866,5,73000,24,3407,75.6,1
R106025,14,18,385,11331,0.231,0.861,139.5,1,0.861,8,64000,24,2987,70.6,0
R106026,10,18,292,8000,0.368,0.711,82.5,3,0.715,6,85000,30,3173,53.0,0
R106027,15,22,474,14521,0.351,0.871,122.1,1,0.913,9,84000,30,3136,67.8,0
R106028,20,15,323,13675,0.445,0.773,83.6,1,0.817,11,98000,30,3659,58.6,0
R106029,7,24,561,21078,0.173,0.766,98.0,2,0.825,3,94000,30,3509,70.9,1
R106030,12,21,492,17210,0.203,0.773,98.7,2,0.812,7,73000,24,3407,70.8,0
R106031,6,20,440,13722,0.219,0.907,125.2,1,0.842,3,97000,36,3018,68.4,1
R106032,7,23,624,19356,0.162,0.902,132.8,4,0.812,6,59000,12,5507,76.5,1
R106033,13,26,728,23106,0.154,0.849,161.0,1,0.901,12,79000,24,3687,82.8,0
R106034,9,28,798,20348,0.183,0.881,135.8,1,1.0,7,55000,36,1711,82.2,1
R106035,27,29,720,14714,0.362,0.746,123.8,1,0.796,16,74000,36,2302,74.8,0
R106036,3,16,338,8000,0.365,0.704,109.6,2,0.765,3,67000,30,2501,50.6,0
R106037,30,24,577,12943,0.241,0.932,132.4,1,0.848,22,103000,30,3845,82.7,0
R106038,19,23,556,13972,0.267,0.767,146.0,1,0.876,14,90000,30,3360,74.1,0
R106039,17,15,386,14240,0.405,0.643,94.3,3,0.749,15,67000,24,3127,56.7,0
R106040,19,19,292,8000,0.327,0.659,107.6,3,0.771,14,72000,24,3360,60.1,0
R106041,18,18,250,8000,0.34,0.585,75.8,2,0.723,12,76000,36,2364,55.9,0
R106042,9,21,513,12432,0.268,0.768,111.3,1,0.87,6,70000,18,4356,66.2,0
R106043,20,24,483,13385,0.288,0.879,97.6,1,0.884,11,75000,36,2333,74.4,1
R106044,14,24,529,17497,0.271,0.727,164.4,0,0.865,9,86000,12,8027,68.7,0
R106045,3,22,436,9304,0.148,0.796,179.8,1,0.915,3,64000,24,2987,68.5,1
R106046,7,26,713,15116,0.232,0.806,127.7,1,0.988,4,71000,30,2651,74.4,1
R106047,6,26,557,11878,0.189,0.827,134.5,1,0.907,3,82000,24,3827,71.5,0
R106048,10,28,824,24278,0.28,0.829,157.6,0,0.891,9,110000,24,5133,75.6,1
R106049,2,18,382,9981,0.426,0.599,87.5,2,0.637,1,83000,18,5164,44.1,1
R106050,18,15,297,8000,0.33,0.636,91.3,2,0.7,12,82000,24,3827,58.4,0
R106051,20,21,579,12621,0.204,0.899,145.7,0,0.881,18,84000,36,2613,81.7,1
R106052,8,24,534,10761,0.142,0.793,148.6,1,0.841,8,57000,24,2660,73.6,0
R106053,15,14,269,8000,0.349,0.672,95.9,2,0.809,11,76000,18,4729,56.9,0
R106054,28,16,218,8000,0.389,0.771,107.8,2,0.729,23,55000,30,2053,60.8,0
R106055,9,30,590,12680,0.255,0.931,136.8,0,0.91,8,76000,24,3547,73.5,1
R106056,9,25,524,11418,0.201,0.841,138.5,1,0.919,8,50000,24,2333,72.6,1
R106057,10,26,768,25212,0.208,0.815,160.7,2,0.877,9,67000,12,6253,77.8,0
R106058,17,19,461,14814,0.262,0.862,141.6,0,0.955,10,105000,18,6533,73.7,1
R106059,9,18,360,10032,0.388,0.665,101.2,1,0.804,8,88000,24,4107,53.0,0
R106060,10,23,625,18195,0.298,0.795,91.2,1,0.814,8,89000,24,4153,68.5,1
R106061,17,16,306,8000,0.364,0.879,103.1,2,0.802,9,82000,18,5102,63.1,1
R106062,16,25,537,15694,0.171,0.882,160.9,1,0.889,7,101000,24,4713,79.6,1
R106063,8,9,147,8000,0.509,0.602,64.5,3,0.579,4,108000,18,6720,37.0,0
R106064,6,22,555,10656,0.262,0.797,111.2,2,0.858,4,70000,30,2613,66.3,1
R106065,9,20,490,17687,0.09,0.903,119.2,0,0.952,5,93000,24,4340,79.6,1
R106066,11,25,676,19881,0.21,0.877,152.3,1,0.884,6,85000,30,3173,77.5,0
R106067,13,16,373,8375,0.386,0.733,95.5,1,0.86,12,40000,30,1493,58.5,1
R106068,12,18,443,11033,0.28,0.692,81.7,4,0.743,8,56000,24,2613,62.7,0
R106069,5,28,563,15766,0.207,0.857,159.6,0,0.966,4,108000,18,6720,71.4,0
R106070,9,26,917,27247,0.253,0.96,170.9,1,0.901,7,112000,18,6969,79.4,1
R106071,2,23,668,24495,0.352,0.771,136.5,1,0.8,1,56000,24,2613,61.2,0
R106072,13,23,415,14782,0.292,0.764,108.0,1,0.885,13,71000,18,4418,65.5,1
R106073,5,24,585,8000,0.21,0.869,148.4,1,0.918,3,113000,24,5273,72.1,1
R106074,4,23,512,20867,0.318,0.877,152.1,1,0.95,3,76000,30,2837,64.0,0
R106075,10,25,813,11454,0.223,0.938,128.3,1,0.837,8,88000,36,2738,80.3,1
R106076,15,16,281,8000,0.266,0.668,110.6,2,0.825,10,107000,24,4993,61.4,0
R106077,12,20,339,10033,0.284,0.786,139.3,1,0.888,10,67000,12,6253,63.6,0
R106078,29,27,564,8757,0.183,0.834,130.4,1,0.842,27,106000,30,3957,82.9,1
R106079,3,20,242,8000,0.374,0.631,72.8,2,0.803,2,96000,24,4480,46.2,0
R106080,3,28,706,20050,0.218,0.882,131.9,1,0.905,1,72000,24,3360,73.3,1
R106081,8,23,650,12604,0.208,0.797,119.1,1,0.853,7,86000,24,4013,72.8,1
R106082,19,20,453,8000,0.447,0.743,123.3,1,0.81,13,66000,24,3080,60.9,1
R106083,8,18,503,11882,0.274,0.778,100.5,2,0.753,4,95000,24,4433,64.5,0
R106084,6,17,414,11724,0.297,0.796,108.1,1,0.88,5,91000,24,4247,61.4,1
R106085,15,28,627,15572,0.239,0.929,126.1,1,0.879,14,64000,18,3982,78.9,1
R106086,9,29,805,21770,0.146,0.866,144.4,0,0.927,7,103000,36,3204,82.9,1
R106087,24,23,564,15929,0.183,0.752,150.7,0,0.927,18,72000,18,4480,81.7,0
R106088,10,23,559,16656,0.267,0.722,107.4,1,0.821,7,52000,36,1618,66.5,1
R106089,20,21,491,16674,0.366,0.751,105.3,2,0.827,9,58000,30,2165,66.6,0
R106090,10,23,581,12140,0.378,0.789,99.2,1,0.906,7,73000,30,2725,64.1,1
R106091,15,22,468,11193,0.453,0.754,123.8,1,0.808,7,82000,30,3061,58.2,0
R106092,21,24,419,11300,0.322,0.807,127.3,1,0.838,11,80000,30,2987,69.7,0
R106093,3,23,551,10823,0.245,0.731,129.2,1,0.871,2,51000,24,2380,63.8,1
R106094,2,22,600,14172,0.327,0.953,110.3,1,0.812,1,80000,30,2987,65.3,0
R106095,3,22,561,10900,0.297,0.789,123.2,2,0.849,2,64000,30,2389,62.8,0
R106096,6,21,339,10369,0.294,0.785,132.7,1,0.918,4,66000,24,3080,59.5,0
R106097,22,25,648,19038,0.177,0.975,123.6,1,0.923,16,73000,12,6813,88.5,1
R106098,32,27,720,22319,0.192,0.713,117.7,2,0.771,16,72000,24,3360,82.6,1
R106099,11,21,528,18335,0.315,0.88,154.2,0,0.929,5,96000,12,8960,68.9,1
R106100,9,24,593,14090,0.225,0.835,140.1,0,0.92,8,102000,24,4760,72.6,0
R106101,14,23,638,21479,0.196,0.808,155.9,0,0.863,6,86000,12,8027,77.6,0
R106102,7,22,416,9078,0.322,0.826,128.2,1,0.85,3,59000,24,2753,61.1,0
R106103,14,25,656,11994,0.146,0.85,112.1,1,0.878,11,60000,24,2800,81.6,0
R106104,22,25,634,17342,0.341,0.793,156.6,0,0.909,10,75000,24,3500,74.5,0
R106105,14,19,405,10946,0.224,0.884,113.4,2,0.802,11,66000,36,2053,71.7,0
R106106,5,18,318,8568,0.217,0.74,121.2,2,0.772,3,91000,24,4247,60.1,0
R106107,11,19,504,15152,0.387,0.865,124.2,2,0.792,6,66000,24,3080,62.6,0
R106108,34,20,533,15917,0.406,0.985,136.0,1,0.946,29,78000,12,7280,75.3,1
R106109,15,28,828,30020,0.147,0.788,96.7,0,0.923,7,104000,36,3236,85.0,0
R106110,8,28,731,17388,0.214,0.981,190.0,0,1.0,7,97000,30,3621,80.8,0
R106111,7,26,559,12110,0.493,0.873,114.9,1,0.881,5,55000,30,2053,57.1,0
R106112,8,25,705,20462,0.08,0.931,147.2,0,0.98,5,70000,24,3267,85.6,1
R106113,18,27,655,14621,0.21,0.974,130.1,0,0.887,15,80000,24,3733,84.2,1
R106114,13,22,647,17120,0.304,0.846,125.4,1,0.895,10,76000,30,2837,72.7,1
R106115,5,18,464,13232,0.287,0.847,109.8,2,0.824,3,77000,30,2875,63.5,0
R106116,21,28,646,19363,0.377,0.772,110.9,1,0.901,16,60000,12,5600,71.8,0
R106117,33,17,340,12216,0.41,0.791,91.3,2,0.757,30,76000,18,4729,63.5,0
R106118,14,29,601,20186,0.111,0.96,151.3,0,0.912,7,83000,24,3873,85.0,1
R106119,23,18,438,16526,0.304,0.685,104.7,2,0.788,11,101000,24,4713,68.7,1
R106120,5,19,370,12184,0.221,0.749,135.1,1,0.834,2,114000,18,7093,62.0,0
R106121,10,18,352,10915,0.321,0.803,83.4,2,0.698,10,118000,18,7342,59.5,0
R106122,4,23,494,13211,0.279,0.761,144.8,2,0.834,3,68000,24,3173,62.0,0
R106123,19,24,546,11095,0.422,0.906,113.2,2,0.821,10,98000,36,3049,68.2,0
R106124,11,17,426,9916,0.245,0.828,99.9,3,0.85,7,70000,24,3267,68.3,0
R106125,2,24,708,20813,0.19,0.966,158.3,0,1.0,1,92000,24,4293,77.4,1
R106126,5,23,625,18986,0.405,0.78,118.2,1,0.834,4,90000,24,4200,59.5,0
R106127,11,13,278,8000,0.486,0.605,44.9,3,0.646,6,55000,24,2567,43.7,0
R106128,3,22,421,11102,0.368,0.597,93.6,2,0.744,3,106000,24,4947,49.7,0
R106129,5,21,512,17096,0.272,0.847,138.0,1,0.853,3,116000,36,3609,65.7,1
R106130,22,23,595,20030,0.173,0.826,125.7,1,0.875,13,69000,24,3220,83.2,1
R106131,7,22,375,8707,0.342,0.803,82.1,3,0.721,5,84000,24,3920,57.0,0
R106132,13,17,339,8000,0.467,0.761,126.0,2,0.835,10,116000,30,4331,53.9,0
R106133,20,26,741,27565,0.169,1.0,153.7,0,0.907,16,92000,24,4293,90.5,1
R106134,18,22,570,10306,0.365,0.734,125.3,1,0.91,16,81000,18,5040,67.9,1
R106135,28,24,565,14921,0.195,0.876,162.0,1,0.897,21,87000,36,2707,83.9,0
R106136,21,19,556,20941,0.382,0.794,132.7,3,0.717,18,81000,36,2520,68.2,0
R106137,13,21,412,11215,0.396,0.784,124.1,1,0.791,6,103000,24,4807,59.4,1
R106138,4,11,226,8284,0.292,0.723,94.3,2,0.756,3,108000,24,5040,52.3,0
R106139,11,29,708,22332,0.167,0.818,153.2,0,0.923,7,61000,36,1898,79.6,0
R106140,18,18,446,13365,0.317,0.822,128.7,1,0.814,12,41000,18,2551,68.6,1
R106141,6,30,780,22885,0.252,0.882,144.2,0,0.931,5,60000,24,2800,75.5,1
R106142,22,20,388,11662,0.329,0.94,125.7,2,0.82,13,50000,24,2333,72.2,0
R106143,11,14,336,8366,0.393,0.697,51.7,2,0.746,10,81000,30,3024,54.0,1
R106144,18,23,547,16038,0.201,0.823,130.2,2,0.814,15,84000,24,3920,77.2,1
R106145,18,19,431,10032,0.362,0.781,96.5,3,0.764,10,85000,30,3173,64.3,0
R106146,18,25,553,19354,0.165,0.907,111.9,1,0.871,16,45000,36,1400,82.2,1
R106147,8,23,520,23701,0.329,0.683,110.5,1,0.798,5,109000,18,6782,60.0,1
R106148,28,23,598,18190,0.178,0.906,98.0,1,0.783,14,64000,36,1991,85.3,1
R106149,25,22,471,11604,0.211,0.855,147.2,1,0.873,19,69000,30,2576,80.0,1
R106150,12,26,764,18380,0.22,0.898,172.2,0,0.899,10,81000,24,3780,80.9,1
R106151,5,18,365,13299,0.42,0.751,114.3,1,0.756,3,88000,24,4107,50.5,0
R106152,8,17,348,8000,0.308,0.631,92.8,2,0.734,7,80000,36,2489,55.1,1
R106153,8,19,503,17737,0.188,0.806,119.8,0,0.886,5,88000,24,4107,71.0,0
R106154,3,25,632,20501,0.19,0.931,155.1,0,0.968,3,76000,30,2837,75.1,0
R106155,7,20,449,12154,0.36,0.715,94.6,2,0.755,3,108000,30,4032,56.3,0
R106156,1,24,424,11362,0.178,0.819,126.5,2,0.924,1,44000,30,1643,65.8,0
R106157,16,30,629,17497,0.108,1.0,121.0,1,0.921,12,75000,24,3500,88.4,1
R106158,10,23,354,14445,0.304,0.676,102.5,2,0.771,5,115000,18,7156,58.0,0
R106159,19,27,511,11244,0.267,0.821,123.1,1,0.91,12,71000,24,3313,74.2,0
R106160,9,28,826,26624,0.088,0.95,117.8,0,0.966,5,67000,30,2501,88.7,1
R106161,3,22,558,17580,0.355,0.787,104.6,1,0.858,3,71000,24,3313,59.7,1
R106162,5,25,607,19477,0.281,0.963,168.4,0,0.869,4,98000,36,3049,70.2,1
R106163,11,21,634,16355,0.387,0.761,121.3,2,0.886,6,106000,30,3957,64.5,0
R106164,11,28,778,17784,0.212,0.946,168.1,0,0.914,9,84000,24,3920,82.2,1
R106165,7,14,183,8000,0.478,0.603,36.8,4,0.568,4,64000,36,1991,38.7,0
R106166,7,24,463,8000,0.214,0.844,132.2,2,0.85,4,54000,12,5040,68.3,0
R106167,19,22,449,9681,0.25,0.76,134.3,1,0.89,10,65000,30,2427,72.2,0
R106168,2,20,394,8000,0.324,0.727,115.6,2,0.718,2,63000,24,2940,53.9,0
R106169,14,26,473,14542,0.153,0.769,131.7,1,0.93,8,113000,30,4219,75.3,1
R106170,9,20,324,8000,0.393,0.717,124.2,1,0.796,8,72000,30,2688,53.4,0
R106171,19,21,517,13064,0.217,0.739,122.8,2,0.843,18,56000,36,1742,74.6,0
R106172,35,25,657,18812,0.196,0.859,158.0,1,0.909,28,44000,24,2053,85.9,0
R106173,4,18,357,12080,0.29,0.769,107.3,1,0.916,2,83000,30,3099,58.8,0
R106174,17,29,764,14521,0.248,0.711,145.1,0,0.945,12,75000,30,2800,78.2,0
R106175,17,21,549,17447,0.209,0.833,168.5,1,0.905,15,95000,30,3547,77.2,1
R106176,6,26,590,11724,0.247,0.691,123.7,2,0.826,5,77000,12,7187,65.3,0
R106177,8,14,204,8000,0.432,0.73,99.8,4,0.753,6,81000,24,3780,47.3,0
R106178,10,21,536,16907,0.437,0.874,176.7,0,0.911,7,96000,18,5973,61.7,0
R106179,16,20,413,9991,0.445,0.77,121.7,1,0.831,15,82000,24,3827,58.8,0
R106180,12,27,484,14316,0.208,0.844,166.7,0,0.96,7,73000,24,3407,73.6,1
R106181,26,26,674,17596,0.105,0.916,164.9,0,0.986,19,83000,12,7747,93.3,1
R106182,6,24,600,15214,0.193,0.673,109.7,3,0.793,4,96000,18,5973,67.4,1
R106183,11,20,523,8503,0.34,0.797,135.0,2,0.785,7,82000,18,5102,64.0,0
R106184,14,28,866,23646,0.213,0.867,146.6,0,0.972,13,88000,24,4107,83.0,1
R106185,9,19,363,13371,0.248,0.965,122.5,1,0.911,8,54000,24,2520,69.1,1
R106186,5,18,293,12883,0.333,0.649,100.6,1,0.84,5,55000,18,3422,51.8,1
R106187,23,21,418,9232,0.239,0.89,134.1,1,0.865,20,84000,18,5227,77.1,0
R106188,13,22,342,9243,0.215,0.87,155.2,1,0.893,8,55000,30,2053,70.5,1
R106189,2,25,509,15054,0.281,0.84,146.0,1,0.907,2,77000,12,7187,63.7,1
R106190,7,21,395,13407,0.369,0.911,132.1,1,0.821,5,75000,24,3500,60.2,1
R106191,6,23,493,14031,0.447,0.794,95.7,1,0.858,6,85000,24,3967,55.2,1
R106192,29,27,786,23019,0.268,0.9,176.1,0,1.0,21,97000,30,3621,87.3,1
R106193,9,24,571,16761,0.162,0.953,139.8,0,1.0,8,74000,30,2763,79.7,0
R106194,26,25,642,20745,0.195,0.83,162.6,0,0.949,20,59000,24,2753,85.2,1
R106195,15,24,650,20136,0.312,0.81,131.8,0,0.956,10,69000,24,3220,73.4,1
R106196,15,26,477,8105,0.419,0.828,116.7,1,0.888,10,91000,12,8493,62.8,1
R106197,7,17,423,9697,0.413,0.689,105.7,1,0.848,4,74000,24,3453,53.1,0
R106198,9,9,147,8000,0.383,0.625,84.3,2,0.689,5,72000,30,2688,46.1,0
R106199,4,19,450,8000,0.406,0.726,120.3,1,0.803,3,95000,36,2956,52.7,0
R106200,21,23,630,19909,0.161,0.829,161.4,0,0.912,14,101000,36,3142,84.3,1
R106201,21,16,308,8000,0.384,0.833,95.4,3,0.755,19,66000,36,2053,63.1,0
R106202,15,24,526,13716,0.334,0.898,115.2,2,0.941,12,80000,24,3733,70.8,1
R106203,12,18,344,8000,0.346,0.788,116.8,1,0.852,7,52000,24,2427,60.3,1
R106204,10,26,588,19461,0.185,0.979,142.0,0,0.892,7,59000,24,2753,79.0,1
R106205,29,15,397,8000,0.276,0.623,92.7,2,0.797,26,61000,18,3796,68.2,0
R106206,23,30,695,11639,0.226,0.796,140.3,2,0.931,20,62000,36,1929,83.2,1
R106207,13,28,556,17085,0.258,0.847,143.7,0,0.956,9,89000,36,2769,73.6,0
R106208,8,17,525,9038,0.281,0.712,95.9,2,0.786,7,78000,30,2912,63.2,0
R106209,7,17,425,12171,0.209,0.725,122.9,2,0.684,6,69000,30,2576,63.5,1
R106210,28,23,553,17011,0.345,0.907,143.9,1,0.857,19,40000,30,1493,76.1,1
R106211,6,28,856,24491,0.113,1.0,154.2,0,0.962,5,98000,24,4573,86.9,1
R106212,11,20,400,8290,0.318,0.813,113.7,2,0.88,6,120000,24,5600,63.4,1
R106213,17,21,468,14468,0.245,0.89,134.1,0,0.93,10,68000,36,2116,74.9,1
R106214,20,18,323,8000,0.211,0.913,146.9,2,0.879,15,68000,24,3173,75.1,1
R106215,14,20,271,8000,0.322,0.746,110.3,3,0.777,11,61000,24,2847,59.3,0
R106216,12,25,797,26331,0.286,0.947,139.1,0,0.962,9,52000,18,3236,80.0,0
R106217,12,23,529,16115,0.152,0.836,139.9,1,0.831,8,98000,24,4573,76.0,1
R106218,10,20,451,9881,0.264,0.949,185.6,0,0.964,5,106000,18,6596,71.2,1
R106219,5,28,817,23204,0.188,0.987,143.1,0,1.0,4,92000,24,4293,82.2,1
R106220,18,24,705,16445,0.164,0.758,145.0,0,0.844,11,62000,36,1929,82.0,1
R106221,8,20,569,11575,0.236,0.932,146.0,0,0.93,8,84000,30,3136,73.7,0
R106222,4,21,344,12362,0.301,0.752,121.2,1,0.801,4,69000,24,3220,56.5,1
R106223,6,22,566,15243,0.316,0.76,118.1,1,0.818,4,99000,24,4620,62.3,1
R106224,13,14,330,9241,0.469,0.688,77.4,3,0.729,12,101000,24,4713,50.6,0
R106225,18,22,392,8000,0.375,0.809,126.1,1,0.852,14,49000,24,2287,64.0,0
R106226,13,18,241,8828,0.253,0.769,131.7,2,0.825,12,78000,36,2427,62.5,1
R106227,11,18,387,10687,0.272,0.894,165.8,0,0.933,7,103000,18,6409,67.9,1
R106228,11,23,480,11989,0.379,0.897,158.9,1,0.911,7,63000,24,2940,64.8,0
R106229,7,23,737,15705,0.116,0.903,147.7,0,0.988,5,91000,36,2831,83.1,1
R106230,21,17,281,8000,0.25,0.717,131.1,2,0.866,16,85000,30,3173,67.8,1
R106231,6,23,517,9530,0.195,0.79,133.2,1,0.842,5,96000,36,2987,68.5,0
R106232,14,20,343,8573,0.455,0.825,128.1,2,0.726,9,40000,30,1493,55.7,0
R106233,20,25,658,14977,0.319,0.744,117.0,1,0.861,15,70000,30,2613,73.7,0
R106234,14,24,627,17392,0.249,0.862,108.4,2,0.843,11,77000,24,3593,75.3,0
R106235,17,26,630,21218,0.27,1.0,125.3,0,0.956,14,109000,24,5087,80.8,0
R106236,7,20,456,20103,0.329,0.695,123.1,1,0.97,4,66000,36,2053,59.7,0
R106237,14,15,329,8379,0.315,0.831,111.5,1,0.839,7,99000,18,6160,63.8,0
R106238,19,29,843,17265,0.366,0.773,140.7,2,0.836,10,98000,24,4573,74.8,1
R106239,18,25,414,15737,0.244,0.803,140.6,1,0.837,9,69000,36,2147,71.6,1
R106240,20,26,474,10564,0.212,0.768,125.5,1,0.91,15,76000,24,3547,75.4,0
R106241,10,15,382,13352,0.454,0.67,108.1,2,0.677,8,64000,30,2389,49.3,0
R106242,22,18,430,17930,0.421,0.639,70.7,3,0.68,12,99000,36,3080,59.2,0
R106243,13,21,408,13442,0.197,0.687,143.0,1,0.863,7,48000,18,2987,67.7,1
R106244,9,28,928,24120,0.08,0.94,150.1,2,0.88,5,40000,12,3733,88.0,1
R106245,28,23,569,21027,0.202,0.834,120.4,2,0.758,15,120000,18,7467,81.2,0
R106246,2,21,471,18137,0.251,0.686,120.4,1,0.789,2,66000,36,2053,59.4,0
R106247,12,22,701,16697,0.311,0.675,97.5,1,0.82,7,49000,36,1524,68.0,0
R106248,7,21,430,16086,0.299,0.775,145.0,2,0.857,4,106000,24,4947,61.7,1
R106249,18,26,509,15376,0.145,0.907,145.1,1,0.889,17,50000,30,1867,82.3,0
R106250,7,16,351,8000,0.346,0.643,130.8,2,0.724,6,104000,18,6471,52.4,0
R106251,3,19,463,9144,0.246,0.799,133.7,1,0.889,3,94000,24,4387,63.8,0
R106252,9,21,582,13013,0.321,0.699,133.7,2,0.861,8,78000,30,2912,63.4,0
R106253,9,24,574,11585,0.33,0.766,121.1,2,0.806,8,58000,24,2707,64.3,1
R106254,8,22,432,16305,0.387,0.747,132.7,2,0.792,4,73000,18,4542,56.1,0
R106255,4,23,660,15212,0.334,0.812,148.3,1,0.929,4,60000,36,1867,65.5,0
R106256,11,28,724,25327,0.133,0.866,113.1,0,0.913,6,76000,24,3547,82.7,1
R106257,3,28,682,25216,0.198,0.938,182.1,0,0.969,2,80000,18,4978,75.8,0
R106258,11,20,519,13621,0.273,0.808,130.6,1,0.883,8,43000,18,2676,68.4,1
R106259,11,21,473,19538,0.229,0.783,156.6,1,0.824,5,72000,18,4480,68.6,0
R106260,26,20,339,15664,0.31,0.841,132.6,1,0.831,23,66000,24,3080,70.7,1
R106261,13,20,582,14681,0.404,0.772,108.5,1,0.851,6,94000,24,4387,63.6,0
R106262,3,17,439,12431,0.381,0.808,99.7,2,0.756,2,93000,24,4340,54.8,0
R106263,15,27,803,22348,0.223,0.931,142.6,0,0.889,12,86000,24,4013,84.3,0
R106264,29,29,700,20452,0.208,0.951,146.8,0,0.926,18,56000,36,1742,88.8,0
R106265,7,23,437,12775,0.163,0.93,140.8,2,0.784,6,101000,24,4713,72.0,1
R106266,11,23,573,18729,0.307,0.784,146.9,1,0.814,10,82000,36,2551,66.9,0
R106267,9,13,266,8000,0.408,0.646,57.3,2,0.75,6,64000,36,1991,49.0,0
R106268,11,21,473,18957,0.168,0.727,139.1,0,0.892,10,87000,36,2707,71.3,0
R106269,11,22,570,15519,0.238,0.758,126.0,2,0.735,10,76000,30,2837,69.1,1
R106270,11,22,599,19342,0.322,0.956,130.4,0,0.952,9,78000,18,4853,72.4,0
R106271,7,19,424,14851,0.28,0.713,125.5,1,0.798,3,80000,36,2489,60.5,1
R106272,10,21,520,20891,0.323,0.837,148.6,1,0.844,9,59000,30,2203,65.8,1
R106273,12,26,508,17181,0.255,0.763,126.5,1,0.941,10,40000,30,1493,69.5,1
R106274,13,24,572,18783,0.311,0.813,148.2,0,1.0,9,69000,30,2576,70.5,0
R106275,14,24,463,12546,0.09,0.906,160.5,0,0.971,7,42000,30,1568,82.3,1
R106276,23,25,653,18077,0.393,0.7,127.4,1,0.777,15,72000,18,4480,69.7,0
R106277,17,28,697,11643,0.367,0.948,143.6,1,0.855,10,95000,12,8867,75.0,0
R106278,13,23,650,19863,0.227,0.818,127.8,1,0.874,7,41000,36,1276,75.8,0
R106279,9,18,410,8000,0.43,0.675,102.6,3,0.712,6,91000,18,5662,51.6,1
R106280,37,24,698,14919,0.147,0.906,150.9,0,0.919,22,95000,24,4433,90.8,1
R106281,3,26,674,20738,0.16,0.957,171.4,0,0.962,2,72000,30,2688,78.0,1
R106282,14,22,544,11875,0.132,0.837,141.7,0,1.0,12,74000,24,3453,80.6,1
R106283,19,27,520,18521,0.271,0.897,152.1,0,0.856,11,81000,24,3780,75.6,0
R106284,12,18,317,13008,0.346,0.713,80.7,2,0.758,8,69000,24,3220,56.9,0
R106285,7,17,337,12223,0.354,0.67,83.1,2,0.685,5,71000,30,2651,52.1,0
R106286,15,22,506,12052,0.178,0.874,97.4,1,0.922,8,95000,12,8867,78.1,0
R106287,5,27,706,23633,0.27,0.886,140.5,1,0.921,5,55000,24,2567,72.4,0
R106288,19,22,581,19180,0.242,0.864,119.1,1,0.848,16,71000,30,2651,77.8,0
R106289,5,23,478,8000,0.205,0.986,148.5,0,0.976,3,63000,18,3920,73.0,1
R106290,25,12,258,8000,0.334,0.682,100.5,2,0.726,18,81000,24,3780,62.4,0
R106291,15,20,435,12330,0.199,0.864,103.3,1,0.769,13,50000,30,1867,73.5,1
R106292,12,25,665,12335,0.179,0.827,149.4,1,0.956,10,88000,18,5476,79.4,0
R106293,10,19,362,8000,0.3,0.694,123.0,3,0.764,7,58000,24,2707,58.9,0
R106294,11,17,284,11527,0.322,0.747,92.6,2,0.787,8,77000,30,2875,57.9,0
R106295,6,22,523,16538,0.311,0.84,118.1,0,0.983,3,57000,36,1773,65.5,1
R106296,12,15,357,13991,0.51,0.67,88.6,3,0.762,7,63000,30,2352,48.1,0
R106297,9,21,391,8000,0.283,0.795,124.9,1,0.892,6,57000,24,2660,63.4,0
R106298,8,19,384,14951,0.4,0.872,147.3,1,0.951,5,63000,24,2940,59.2,0
R106299,35,23,482,9976,0.201,0.851,148.6,0,0.946,33,80000,24,3733,81.4,0
R106300,9,30,668,15909,0.233,1.0,147.0,0,1.0,4,99000,30,3696,79.2,1
R106301,10,30,567,18734,0.256,0.964,146.9,1,0.87,9,44000,24,2053,73.8,1
R106302,21,29,641,25665,0.223,0.984,155.2,1,0.904,12,80000,36,2489,85.3,1
R106303,6,23,443,18651,0.237,0.716,135.3,2,0.818,5,66000,24,3080,62.6,1
R106304,24,17,380,13126,0.27,0.776,120.3,1,0.834,16,84000,36,2613,72.2,0
R106305,10,30,588,14077,0.194,0.888,183.8,0,0.985,9,86000,36,2676,76.7,1
R106306,7,22,439,13370,0.232,0.803,126.5,3,0.757,5,56000,24,2613,64.7,0
R106307,3,21,570,17767,0.264,0.873,144.9,0,0.897,2,77000,24,3593,67.1,1
R106308,23,29,594,14956,0.181,0.765,128.3,1,0.768,21,61000,24,2847,80.5,1
R106309,8,22,646,18601,0.364,0.844,121.1,2,0.803,5,71000,36,2209,65.3,0
R106310,9,26,592,15845,0.247,0.942,135.9,1,0.791,6,92000,12,8587,73.3,1
R106311,9,25,694,21923,0.109,1.0,140.0,1,0.911,5,88000,24,4107,85.8,1
R106312,8,23,497,11656,0.277,0.885,135.7,1,0.752,4,72000,36,2240,66.6,0
R106313,15,27,685,15060,0.218,0.778,141.9,0,0.889,12,89000,24,4153,77.8,1
R106314,20,23,452,18601,0.386,0.585,116.4,2,0.772,14,76000,24,3547,59.7,0
R106315,36,24,550,14160,0.409,0.799,112.2,1,0.815,26,56000,30,2091,69.6,1
R106316,26,20,381,9271,0.318,0.801,107.5,1,0.827,24,79000,24,3687,70.3,0
R106317,12,24,618,17780,0.245,0.905,124.7,2,0.854,11,66000,24,3080,75.6,1
R106318,19,24,690,19322,0.362,0.929,138.9,0,0.937,12,86000,30,3211,76.8,1
R106319,30,23,612,16584,0.08,0.987,114.7,0,0.986,23,81000,24,3780,94.8,1
R106320,21,14,258,8000,0.296,0.651,109.3,2,0.747,14,64000,30,2389,61.7,1
R106321,13,19,417,9101,0.432,0.763,107.3,1,0.808,7,49000,30,1829,57.0,1
R106322,15,25,493,12290,0.29,0.815,110.4,1,0.886,9,84000,36,2613,70.2,0
R106323,25,24,594,21374,0.319,0.862,144.8,1,0.864,17,82000,18,5102,77.5,1
R106324,2,22,497,15378,0.385,0.782,152.0,1,0.801,2,85000,36,2644,55.3,1
R106325,10,23,542,16214,0.117,0.783,115.6,1,0.887,10,70000,24,3267,76.5,1
R106326,2,20,566,12479,0.348,0.744,152.9,1,0.888,1,69000,18,4293,58.6,0
R106327,5,20,452,12769,0.311,0.81,114.4,1,0.848,2,65000,24,3033,60.9,0
R106328,1,21,397,8311,0.218,0.677,115.9,1,0.868,1,107000,36,3329,59.0,0
R106329,10,16,336,10163,0.379,0.625,107.5,3,0.694,8,60000,36,1867,51.3,0
R106330,28,23,506,13161,0.324,0.801,99.2,1,0.782,26,69000,24,3220,72.7,0
R106331,23,23,402,12396,0.288,0.875,125.1,1,0.831,13,91000,18,5662,73.6,1
R106332,7,26,598,14879,0.161,0.864,160.2,1,0.838,4,110000,24,5133,74.8,0
R106333,15,17,356,15027,0.34,0.832,84.8,2,0.909,10,84000,30,3136,64.7,0
R106334,6,17,385,11135,0.339,0.678,132.0,2,0.786,3,40000,30,1493,54.3,0
R106335,12,25,540,9652,0.183,0.904,118.4,1,0.905,10,54000,18,3360,77.4,1
R106336,26,16,304,8832,0.378,0.642,90.8,2,0.689,13,73000,18,4542,59.9,0
R106337,4,27,630,23069,0.259,0.844,123.1,0,0.955,3,94000,30,3509,69.7,0
R106338,14,29,1000,32226,0.159,0.958,149.0,0,0.938,11,116000,18,7218,87.9,0
R106339,18,28,649,16641,0.217,0.673,129.1,1,0.878,9,65000,24,3033,76.2,1
R106340,8,22,441,8834,0.371,0.655,84.3,2,0.724,4,44000,18,2738,54.1,1
R106341,14,30,811,20761,0.11,0.853,130.2,0,0.874,6,64000,24,2987,87.1,1
R106342,6,24,570,15083,0.187,0.835,147.9,0,0.952,6,75000,30,2800,73.0,1
R106343,13,30,654,24003,0.238,0.808,127.2,1,0.943,12,54000,30,2016,75.6,1
R106344,13,30,921,26182,0.265,0.858,140.3,1,0.879,11,99000,30,3696,78.5,0
R106345,4,15,316,11334,0.408,0.681,106.7,2,0.756,3,66000,24,3080,47.6,1
R106346,3,24,663,13136,0.126,0.999,152.9,0,0.92,2,79000,36,2458,80.4,0
R106347,3,23,599,18146,0.338,0.734,135.8,1,0.847,2,73000,18,4542,60.0,0
R106348,16,22,487,15451,0.264,0.799,124.4,1,0.812,12,94000,24,4387,70.6,0
R106349,14,17,414,15357,0.275,0.743,96.9,1,0.785,9,83000,12,7747,65.5,0
R106350,12,18,434,8000,0.204,0.843,121.0,2,0.784,7,64000,36,1991,70.7,1
R106351,10,24,527,18586,0.181,0.873,126.4,1,0.868,6,81000,30,3024,74.6,1
R106352,19,19,448,8336,0.389,0.684,98.1,2,0.8,12,85000,36,2644,62.1,0
R106353,9,24,517,16013,0.218,0.839,107.0,2,0.871,5,86000,18,5351,71.0,0
R106354,7,28,639,19445,0.204,0.884,115.1,1,0.87,6,88000,12,8213,74.5,0
R106355,5,18,364,10913,0.291,0.785,133.2,2,0.791,4,71000,24,3313,58.5,1
R106356,11,30,602,15563,0.294,0.848,106.5,1,0.902,5,46000,18,2862,71.2,1
R106357,13,30,827,26805,0.189,0.934,159.8,1,0.888,10,68000,24,3173,84.7,1
R106358,11,19,386,13150,0.092,0.872,121.3,1,0.886,6,86000,24,4013,76.6,1
R106359,18,23,548,13878,0.084,1.0,156.1,0,0.962,14,79000,18,4916,89.3,0
R106360,9,16,402,8000,0.483,0.676,121.1,2,0.753,8,73000,30,2725,49.1,0
R106361,42,18,413,16702,0.342,0.809,126.5,1,0.83,35,82000,36,2551,70.1,0
R106362,11,24,497,18966,0.155,0.857,121.9,2,0.768,8,61000,24,2847,74.8,0
R106363,8,26,730,19880,0.218,0.881,113.7,2,0.849,8,61000,30,2277,76.6,1
R106364,9,26,508,14787,0.331,0.91,153.4,0,0.907,5,68000,18,4231,66.8,1
R106365,15,21,425,12459,0.333,0.717,98.4,2,0.753,10,40000,24,1867,61.9,0
R106366,36,20,490,13613,0.276,0.765,101.6,1,0.782,28,63000,36,1960,73.9,0
R106367,7,26,710,24726,0.123,0.903,175.7,0,0.916,5,72000,30,2688,81.6,1
R106368,17,26,602,14986,0.28,0.789,115.9,1,0.843,8,70000,36,2178,73.2,1
R106369,14,18,384,8628,0.268,0.79,132.4,1,0.936,12,40000,30,1493,67.5,1
R106370,27,26,693,21653,0.33,0.963,150.9,0,0.933,24,59000,36,1836,82.6,1
R106371,7,21,443,13081,0.428,0.75,95.6,2,0.715,5,76000,30,2837,52.8,1
R106372,15,21,411,8938,0.338,0.811,114.2,1,0.797,10,68000,12,6347,64.6,0
R106373,21,18,355,12615,0.383,0.585,84.9,2,0.783,12,47000,30,1755,58.5,0
R106374,17,24,454,16433,0.243,0.748,117.9,1,0.844,8,81000,24,3780,70.3,1
R106375,20,16,321,13042,0.357,0.705,92.0,2,0.787,14,40000,24,1867,61.2,0
R106376,9,29,676,15611,0.138,0.838,153.6,1,0.87,4,72000,18,4480,79.1,0
R106377,13,18,529,12390,0.33,0.863,145.9,1,0.846,7,49000,24,2287,68.5,1
R106378,24,19,300,8000,0.402,0.658,80.9,2,0.684,16,40000,18,2489,58.6,0
R106379,3,25,716,26166,0.208,0.803,137.5,0,0.966,2,65000,24,3033,73.0,0
R106380,9,24,681,19639,0.144,0.693,124.1,1,0.893,7,79000,24,3687,75.6,0
R106381,6,28,823,26740,0.213,0.862,155.1,1,0.908,5,54000,18,3360,77.6,1
R106382,6,20,511,14757,0.263,0.748,138.2,1,0.778,4,84000,24,3920,63.4,1
R106383,14,27,631,18157,0.276,0.916,134.0,2,0.906,11,91000,24,4247,76.3,0
R106384,14,27,686,16227,0.292,0.854,142.4,1,0.885,11,45000,24,2100,75.0,0
R106385,9,22,575,15458,0.343,0.873,139.7,1,0.842,9,69000,30,2576,66.7,0
R106386,13,21,411,10685,0.107,0.82,141.3,1,0.86,10,80000,24,3733,76.0,0
R106387,11,30,585,8017,0.21,0.823,173.7,1,0.907,8,78000,36,2427,74.3,1
R106388,3,28,752,26079,0.28,0.856,148.6,0,0.92,2,68000,36,2116,70.7,1
R106389,5,19,475,13693,0.262,0.951,143.1,1,0.789,4,80000,36,2489,66.9,0
R106390,17,22,490,15299,0.321,0.689,119.0,1,0.83,15,87000,36,2707,65.6,1
R106391,6,24,617,17001,0.387,0.824,122.0,1,0.822,3,55000,24,2567,61.6,0
R106392,9,25,594,12182,0.127,0.897,137.6,0,0.923,6,90000,30,3360,79.9,1
R106393,15,30,922,22687,0.124,0.875,162.2,0,0.906,13,93000,24,4340,87.9,1
R106394,14,17,349,8000,0.296,0.772,113.0,1,0.828,13,75000,36,2333,63.6,0
R106395,7,16,322,8000,0.331,0.866,125.9,3,0.823,4,55000,18,3422,59.3,0
R106396,12,26,710,17109,0.296,0.715,145.4,1,0.874,6,111000,30,4144,70.2,0
R106397,9,16,310,9997,0.44,0.721,132.9,3,0.739,7,61000,30,2277,49.9,1
R106398,11,25,668,19878,0.335,0.761,172.5,0,0.931,6,97000,30,3621,68.2,0
R106399,26,18,473,10485,0.256,0.778,134.6,1,0.84,20,101000,18,6284,75.4,0
R106400,15,26,601,19899,0.306,0.868,136.3,1,0.916,13,56000,18,3484,73.6,1
R106401,11,25,662,19222,0.282,0.911,155.5,1,0.891,6,81000,36,2520,74.2,0
R106402,12,19,395,13336,0.385,0.749,98.9,2,0.779,10,61000,24,2847,57.7,0
R106403,2,20,418,11402,0.206,0.845,138.9,1,0.957,1,95000,36,2956,65.6,0
R106404,47,26,785,31675,0.151,0.965,182.1,0,0.958,37,70000,18,4356,94.6,1
R106405,23,19,484,12507,0.366,0.79,101.0,2,0.717,19,56000,12,5227,68.6,0
R106406,9,21,479,12654,0.346,0.844,129.4,1,0.896,7,74000,24,3453,63.5,1
R106407,3,23,508,12659,0.112,0.74,142.8,1,0.824,1,69000,18,4293,69.5,1
R106408,9,21,422,9618,0.344,0.792,141.3,1,0.804,6,49000,36,1524,60.1,0
R106409,21,17,331,11181,0.371,0.666,83.8,4,0.638,16,100000,24,4667,59.2,0
R106410,20,24,488,12174,0.311,0.831,118.1,2,0.737,15,60000,24,2800,70.5,1
R106411,11,30,696,8642,0.165,0.879,147.4,1,0.942,8,57000,30,2128,81.5,1
R106412,32,22,472,14400,0.326,0.882,129.6,1,0.871,25,78000,24,3640,74.6,1
R106413,10,26,674,20744,0.339,0.822,114.9,1,0.816,9,96000,18,5973,68.2,1
R106414,9,15,393,9456,0.168,0.63,102.4,2,0.756,8,61000,24,2847,64.4,0
R106415,15,25,734,20396,0.196,0.842,127.0,1,0.981,7,84000,30,3136,82.4,0
R106416,7,20,449,12693,0.346,0.773,86.2,2,0.773,4,64000,18,3982,58.5,0
R106417,8,26,549,19248,0.32,0.706,107.9,2,0.829,4,67000,24,3127,62.0,0
R106418,17,17,315,8000,0.23,0.678,117.3,2,0.758,10,70000,24,3267,65.2,0
R106419,6,22,594,20052,0.214,0.938,165.7,0,0.981,4,62000,24,2893,75.0,1
R106420,15,15,331,8095,0.287,0.708,95.1,2,0.727,12,54000,24,2520,61.6,0
R106421,20,12,257,8000,0.543,0.519,67.6,3,0.647,19,88000,12,8213,44.1,1
R106422,9,22,632,18075,0.275,0.745,114.6,1,0.79,5,79000,24,3687,67.5,0
R106423,10,19,539,13687,0.222,0.789,159.4,1,0.937,7,77000,18,4791,71.3,1
R106424,12,26,590,8000,0.289,0.907,133.9,0,0.92,10,78000,24,3640,73.3,0
R106425,6,19,327,8000,0.265,0.809,103.3,2,0.752,4,42000,18,2613,60.1,1
R106426,9,27,612,16363,0.143,0.959,131.3,0,0.934,4,59000,12,5507,80.6,0
R106427,4,24,562,18762,0.277,0.804,140.0,1,0.778,2,65000,18,4044,63.8,1
R106428,5,27,762,18830,0.244,0.798,138.7,0,0.932,2,78000,36,2427,73.0,1
R106429,11,26,706,19710,0.18,0.869,116.5,1,0.896,9,92000,12,8587,79.8,0
R106430,14,21,537,17786,0.261,0.644,86.0,2,0.702,8,69000,36,2147,65.9,0
R106431,14,22,491,10501,0.179,0.868,157.7,0,0.999,11,70000,24,3267,77.7,1
R106432,7,15,311,8130,0.329,0.786,121.9,2,0.796,3,74000,18,4604,56.8,1
R106433,7,25,502,18299,0.181,0.954,163.9,0,0.911,7,101000,18,6284,74.8,0
R106434,8,22,560,14153,0.291,0.794,110.0,1,0.787,4,98000,18,6098,65.6,0
R106435,11,20,540,17141,0.311,0.837,130.2,1,0.908,8,97000,24,4527,68.5,1
R106436,5,22,493,16196,0.305,0.712,116.6,2,0.759,4,83000,18,5164,59.2,1
R106437,3,22,651,16552,0.225,0.929,148.7,0,0.922,2,105000,24,4900,73.1,1
R106438,13,22,657,18270,0.284,0.873,108.4,1,0.904,11,40000,18,2489,74.4,1
R106439,8,19,424,13910,0.357,0.759,105.8,2,0.782,5,52000,30,1941,57.5,0
R106440,14,25,549,12310,0.233,0.841,120.6,2,0.834,12,61000,36,1898,74.0,1
R106441,33,22,580,21686,0.258,0.958,147.3,1,0.811,30,85000,36,2644,82.2,1
R106442,8,28,577,18352,0.314,0.883,163.6,1,0.818,7,109000,24,5087,67.2,0
R106443,15,23,400,9140,0.33,0.657,105.1,2,0.692,7,95000,30,3547,59.6,0
R106444,2,25,503,10450,0.214,0.725,110.0,2,0.77,1,62000,18,3858,62.7,0
R106445,9,27,598,24394,0.338,0.723,120.7,2,0.8,8,64000,24,2987,62.9,1
R106446,12,25,547,11418,0.243,0.917,146.8,1,0.821,11,69000,18,4293,73.8,1
R106447,2,19,336,8000,0.418,0.723,71.5,2,0.79,1,96000,30,3584,47.7,0
R106448,25,22,595,14496,0.121,0.951,145.3,1,0.904,16,98000,30,3659,90.5,0
R106449,6,21,414,8000,0.226,0.822,139.1,1,0.816,6,90000,24,4200,65.4,1
R106450,18,23,568,13279,0.349,0.755,129.8,1,0.806,14,77000,36,2396,68.5,0
R106451,16,17,406,8199,0.248,0.759,99.3,1,0.843,13,80000,30,2987,68.6,0
R106452,28,26,642,16913,0.3,0.799,116.2,2,0.831,16,87000,24,4060,77.8,0
R106453,2,17,310,10731,0.411,0.684,96.3,2,0.742,2,80000,36,2489,46.2,0
R106454,13,21,354,12006,0.256,0.757,125.6,1,0.815,8,50000,18,3111,65.0,0
R106455,11,26,608,14829,0.228,0.883,129.2,1,0.919,10,93000,36,2893,75.2,0
R106456,2,23,534,11132,0.254,1.0,122.3,1,0.951,1,89000,30,3323,69.7,0
R106457,10,19,450,11107,0.297,0.673,111.1,1,0.858,9,74000,30,2763,61.4,0
R106458,9,20,447,15355,0.322,0.859,129.9,1,0.873,6,92000,24,4293,64.4,1
R106459,4,15,401,17509,0.359,0.708,108.3,2,0.803,3,77000,30,2875,53.8,1
R106460,10,15,380,15252,0.248,0.814,132.6,1,0.829,9,78000,30,2912,65.2,0
R106461,9,28,680,20870,0.334,0.962,157.1,2,0.901,4,111000,24,5180,72.3,1
R106462,8,21,465,11465,0.39,0.702,151.0,1,0.809,7,77000,24,3593,55.8,0
R106463,14,21,403,9996,0.241,0.786,135.3,1,0.869,12,86000,24,4013,68.5,0
R106464,17,20,542,9403,0.301,0.655,113.9,2,0.743,10,74000,36,2302,66.6,1
R106465,6,21,469,15774,0.203,0.858,141.5,1,0.922,4,50000,36,1556,70.0,1
R106466,10,20,517,12528,0.268,0.76,108.5,1,0.836,6,77000,18,4791,66.7,0
R106467,28,27,695,11584,0.269,0.826,123.2,1,0.87,17,69000,36,2147,81.8,1
R106468,10,27,683,19283,0.326,0.944,160.6,0,0.879,6,57000,30,2128,72.8,0
R106469,6,19,254,9130,0.462,0.634,115.6,2,0.655,3,51000,30,1904,42.6,0
R106470,5,22,439,10901,0.254,0.829,158.8,0,0.915,3,78000,36,2427,64.7,1
R106471,15,26,723,15353,0.08,0.845,149.5,1,0.935,10,70000,30,2613,88.1,1
R106472,7,24,567,19921,0.197,0.869,106.8,2,0.861,5,60000,18,3733,72.5,1
R106473,6,25,720,21146,0.13,0.855,170.5,0,0.926,5,95000,24,4433,79.6,0
R106474,15,26,698,19818,0.37,0.767,126.4,1,0.852,12,77000,24,3593,69.1,0
R106475,4,15,360,8000,0.287,0.677,94.3,2,0.675,3,85000,36,2644,54.2,0
R106476,14,24,733,16293,0.1,0.875,124.6,0,0.914,8,100000,24,4667,87.2,0
R106477,5,22,523,15441,0.444,0.83,102.6,1,0.832,3,98000,18,6098,56.2,0
R106478,6,22,541,13335,0.213,0.876,146.3,1,0.91,3,87000,18,5413,71.2,0
R106479,4,28,707,19968,0.217,1.0,147.0,0,0.967,3,108000,24,5040,77.5,0
R106480,6,28,943,32429,0.257,0.832,111.8,0,0.955,4,106000,12,9893,74.8,1
R106481,21,24,526,17799,0.285,0.914,129.5,1,0.871,15,76000,30,2837,77.2,1
R106482,45,23,511,15195,0.161,0.896,114.3,1,0.796,42,40000,12,3733,83.9,0
R106483,10,20,342,8000,0.21,0.698,108.9,1,0.852,4,74000,36,2302,63.7,0
R106484,8,24,579,17888,0.318,0.803,147.6,0,0.916,7,80000,24,3733,66.5,1
R106485,17,21,396,11400,0.315,0.634,67.2,2,0.718,16,102000,18,6347,61.5,0
R106486,14,17,416,12601,0.328,0.835,109.4,2,0.803,8,89000,24,4153,65.2,0
R106487,20,25,722,16414,0.392,0.83,165.7,1,0.886,13,73000,12,6813,73.6,1
R106488,13,22,503,8393,0.371,0.852,122.0,1,0.871,10,70000,36,2178,65.7,0
R106489,21,22,594,14749,0.263,0.86,162.0,0,0.898,20,89000,18,5538,79.1,1
R106490,13,25,595,16557,0.246,0.823,116.0,1,0.894,11,69000,30,2576,73.8,0
R106491,28,26,707,17194,0.26,0.871,120.1,2,0.873,18,112000,30,4181,83.7,0
R106492,17,21,556,16811,0.187,0.748,96.0,1,0.814,13,95000,24,4433,75.8,0
R106493,26,23,604,16017,0.29,0.718,154.1,1,0.872,17,42000,36,1307,75.7,1
R106494,8,25,614,21346,0.244,0.99,156.0,2,0.854,6,44000,36,1369,75.3,1
R106495,9,17,360,8000,0.331,0.478,45.1,2,0.702,6,76000,24,3547,50.6,0
R106496,12,17,348,11041,0.571,0.664,101.4,5,0.672,6,60000,36,1867,44.0,0
R106497,13,30,704,16633,0.251,0.87,126.2,0,0.871,9,46000,24,2147,77.1,0
R106498,10,16,335,8000,0.289,0.718,142.8,4,0.64,5,111000,36,3453,58.3,0
R106499,11,12,308,14133,0.514,0.634,87.8,2,0.722,8,71000,36,2209,44.9,0
R106500,9,17,309,9861,0.382,0.758,90.8,3,0.631,6,78000,18,4853,52.8,0
R106501,12,18,371,8000,0.225,0.888,134.8,2,0.87,12,81000,24,3780,70.3,0
R106502,8,18,371,10407,0.278,0.83,119.5,1,0.9,7,101000,12,9427,63.6,0
R106503,21,20,418,11639,0.35,0.772,118.9,1,0.904,15,63000,24,2940,67.6,0
R106504,17,23,439,14152,0.376,0.807,112.6,1,0.856,14,88000,24,4107,64.5,0
R106505,12,21,405,14239,0.28,0.719,130.8,1,0.869,9,48000,36,1493,64.1,0
R106506,3,23,639,22219,0.286,0.786,114.1,3,0.824,2,57000,30,2128,65.0,0
R106507,3,22,405,15090,0.186,0.886,152.6,3,0.872,2,72000,36,2240,67.2,1
R106508,11,25,513,12230,0.177,0.79,170.3,0,0.915,6,65000,12,6067,73.6,1
R106509,5,27,752,23402,0.26,0.913,141.4,1,0.972,4,73000,24,3407,75.3,0
R106510,15,17,344,8000,0.306,0.784,114.2,1,0.939,9,100000,30,3733,65.2,1
R106511,2,27,635,14752,0.193,0.862,145.2,0,0.934,1,63000,18,3920,71.9,1
R106512,30,17,476,9427,0.236,0.908,135.3,1,0.833,27,67000,18,4169,79.7,1
R106513,4,24,472,10785,0.243,0.79,115.7,1,0.826,3,59000,24,2753,63.9,0
R106514,20,20,311,8000,0.317,0.651,71.6,2,0.814,13,53000,12,4947,62.1,0
R106515,9,19,394,11855,0.425,0.734,69.3,2,0.82,7,66000,30,2464,53.8,0
R106516,3,23,603,16467,0.242,0.889,161.8,0,0.946,2,69000,24,3220,70.1,1
R106517,9,18,339,12643,0.428,0.557,104.4,2,0.735,5,72000,12,6720,47.3,0
R106518,24,18,283,8413,0.233,0.75,98.5,2,0.868,21,77000,30,2875,71.5,0
R106519,9,26,551,19948,0.36,0.766,138.9,2,0.799,6,88000,30,3285,61.7,0
R106520,23,26,588,12826,0.211,0.833,136.1,1,0.869,10,63000,18,3920,81.8,1
R106521,11,17,368,8417,0.293,0.76,120.1,1,0.817,9,112000,36,3484,61.9,0
R106522,16,28,782,21730,0.189,0.807,78.4,1,0.865,14,80000,18,4978,82.8,1
R106523,7,26,677,25103,0.156,1.0,140.2,0,0.964,4,95000,36,2956,82.0,1
R106524,6,23,593,21718,0.179,0.903,170.3,1,0.932,3,114000,12,10640,75.3,1
R106525,4,25,714,19799,0.268,0.821,90.6,1,0.824,2,74000,24,3453,69.5,1
R106526,13,25,383,11360,0.278,0.638,139.8,1,0.778,10,76000,30,2837,60.7,0
R106527,15,19,463,11355,0.424,0.709,123.2,2,0.842,10,65000,30,2427,58.8,1
R106528,9,22,459,11420,0.368,0.767,113.7,1,0.868,7,90000,36,2800,59.9,1
R106529,7,22,506,13768,0.331,0.717,108.3,1,0.932,4,81000,30,3024,60.8,0
R106530,27,23,539,13734,0.39,0.744,129.9,1,0.839,19,87000,30,3248,69.1,1
R106531,11,26,674,11058,0.21,0.874,143.8,2,0.893,5,60000,24,2800,77.5,0
R106532,14,25,467,12998,0.292,0.729,122.9,1,0.847,9,72000,30,2688,65.8,1
R106533,8,14,253,11734,0.336,0.692,117.8,2,0.809,4,56000,30,2091,53.2,0
R106534,3,23,501,14268,0.082,0.891,129.3,2,0.937,2,52000,24,2427,76.0,1
R106535,6,20,412,8000,0.442,0.699,83.9,2,0.695,5,77000,24,3593,49.3,0
R106536,10,22,580,17189,0.214,0.897,133.4,3,0.831,8,90000,18,5600,74.6,0
R106537,4,15,299,9486,0.474,0.56,60.8,3,0.664,2,72000,24,3360,39.7,0
R106538,15,17,330,8000,0.296,0.713,108.7,2,0.74,11,80000,18,4978,61.7,0
R106539,10,26,489,11184,0.239,0.937,134.8,1,0.834,7,88000,36,2738,72.2,1
R106540,10,21,486,13654,0.487,0.869,126.0,1,0.8,8,48000,36,1493,56.5,1
R106541,2,27,605,22825,0.08,1.0,156.0,0,0.939,1,84000,24,3920,80.7,1
R106542,10,24,538,19333,0.32,0.85,149.9,2,0.807,9,78000,36,2427,66.5,0
R106543,12,18,403,12338,0.43,0.781,99.7,2,0.831,11,64000,30,2389,56.8,1
R106544,5,30,582,20293,0.093,0.881,158.8,1,0.971,3,85000,24,3967,78.9,0
R106545,7,13,285,13267,0.338,0.602,86.6,2,0.778,6,60000,30,2240,51.0,1
R106546,12,30,754,34686,0.219,0.9,145.1,0,0.999,8,71000,18,4418,81.3,1
R106547,6,17,342,11731,0.218,0.832,124.6,1,0.813,4,86000,24,4013,63.7,0
R106548,7,18,326,8739,0.333,0.699,83.2,3,0.709,7,81000,36,2520,54.0,0
R106549,6,19,401,8000,0.292,0.899,127.1,2,0.915,4,71000,18,4418,64.4,0
R106550,15,27,659,17312,0.098,0.907,134.8,1,0.843,7,73000,36,2271,85.9,0
R106551,20,19,396,8580,0.34,0.895,146.1,1,0.834,18,78000,30,2912,69.6,0
R106552,12,14,291,8193,0.435,0.653,102.0,2,0.783,11,65000,30,2427,50.1,1
R106553,9,17,338,8000,0.475,0.661,78.2,2,0.745,7,69000,24,3220,47.0,0
R106554,16,24,570,16562,0.38,0.798,86.5,3,0.715,7,40000,36,1244,65.8,0
R106555,3,24,589,15617,0.385,0.758,106.9,1,0.757,2,87000,24,4060,57.1,1
R106556,10,21,516,16281,0.284,0.736,123.0,2,0.809,9,107000,24,4993,64.9,0
R106557,21,21,421,12033,0.163,0.857,112.7,1,0.874,16,84000,24,3920,79.4,0
R106558,7,26,661,20422,0.184,0.856,142.1,0,1.0,3,66000,24,3080,76.6,1
R106559,14,21,372,14664,0.293,0.685,113.5,2,0.757,12,87000,24,4060,61.4,1
R106560,17,23,431,15344,0.239,0.788,154.5,2,0.792,13,99000,24,4620,70.7,0
R106561,12,19,440,14585,0.293,0.751,82.9,2,0.836,6,40000,30,1493,64.1,0
R106562,6,24,499,16414,0.233,0.835,130.8,1,0.839,4,75000,12,7000,67.3,0
R106563,7,23,475,24951,0.33,0.771,122.2,1,0.894,4,97000,12,9053,61.5,1
R106564,15,23,463,13887,0.387,0.835,105.4,2,0.727,10,60000,24,2800,62.9,0
R106565,15,18,418,13967,0.257,0.685,121.4,1,0.903,14,51000,24,2380,66.5,1
R106566,11,23,533,19172,0.269,0.842,162.6,1,0.88,7,61000,18,3796,70.1,0
R106567,2,24,527,16808,0.236,0.862,142.4,0,0.948,2,71000,36,2209,67.5,1
R106568,4,20,509,10280,0.204,0.685,110.9,1,0.795,4,84000,24,3920,63.8,0
R106569,10,21,396,11189,0.36,0.689,110.1,3,0.77,9,78000,12,7280,56.2,0
R106570,6,21,538,12329,0.282,0.759,107.8,2,0.818,5,62000,24,2893,64.0,1
R106571,5,25,531,17492,0.243,0.811,119.4,1,0.766,4,85000,24,3967,65.6,0
R106572,5,24,649,27121,0.225,0.903,150.4,0,0.929,4,82000,24,3827,73.4,1
R106573,35,25,544,15357,0.215,0.809,125.7,1,0.835,20,84000,12,7840,80.1,1
R106574,12,27,653,19671,0.294,0.8,100.4,2,0.792,10,73000,18,4542,70.7,0
R106575,15,25,555,19138,0.315,0.786,127.1,1,0.812,10,85000,18,5289,68.6,0
R106576,9,23,605,10851,0.396,0.686,124.6,1,0.923,6,91000,24,4247,60.4,0
R106577,19,27,617,18598,0.278,0.829,146.2,1,0.896,15,88000,24,4107,76.4,1
R106578,14,15,349,11387,0.369,0.661,89.8,2,0.643,11,78000,30,2912,55.3,0
R106579,12,25,625,14359,0.276,0.813,143.1,1,0.863,10,80000,24,3733,71.5,1
R106580,12,21,585,14327,0.247,0.843,134.7,1,0.875,9,82000,18,5102,73.0,1
R106581,6,23,387,8000,0.294,0.836,137.8,0,0.914,5,102000,30,3808,62.2,0
R106582,6,15,355,8000,0.477,0.518,79.6,3,0.67,5,85000,30,3173,41.2,0
R106583,12,24,481,8858,0.164,0.856,166.7,1,0.872,10,84000,12,7840,75.3,1
R106584,17,24,503,8000,0.274,0.876,143.3,1,0.793,11,104000,18,6471,73.1,1
R106585,22,21,468,16244,0.306,0.734,111.5,1,0.766,15,85000,12,7933,69.3,1
R106586,16,22,495,11813,0.122,0.917,118.7,1,0.898,11,60000,30,2240,81.9,1
R106587,23,25,676,17677,0.298,0.802,133.0,1,0.813,20,75000,36,2333,78.0,0
R106588,21,21,406,8000,0.435,0.791,143.8,1,0.869,17,40000,12,3733,63.0,0
R106589,9,26,518,15968,0.181,0.831,140.6,1,0.87,6,54000,12,5040,73.0,1
R106590,26,23,413,10757,0.126,0.749,109.8,1,0.787,22,40000,24,1867,79.5,1
R106591,11,25,560,11946,0.232,0.828,125.2,1,0.809,9,108000,24,5040,71.4,0
R106592,10,26,737,19812,0.349,0.906,187.0,0,0.986,8,114000,36,3547,73.1,1
R106593,15,18,518,10202,0.181,0.776,136.4,1,0.853,8,97000,24,4527,74.9,0
R106594,22,21,384,13994,0.365,0.672,137.7,1,0.932,13,89000,18,5538,64.2,0
R106595,7,30,871,25754,0.162,0.873,131.0,1,0.823,5,67000,36,2084,80.0,1
R106596,11,22,645,14694,0.276,0.837,129.8,2,0.796,6,43000,30,1605,71.3,1
R106597,9,25,600,19787,0.214,0.972,177.2,0,0.948,7,65000,12,6067,77.6,0
R106598,5,23,528,15828,0.196,0.83,131.2,1,0.826,4,73000,12,6813,69.4,1
R106599,7,21,563,10715,0.267,0.798,120.8,2,0.811,6,57000,18,3547,66.5,1
R106600,6,21,504,12975,0.339,0.792,114.3,1,0.852,4,82000,24,3827,60.7,0
R106601,14,27,553,12616,0.308,0.834,146.6,1,0.886,10,68000,18,4231,70.6,1
R106602,9,24,544,16263,0.283,0.646,102.8,2,0.844,6,46000,36,1431,63.2,0
R106603,8,18,516,19703,0.201,0.808,124.1,1,0.837,7,103000,24,4807,70.2,0
R106604,13,15,358,8000,0.266,0.876,128.4,1,0.886,11,50000,12,4667,68.3,0
R106605,14,21,514,9730,0.244,0.705,148.2,1,0.776,7,44000,18,2738,68.2,0
R106606,21,21,475,15346,0.257,0.871,140.7,0,0.839,20,69000,24,3220,75.8,0
R106607,2,23,550,15708,0.283,0.834,122.5,2,0.836,2,88000,12,8213,63.7,1
R106608,18,19,451,13751,0.284,0.678,99.9,1,0.873,16,90000,36,2800,67.7,0
R106609,5,27,857,22327,0.158,0.951,150.4,1,0.908,3,95000,30,3547,81.9,1
R106610,13,25,427,14569,0.239,0.8,146.9,1,0.918,10,54000,18,3360,69.5,0
R106611,5,23,545,13183,0.298,1.0,113.3,0,1.0,3,85000,24,3967,70.2,1
R106612,16,18,315,9947,0.482,0.632,116.1,2,0.812,15,58000,24,2707,50.4,0
R106613,7,20,408,10253,0.329,0.841,116.5,1,0.751,6,98000,18,6098,60.1,0
R106614,14,26,567,14058,0.28,0.699,129.4,1,0.886,10,57000,30,2128,68.9,1
R106615,6,20,519,14343,0.253,0.82,111.3,1,0.776,3,83000,18,5164,66.1,0
R106616,3,25,528,15350,0.276,0.771,112.2,1,0.838,2,64000,24,2987,62.3,0
R106617,7,30,731,15613,0.179,0.965,139.5,1,0.925,6,95000,18,5911,80.5,1
R106618,14,24,575,16786,0.301,0.77,127.2,0,0.909,8,60000,18,3733,69.7,1
R106619,9,23,579,12188,0.213,0.845,125.5,0,0.963,6,65000,36,2022,73.8,1
R106620,17,21,522,14316,0.201,0.891,145.2,1,0.823,10,90000,36,2800,77.7,1
R106621,10,25,569,18369,0.25,0.828,155.3,3,0.889,7,50000,30,1867,71.0,0
R106622,12,23,745,15751,0.325,0.795,128.0,1,0.882,6,69000,18,4293,72.2,1
R106623,3,18,435,11661,0.379,0.823,102.5,1,0.777,3,82000,24,3827,55.6,0
R106624,14,29,662,25180,0.203,0.938,154.7,1,0.898,11,75000,24,3500,81.1,1
R106625,18,29,932,24552,0.196,0.968,135.6,0,1.0,16,83000,24,3873,89.3,1
R106626,2,21,557,15792,0.189,0.775,146.2,0,0.835,2,96000,24,4480,67.3,0
R106627,4,25,604,16292,0.226,0.842,136.8,1,0.908,3,76000,24,3547,70.1,1
R106628,29,21,436,14793,0.31,0.672,75.0,3,0.766,15,66000,24,3080,68.3,1
R106629,12,27,772,21679,0.219,0.78,136.8,1,0.918,9,83000,30,3099,78.3,0
R106630,9,22,465,10564,0.232,0.945,106.9,1,0.83,7,81000,18,5040,71.2,1
R106631,8,24,609,19759,0.233,0.898,133.7,2,0.933,5,91000,24,4247,74.1,1
R106632,1,21,437,11708,0.391,0.695,96.8,3,0.807,1,92000,36,2862,50.7,0
R106633,15,28,677,22601,0.233,0.853,152.7,0,0.938,9,90000,18,5600,79.2,0
R106634,9,25,566,10616,0.236,0.767,129.8,1,0.901,7,74000,30,2763,69.5,0
R106635,11,22,583,17900,0.322,0.715,142.2,1,0.874,8,50000,36,1556,65.3,1
R106636,18,24,698,19304,0.119,0.952,168.0,0,0.934,9,57000,18,3547,89.8,1
R106637,10,21,525,20248,0.145,0.783,123.3,1,0.912,6,86000,24,4013,74.5,1
R106638,20,23,613,18593,0.153,0.815,166.1,1,0.926,18,99000,30,3696,83.7,1
R106639,3,28,788,16305,0.24,0.764,144.2,0,0.919,2,78000,24,3640,71.4,0
R106640,13,21,479,12013,0.459,0.716,97.5,5,0.732,11,74000,30,2763,55.5,0
R106641,7,24,604,17918,0.177,1.0,178.3,0,0.878,5,72000,30,2688,78.3,1
R106642,14,26,740,23608,0.277,0.897,151.2,2,0.8,11,51000,18,3173,77.0,1
R106643,9,24,603,21131,0.126,0.842,155.1,1,0.858,6,57000,30,2128,77.9,1
R106644,21,26,734,13787,0.08,0.946,168.1,0,0.906,14,74000,24,3453,94.2,0
R106645,16,28,649,20767,0.196,0.874,163.6,0,0.986,8,83000,24,3873,81.9,1
R106646,7,29,729,21188,0.286,1.0,160.1,1,0.961,7,69000,18,4293,76.7,1
R106647,7,21,526,13724,0.331,0.799,100.4,1,0.823,4,67000,24,3127,62.6,1
R106648,13,29,561,21210,0.144,0.858,112.7,2,0.836,11,71000,18,4418,78.7,1
R106649,9,20,434,13978,0.165,0.873,144.3,0,0.987,5,75000,24,3500,73.9,0
R106650,12,24,560,19703,0.209,0.821,124.3,1,0.902,9,65000,24,3033,74.2,1
R106651,15,19,427,12727,0.303,0.831,143.2,1,0.853,11,75000,18,4667,67.4,0
R106652,18,26,743,20545,0.116,0.966,149.6,0,0.982,17,42000,24,1960,92.1,1
R106653,8,21,443,14418,0.381,0.804,92.3,1,0.824,5,69000,24,3220,58.9,0
R106654,6,24,464,12342,0.158,0.871,164.0,0,0.894,4,68000,24,3173,71.8,1
R106655,21,20,387,13254,0.191,0.738,152.4,1,0.842,16,57000,18,3547,73.9,0
R106656,18,19,318,12030,0.376,0.839,126.8,1,0.833,15,87000,24,4060,62.9,0
R106657,14,16,254,8000,0.195,0.755,127.1,1,0.863,8,90000,18,5600,66.4,1
R106658,15,21,433,13069,0.372,0.712,117.8,1,0.887,12,52000,24,2427,61.7,0
R106659,10,24,503,13546,0.185,0.741,119.4,1,0.825,8,56000,24,2613,70.2,0
R106660,15,21,445,11965,0.263,0.719,107.9,3,0.692,13,102000,24,4760,65.8,1
R106661,23,27,584,16886,0.319,0.759,109.8,1,0.86,11,67000,12,6253,74.2,0
R106662,5,25,579,14874,0.264,0.726,135.2,1,0.886,4,70000,24,3267,65.0,0
R106663,6,25,618,19051,0.205,0.86,132.1,2,0.849,4,105000,30,3920,72.7,1
R106664,16,14,297,10768,0.347,0.731,81.5,3,0.741,13,73000,18,4542,59.2,0
R106665,2,29,842,25729,0.085,0.96,164.8,0,0.902,2,83000,36,2582,83.9,1
R106666,24,22,306,8000,0.198,0.845,98.4,1,0.778,12,81000,24,3780,75.3,1
R106667,27,19,455,11448,0.271,0.766,118.1,1,0.888,18,91000,18,5662,74.4,0
R106668,6,27,690,27307,0.184,0.845,149.6,1,0.832,5,87000,30,3248,74.8,1
R106669,6,22,623,20005,0.311,0.892,152.9,0,0.935,5,74000,30,2763,68.7,1
R106670,1,20,465,12153,0.191,0.869,128.4,1,0.911,1,67000,24,3127,67.2,0
R106671,6,27,530,8000,0.201,0.805,127.4,1,0.769,5,104000,18,6471,68.3,0
R106672,11,24,520,17339,0.24,0.737,126.0,1,0.878,5,75000,24,3500,68.4,1
R106673,3,13,279,8000,0.37,0.596,78.5,3,0.633,2,85000,36,2644,44.7,0
R106674,19,24,605,12767,0.174,0.907,152.8,0,0.966,17,106000,30,3957,84.5,1
R106675,18,29,799,25316,0.136,0.879,146.0,0,0.982,17,90000,36,2800,90.3,0
R106676,12,19,491,16772,0.278,0.86,123.5,1,0.841,7,105000,18,6533,69.4,0
R106677,7,26,431,10525,0.174,0.945,146.9,0,0.942,6,42000,18,2613,73.4,1
R106678,7,23,584,14565,0.336,0.938,169.2,1,0.84,3,69000,24,3220,67.1,0
R106679,16,30,657,18773,0.321,0.975,168.5,0,0.949,8,48000,30,1792,77.4,1
R106680,22,19,493,9241,0.197,0.923,129.2,2,0.899,18,67000,12,6253,81.8,0
R106681,7,22,579,13059,0.174,0.882,139.9,0,0.969,6,92000,24,4293,75.8,0
R106682,22,20,497,15671,0.448,0.894,125.2,1,0.903,20,82000,18,5102,68.3,0
R106683,14,19,561,19276,0.192,0.839,90.9,2,0.719,7,70000,18,4356,75.0,0
R106684,23,25,726,18328,0.323,0.873,165.2,1,0.934,17,75000,24,3500,80.6,0
R106685,8,17,414,11945,0.416,0.664,89.8,2,0.761,6,89000,24,4153,52.2,1
R106686,4,25,517,12442,0.138,0.812,130.8,1,0.894,3,81000,24,3780,71.7,0
R106687,23,27,679,18758,0.137,0.847,171.9,1,0.915,17,74000,30,2763,88.4,1
R106688,7,15,272,10984,0.499,0.637,123.7,4,0.631,6,100000,36,3111,41.2,0
R106689,19,24,574,12509,0.257,0.904,132.8,1,0.825,18,112000,36,3484,78.0,0
R106690,2,21,461,15897,0.252,0.857,131.8,1,0.836,1,44000,24,2053,63.4,0
R106691,11,21,397,9322,0.303,0.729,127.5,2,0.772,8,86000,24,4013,61.0,0
R106692,14,28,683,19428,0.085,0.842,125.0,2,0.874,11,101000,30,3771,85.3,0
R106693,12,26,708,20388,0.262,0.925,126.3,1,0.893,10,79000,30,2949,77.8,1
R106694,12,18,406,8645,0.409,0.8,116.2,2,0.811,10,51000,18,3173,58.6,1
R106695,10,28,690,20772,0.219,0.954,144.1,1,0.853,5,74000,30,2763,78.5,1
R106696,9,21,519,13941,0.211,0.964,137.3,0,0.906,7,80000,24,3733,75.1,1
R106697,13,24,617,19645,0.312,0.938,132.9,2,0.85,11,40000,18,2489,73.4,1
R106698,21,26,572,17083,0.255,0.8,149.2,1,0.945,12,76000,18,4729,77.9,1
R106699,7,15,266,9347,0.347,0.745,136.8,1,0.858,5,91000,18,5662,54.0,0
R106700,16,17,368,12775,0.281,0.623,80.6,2,0.688,8,116000,36,3609,61.1,1
R106701,4,20,444,16392,0.235,0.722,110.0,1,0.862,3,60000,24,2800,62.3,0
R106702,15,22,485,13758,0.301,0.761,88.6,2,0.757,10,60000,24,2800,66.2,0
R106703,8,14,336,10152,0.32,0.527,107.9,2,0.693,6,57000,36,1773,50.7,0
R106704,6,17,297,9327,0.469,0.611,109.2,2,0.706,4,70000,24,3267,43.0,1
R106705,13,23,478,12608,0.237,0.849,129.2,1,0.94,8,87000,36,2707,72.4,0
R106706,23,19,319,11816,0.377,0.659,95.4,3,0.662,13,102000,36,3173,60.1,0
R106707,5,16,303,8000,0.49,0.674,79.0,3,0.66,3,76000,18,4729,42.8,0
R106708,5,22,598,18760,0.296,0.636,98.9,2,0.755,2,107000,18,6658,59.9,0
R106709,11,20,339,11031,0.266,0.653,93.8,2,0.737,9,118000,18,7342,59.2,0
R106710,6,20,556,19128,0.24,0.765,112.1,1,0.878,4,77000,36,2396,67.2,0
R106711,11,24,558,12769,0.19,0.915,149.5,0,0.906,6,90000,30,3360,77.0,1
R106712,8,25,545,17319,0.273,0.827,116.3,1,0.916,7,61000,12,5693,68.6,1
R106713,5,20,389,8763,0.2,0.769,134.1,1,0.87,4,107000,24,4993,64.2,0
R106714,7,20,570,16942,0.261,0.839,102.3,2,0.842,5,78000,30,2912,68.4,0
R106715,20,22,563,20228,0.186,0.933,165.8,1,0.966,11,81000,12,7560,83.7,0
R106716,9,27,536,12363,0.229,0.817,120.6,2,0.856,8,86000,12,8027,70.2,0
R106717,11,30,666,18650,0.353,0.778,129.4,1,0.891,9,97000,24,4527,67.2,1
R106718,6,19,437,16601,0.331,0.827,114.2,1,0.878,5,90000,30,3360,60.9,0
R106719,13,23,370,10495,0.3,0.774,117.4,1,0.799,9,64000,18,3982,63.1,0
R106720,17,28,758,20173,0.313,0.866,178.4,2,0.886,13,64000,36,1991,77.5,1
R106721,12,20,338,8656,0.287,0.873,121.8,1,0.967,7,54000,18,3360,66.3,1
R106722,9,23,575,17400,0.116,0.741,122.7,1,0.829,7,61000,24,2847,74.8,0
R106723,18,24,522,14509,0.41,0.791,95.9,1,0.858,15,104000,36,3236,65.5,0
R106724,11,20,404,11757,0.225,0.823,148.4,1,0.804,6,87000,18,5413,67.8,1
R106725,21,23,493,13042,0.256,0.797,132.1,3,0.83,13,69000,24,3220,74.4,1
R106726,15,27,613,21546,0.187,0.807,114.4,1,0.838,14,82000,36,2551,77.7,1
R106727,9,23,649,16058,0.247,0.824,165.4,0,0.974,4,120000,36,3733,73.2,1
R106728,3,25,752,24559,0.115,0.915,165.5,0,0.979,2,62000,30,2315,81.8,0
R106729,15,22,386,14662,0.266,0.856,130.2,1,0.78,11,85000,18,5289,68.7,0
R106730,21,23,322,10743,0.432,0.604,98.3,2,0.758,15,73000,36,2271,55.4,0
R106731,5,21,358,11918,0.264,0.714,106.4,2,0.776,3,102000,24,4760,58.2,0
R106732,10,21,669,26139,0.269,0.745,125.8,2,0.796,5,40000,12,3733,69.7,1
R106733,15,25,809,25890,0.151,0.867,153.2,1,0.945,12,44000,36,1369,87.0,1
R106734,9,19,420,13182,0.381,0.739,90.6,2,0.804,8,76000,30,2837,56.6,0
R106735,11,26,605,17247,0.207,0.845,134.3,1,0.915,7,85000,36,2644,75.5,1
R106736,26,22,678,27702,0.227,0.845,137.7,1,0.774,23,82000,36,2551,83.1,1
R106737,13,18,369,9569,0.283,0.664,93.8,3,0.795,6,104000,36,3236,61.1,0
R106738,6,23,537,14869,0.21,0.739,120.3,1,0.808,4,83000,30,3099,67.0,0
R106739,11,28,671,23729,0.08,0.95,151.6,1,0.866,8,43000,24,2007,85.9,0
R106740,11,24,459,15825,0.403,0.672,123.8,2,0.755,5,67000,24,3127,55.6,0
R106741,5,15,293,9060,0.321,0.645,93.7,2,0.754,3,55000,24,2567,51.6,0
R106742,32,22,492,11049,0.365,0.692,95.1,2,0.714,25,40000,24,1867,66.7,0
R106743,1,20,395,9636,0.348,0.821,94.3,1,0.881,1,67000,18,4169,56.0,0
R106744,4,22,356,8000,0.491,0.788,132.7,3,0.748,2,58000,18,3609,46.6,0
R106745,5,24,458,13781,0.158,0.858,140.2,1,0.922,4,67000,18,4169,71.3,0
R106746,4,23,600,15819,0.234,0.763,145.8,0,0.882,2,75000,30,2800,67.0,0
R106747,3,18,376,17126,0.301,0.838,114.2,2,0.907,2,101000,24,4713,59.4,0
R106748,26,19,432,13528,0.186,0.738,126.4,1,0.808,22,93000,12,8680,76.8,0
R106749,16,18,305,8101,0.579,0.524,84.2,2,0.722,13,73000,18,4542,41.6,0
R106750,19,20,487,15337,0.288,0.75,111.5,3,0.749,16,67000,24,3127,69.2,0
R106751,8,30,731,13917,0.247,0.792,132.9,1,0.875,7,70000,24,3267,73.2,1
R106752,22,24,622,18279,0.283,0.751,114.3,2,0.857,20,73000,24,3407,75.8,0
R106753,15,20,423,12571,0.261,0.805,124.8,1,0.892,14,71000,18,4418,69.7,0
R106754,8,28,585,15920,0.502,0.711,124.8,0,0.898,5,102000,24,4760,54.2,0
R106755,14,22,361,8000,0.341,0.724,88.2,2,0.786,7,87000,24,4060,60.3,0
R106756,4,20,483,10850,0.301,0.812,139.0,2,0.765,2,81000,18,5040,60.8,0
R106757,13,20,638,14550,0.281,0.834,150.4,1,0.861,6,70000,18,4356,73.0,1
R106758,10,23,671,16528,0.253,0.812,131.3,1,0.779,6,57000,18,3547,71.7,1
R106759,26,24,395,10640,0.39,0.712,114.2,2,0.735,18,75000,24,3500,63.7,1
R106760,20,24,611,10978,0.361,0.771,125.8,1,0.847,12,73000,30,2725,70.5,0
R106761,4,30,837,27534,0.18,0.864,166.5,0,0.959,3,93000,36,2893,78.3,0
R106762,6,23,583,15850,0.388,0.743,121.4,2,0.826,5,82000,24,3827,58.7,0
R106763,33,27,622,21141,0.294,0.966,161.6,0,0.984,16,69000,24,3220,83.3,1
R106764,8,16,537,18579,0.22,0.934,128.2,1,0.916,6,51000,24,2380,73.7,1
R106765,4,20,493,14285,0.342,0.854,123.3,2,0.803,2,53000,24,2473,60.2,1
R106766,16,18,386,11014,0.26,0.829,119.4,1,0.874,11,61000,24,2847,69.9,1
R106767,24,30,657,19815,0.211,0.914,103.8,1,0.914,22,99000,18,6160,86.3,1
R106768,9,27,639,19544,0.13,0.925,148.5,0,0.926,7,94000,36,2924,81.5,1
R106769,14,22,473,12689,0.199,0.839,92.2,1,0.778,11,63000,30,2352,73.1,1
R106770,10,24,492,14955,0.309,0.812,173.4,0,0.947,7,83000,30,3099,66.4,1
R106771,17,26,698,16665,0.288,0.777,105.7,1,0.85,12,89000,24,4153,74.8,0
R106772,6,17,347,9793,0.334,0.748,106.5,5,0.713,3,42000,24,1960,55.0,0
R106773,12,18,413,14519,0.379,0.811,143.4,2,0.817,7,69000,24,3220,60.8,1
R106774,19,19,407,9280,0.301,0.799,119.6,1,0.802,9,98000,36,3049,68.7,1
R106775,8,23,574,18323,0.256,0.808,135.3,1,0.898,7,97000,30,3621,69.3,0
R106776,19,24,670,15724,0.156,0.907,139.1,0,0.959,14,117000,12,10920,86.6,1
R106777,16,28,504,10574,0.26,0.889,141.6,1,0.955,12,78000,24,3640,74.9,0
R106778,5,26,496,11693,0.24,0.972,140.7,0,0.858,2,101000,18,6284,69.7,0
R106779,6,21,514,15844,0.247,0.977,152.2,0,0.913,4,102000,24,4760,71.6,0
R106780,17,23,553,15142,0.393,0.877,142.1,1,0.931,15,72000,30,2688,69.4,0
R106781,6,14,187,8000,0.358,0.501,93.8,2,0.66,3,111000,24,5180,43.1,0
R106782,2,22,499,15359,0.307,0.746,127.5,1,0.896,1,84000,24,3920,59.1,0
R106783,12,24,439,10569,0.308,0.74,102.4,2,0.84,5,46000,24,2147,63.3,0
R106784,11,24,562,17183,0.193,0.944,149.2,0,0.938,10,74000,24,3453,78.1,1
R106785,17,20,530,16524,0.253,0.892,131.0,1,0.819,16,82000,24,3827,75.1,0
R106786,23,25,727,20303,0.28,0.909,114.3,1,0.833,14,68000,24,3173,82.8,1
R106787,11,23,848,19602,0.19,0.822,150.4,1,0.889,5,65000,12,6067,80.7,1
R106788,13,22,410,9822,0.267,0.737,125.0,1,0.85,7,77000,24,3593,65.6,1
R106789,4,25,646,20869,0.082,0.925,155.1,0,0.998,2,94000,24,4387,81.4,1
R106790,8,19,327,8000,0.354,0.666,133.1,1,0.876,5,62000,18,3858,54.4,1
R106791,38,20,488,8000,0.267,0.814,123.9,1,0.85,24,95000,30,3547,76.2,0
R106792,15,20,463,14159,0.366,0.859,118.2,1,0.879,13,81000,12,7560,66.2,0
R106793,23,20,270,9519,0.281,0.732,84.1,2,0.838,14,85000,24,3967,67.3,0
R106794,8,26,670,15798,0.327,0.763,127.7,1,0.847,7,83000,24,3873,66.5,0
R106795,8,16,336,10353,0.37,0.722,123.3,2,0.791,6,102000,18,6347,53.8,0
R106796,7,17,393,11531,0.348,0.857,141.2,2,0.819,6,90000,18,5600,60.0,0
R106797,19,28,538,11212,0.194,0.901,137.1,0,0.809,12,79000,36,2458,80.0,1
R106798,9,26,832,25253,0.154,0.946,118.7,0,0.939,9,75000,24,3500,85.1,1
R106799,3,20,487,14329,0.339,0.83,105.4,1,0.818,3,80000,12,7467,59.7,1
R106800,10,27,641,14743,0.194,1.0,136.5,0,0.897,7,52000,24,2427,80.3,1
R106801,8,27,778,20351,0.248,0.826,122.3,1,0.885,6,92000,24,4293,74.9,0
R106802,20,24,573,23786,0.242,0.794,143.8,1,0.843,11,48000,24,2240,76.4,1
R106803,32,19,407,8510,0.276,0.831,125.6,1,0.859,22,96000,30,3584,74.2,0
R106804,4,25,695,12749,0.332,0.794,158.5,1,0.901,3,69000,24,3220,65.2,1
R106805,15,29,693,15532,0.266,1.0,162.2,0,0.961,8,60000,24,2800,81.8,1
R106806,21,23,602,14115,0.262,0.827,147.7,2,0.868,10,86000,18,5351,78.2,1
R106807,17,19,338,10232,0.412,0.615,103.3,2,0.735,11,100000,36,3111,54.5,0
R106808,8,22,642,17243,0.133,0.876,132.2,1,0.845,6,98000,24,4573,78.4,0
R106809,9,15,295,8000,0.52,0.588,103.0,3,0.819,8,51000,24,2380,42.6,0
R106810,11,19,326,10035,0.538,0.642,125.9,2,0.779,10,112000,24,5227,44.8,0
R106811,7,19,396,12771,0.339,0.654,88.1,2,0.754,5,82000,18,5102,54.4,0
R106812,13,27,696,23073,0.206,0.773,148.1,1,0.917,11,80000,36,2489,77.1,1
R106813,24,20,490,18066,0.26,0.876,126.7,0,0.954,15,65000,36,2022,79.2,1
R106814,15,20,444,16901,0.457,0.543,78.2,2,0.708,12,65000,12,6067,51.5,1
R106815,3,27,639,16524,0.182,0.889,137.8,0,0.956,2,83000,24,3873,74.2,1
R106816,10,27,795,19563,0.259,0.859,162.1,1,0.797,5,46000,24,2147,76.3,0
R106817,30,15,357,10038,0.416,0.67,93.6,2,0.792,17,66000,36,2053,60.9,0
R106818,6,28,704,22437,0.123,0.91,155.1,1,0.925,4,87000,36,2707,81.2,1
R106819,17,23,526,18533,0.295,0.83,140.0,1,0.803,16,89000,12,8307,71.4,1
R106820,5,21,387,8663,0.286,0.763,155.2,0,0.94,2,71000,24,3313,60.2,0
R106821,15,26,651,23938,0.309,0.867,145.5,1,0.916,8,40000,30,1493,74.6,0
R106822,9,19,387,8000,0.323,0.843,132.1,1,0.892,5,62000,24,2893,62.4,0
R106823,26,22,496,19045,0.339,0.898,125.5,1,0.876,21,99000,30,3696,75.0,1
R106824,26,26,624,18556,0.344,0.666,119.3,2,0.825,17,63000,36,1960,71.6,0
R106825,4,27,665,11699,0.176,0.92,147.0,1,0.902,2,67000,36,2084,75.9,0
R106826,10,20,420,8087,0.331,0.839,111.7,1,0.83,7,80000,36,2489,62.8,0
R106827,8,15,303,8000,0.278,0.721,102.8,2,0.782,4,58000,30,2165,58.2,0
R106828,17,25,554,21267,0.227,0.919,154.9,2,0.792,16,57000,36,1773,77.6,0
R106829,40,22,589,18045,0.279,0.866,147.3,2,0.86,33,68000,18,4231,79.5,1
R106830,10,18,471,8000,0.352,0.929,137.7,2,0.854,7,77000,36,2396,65.2,0
R106831,24,19,450,10576,0.411,0.779,133.1,1,0.893,21,62000,24,2893,67.2,1
R106832,9,25,701,15849,0.411,0.778,152.4,1,0.894,7,79000,36,2458,64.2,0
R106833,12,28,570,16058,0.162,0.75,148.0,3,0.818,6,93000,18,5787,74.4,0
R106834,10,22,477,16915,0.385,0.764,113.6,1,0.927,8,110000,24,5133,60.3,0
R106835,17,19,325,11577,0.427,0.65,77.2,2,0.672,15,63000,24,2940,53.5,0
R106836,27,24,518,16687,0.198,0.932,144.0,1,0.828,22,90000,18,5600,83.3,0
R106837,19,13,228,8000,0.418,0.613,100.7,3,0.639,10,72000,18,4480,51.7,0
R106838,9,25,359,8000,0.272,0.722,109.2,2,0.737,8,93000,24,4340,59.7,0
R106839,5,19,413,8980,0.269,0.759,122.2,2,0.82,3,64000,18,3982,60.4,0
R106840,7,25,395,9320,0.299,0.733,156.5,1,0.914,5,114000,30,4256,60.0,0
R106841,23,20,402,8000,0.198,0.884,120.2,1,0.837,22,65000,30,2427,78.7,1
R106842,12,22,452,10367,0.219,0.85,127.7,1,0.876,7,76000,30,2837,71.7,1
R106843,13,28,673,22041,0.237,0.891,171.2,1,0.814,8,64000,24,2987,77.2,1
R106844,19,25,583,17622,0.336,0.784,136.6,0,0.941,9,41000,30,1531,71.7,1
R106845,11,19,295,8000,0.167,0.707,116.2,2,0.764,10,62000,36,1929,65.1,0
R106846,20,23,545,11460,0.257,0.832,151.4,0,0.942,17,52000,30,1941,77.1,1
R106847,10,24,694,20480,0.312,0.77,106.2,2,0.804,7,83000,24,3873,68.6,1
R106848,8,22,431,15463,0.255,0.926,161.1,0,0.915,7,76000,12,7093,69.1,0
R106849,5,20,519,8081,0.186,0.783,110.4,2,0.784,3,68000,12,6347,67.9,0
R106850,2,24,581,14059,0.17,0.913,149.2,0,0.949,1,97000,24,4527,73.3,1
R106851,13,13,322,14853,0.408,0.547,76.7,3,0.74,9,69000,12,6440,49.7,1
R106852,18,20,502,16241,0.134,0.85,121.3,1,0.904,10,93000,24,4340,81.2,0
R106853,18,19,393,10244,0.481,0.741,118.4,2,0.8,10,92000,30,3435,56.4,0
R106854,24,21,426,14271,0.325,0.731,147.2,2,0.859,19,79000,24,3687,69.3,1
R106855,11,26,720,23062,0.28,0.868,131.1,0,0.891,6,40000,18,2489,74.8,1
R106856,23,19,487,13315,0.249,0.908,153.8,0,0.956,11,67000,24,3127,80.1,0
R106857,12,22,450,8000,0.154,0.839,147.3,3,0.791,10,57000,24,2660,73.5,0
R106858,5,28,735,19235,0.099,0.917,143.8,0,1.0,5,87000,12,8120,83.4,1
R106859,15,19,503,16156,0.329,0.746,134.5,3,0.852,7,74000,12,6907,66.0,1
R106860,5,29,682,19834,0.172,0.764,140.8,1,0.826,3,82000,36,2551,72.8,0
R106861,11,28,764,27011,0.211,0.857,151.9,0,0.933,9,62000,36,1929,79.6,1
R106862,21,23,525,18309,0.185,0.876,139.0,1,0.834,9,84000,30,3136,81.0,0
R106863,1,24,578,8750,0.193,0.783,126.0,1,0.886,1,90000,30,3360,67.7,0
R106864,12,20,549,17845,0.255,0.789,136.4,1,0.863,8,116000,24,5413,70.4,1
R106865,7,24,602,19044,0.247,0.634,107.7,1,0.811,4,96000,18,5973,64.5,1
R106866,21,27,833,19301,0.08,0.972,158.7,0,0.937,15,70000,18,4356,96.9,1
R106867,28,20,360,8071,0.349,0.717,115.4,2,0.762,19,99000,36,3080,65.4,1
R106868,9,27,702,22174,0.423,0.956,125.4,1,0.917,4,89000,18,5538,68.4,0
R106869,17,23,509,14007,0.327,0.633,118.6,1,0.875,12,61000,24,2847,64.6,0
R106870,4,23,466,12733,0.124,0.817,149.1,1,0.877,3,95000,24,4433,70.9,1
R106871,14,24,553,19450,0.201,0.872,119.0,1,0.884,10,78000,36,2427,76.6,0
R106872,6,27,786,23664,0.206,0.991,137.2,0,0.872,3,75000,24,3500,80.0,0
R106873,6,20,416,15839,0.339,0.654,94.5,2,0.8,4,93000,36,2893,54.9,0
R106874,10,21,589,17350,0.162,0.752,142.0,1,0.893,6,61000,30,2277,74.5,1
R106875,6,27,714,21820,0.363,0.802,137.5,1,0.831,4,40000,30,1493,65.1,1
R106876,14,20,524,20537,0.297,0.679,122.2,2,0.712,12,60000,30,2240,64.5,1
R106877,11,22,452,8606,0.268,0.845,153.2,1,0.86,6,74000,12,6907,68.2,0
R106878,7,27,778,31075,0.328,1.0,150.9,0,0.96,5,66000,18,4107,75.5,0
R106879,7,23,531,17223,0.207,0.85,127.4,2,0.861,6,92000,18,5724,70.7,1
R106880,15,17,365,13731,0.453,0.757,101.7,2,0.843,14,91000,12,8493,56.5,0
R106881,18,24,608,14684,0.27,0.837,144.8,2,0.809,8,70000,30,2613,75.3,1
R106882,12,23,503,14669,0.261,0.813,115.8,2,0.794,6,89000,24,4153,68.8,0
R106883,17,22,624,15625,0.239,0.825,120.5,1,0.866,15,67000,30,2501,77.0,0
R106884,5,18,432,10702,0.32,0.638,115.5,2,0.787,4,102000,30,3808,55.2,0
R106885,6,15,418,9833,0.311,0.685,108.3,2,0.771,5,110000,24,5133,56.7,0
R106886,7,22,557,14021,0.08,0.733,136.0,1,0.9,4,66000,30,2464,75.9,0
R106887,5,25,563,18449,0.156,0.855,158.5,0,0.966,3,49000,30,1829,74.1,0
R106888,1,20,536,12607,0.232,0.653,88.6,2,0.79,1,63000,30,2352,60.5,0
R106889,9,25,383,8000,0.203,0.726,121.9,2,0.761,6,99000,18,6160,64.8,1
R106890,6,30,726,15171,0.327,0.916,91.9,2,0.77,5,44000,36,1369,69.8,1
R106891,8,27,587,11430,0.247,0.765,143.3,1,0.829,4,84000,30,3136,68.6,1
R106892,6,23,665,17475,0.311,0.852,162.8,0,0.969,3,58000,24,2707,69.2,1
R106893,8,20,604,16594,0.285,0.836,113.6,1,0.849,7,51000,30,1904,68.8,0
R106894,11,27,638,16574,0.28,0.899,165.1,0,0.944,9,90000,24,4200,74.3,0
R106895,16,15,361,11978,0.311,0.707,121.0,1,0.812,14,76000,18,4729,62.9,1
R106896,22,24,718,22301,0.222,0.832,136.1,1,0.891,14,98000,30,3659,84.2,0
R106897,9,22,697,25750,0.338,0.87,157.5,1,0.873,5,102000,36,3173,70.1,1
R106898,6,21,447,11129,0.454,0.784,114.0,1,0.885,3,63000,24,2940,53.9,0
R106899,3,14,297,13329,0.442,0.575,62.1,3,0.672,2,73000,12,6813,41.2,0
R106900,35,19,398,11733,0.157,0.869,134.2,0,0.98,18,81000,24,3780,82.4,1
R106901,17,28,825,23518,0.316,0.855,98.0,2,0.864,10,64000,24,2987,78.5,0
R106902,12,20,351,8000,0.327,0.797,147.0,1,0.845,6,92000,30,3435,61.8,0
R106903,4,24,497,13440,0.371,0.763,97.6,2,0.835,3,80000,24,3733,57.0,0
R106904,2,21,499,14695,0.203,0.851,148.7,2,0.891,1,70000,24,3267,67.2,0
R106905,3,21,453,15394,0.196,0.833,138.6,1,0.884,2,70000,18,4356,66.6,1
R106906,8,26,648,15306,0.386,0.765,146.2,2,0.897,7,100000,24,4667,62.9,0
R106907,7,22,454,13888,0.198,0.873,142.1,1,0.942,4,67000,30,2501,70.5,0
R106908,6,22,448,15775,0.318,0.751,88.9,1,0.841,6,99000,12,9240,59.8,0
R106909,7,24,453,16226,0.357,0.819,108.4,1,0.856,5,78000,30,2912,60.1,0
R106910,19,19,524,11003,0.212,0.853,131.3,1,0.849,11,42000,18,2613,78.0,1
R106911,4,29,750,23006,0.214,0.964,169.9,1,0.967,3,44000,18,2738,77.9,0
R106912,3,26,524,10746,0.272,0.769,164.5,0,0.916,2,68000,24,3173,63.0,0
R106913,5,20,572,14963,0.239,0.847,160.7,0,0.935,3,84000,12,7840,69.5,0
R106914,5,26,559,12782,0.225,0.925,150.5,0,0.938,5,79000,18,4916,72.0,1
R106915,7,26,414,16190,0.219,0.793,133.2,1,0.899,6,69000,24,3220,66.5,0
R106916,3,18,292,8000,0.383,0.725,84.3,2,0.734,2,76000,24,3547,48.6,0
R106917,15,22,571,13258,0.227,0.844,135.3,2,0.85,11,88000,12,8213,75.3,0
R106918,6,21,524,11710,0.225,0.698,120.6,2,0.747,5,40000,36,1244,64.4,1
R106919,10,15,333,10745,0.293,0.765,112.3,2,0.776,6,73000,24,3407,60.0,0
R106920,11,23,563,15748,0.255,0.839,151.4,2,0.858,7,71000,24,3313,71.2,1
R106921,8,19,484,10551,0.375,0.669,120.4,2,0.778,8,93000,24,4340,56.3,1
R106922,18,29,618,15588,0.272,0.921,162.4,0,0.946,16,72000,24,3360,78.9,1
R106923,22,15,179,8000,0.504,0.56,92.2,3,0.698,17,47000,24,2193,46.9,0
R106924,4,23,526,13419,0.276,0.671,71.4,2,0.745,3,91000,30,3397,59.7,0
R106925,6,18,407,11948,0.271,0.761,107.9,3,0.714,4,57000,36,1773,60.1,1
R106926,5,23,688,12676,0.164,0.954,132.2,0,0.916,2,67000,24,3127,79.1,0
R106927,3,25,782,21281,0.332,0.751,117.8,2,0.838,3,54000,36,1680,65.6,1
R106928,16,24,515,10894,0.263,0.802,90.5,1,0.874,15,70000,24,3267,72.0,0
R106929,14,24,596,19297,0.312,0.88,128.4,1,0.862,7,78000,30,2912,72.0,1
R106930,6,21,483,9364,0.318,0.748,131.5,1,0.865,4,51000,30,1904,60.8,1
R106931,6,17,339,9783,0.41,0.642,78.9,3,0.747,4,97000,12,9053,48.4,0
R106932,12,18,275,8000,0.291,0.754,100.6,2,0.758,7,53000,30,1979,59.7,0
R106933,9,23,540,16192,0.23,0.841,131.3,0,0.922,4,98000,24,4573,71.3,1
R106934,12,30,671,16553,0.208,0.846,157.1,0,0.955,8,83000,24,3873,78.4,1
R106935,7,24,672,17311,0.272,0.86,130.8,1,0.87,5,40000,36,1244,71.3,1
R106936,11,19,407,12428,0.325,0.681,109.3,1,0.815,11,88000,24,4107,59.6,0
R106937,18,12,216,8000,0.592,0.607,85.0,3,0.641,15,71000,24,3313,41.4,0
R106938,10,21,457,13797,0.231,0.843,152.5,1,0.887,5,96000,24,4480,69.4,1
R106939,26,23,552,16623,0.228,0.743,90.0,1,0.795,15,54000,12,5040,77.5,1
R106940,12,16,345,10097,0.289,0.716,87.2,2,0.751,8,70000,30,2613,60.8,1
R106941,2,25,562,20603,0.159,1.0,144.0,0,0.972,2,44000,24,2053,75.8,0
R106942,9,28,568,15646,0.248,0.762,132.4,3,0.782,5,85000,30,3173,67.9,0
R106943,15,20,547,15348,0.33,0.916,141.9,0,0.951,11,104000,12,9707,72.4,1
R106944,13,22,529,20070,0.372,0.819,113.8,1,0.885,8,85000,24,3967,65.5,0
R106945,15,22,623,13235,0.151,1.0,148.7,0,0.896,9,85000,24,3967,85.2,1
R106946,11,20,373,10647,0.323,0.818,114.4,1,0.865,7,72000,36,2240,62.6,0
R106947,25,22,611,15993,0.255,0.748,118.9,2,0.832,12,74000,18,4604,78.1,1
R106948,16,19,511,11317,0.25,0.751,131.4,2,0.806,10,86000,18,5351,70.9,0
R106949,11,24,668,21623,0.211,0.866,144.4,1,0.832,6,81000,30,3024,76.4,1
R106950,12,25,473,17278,0.352,0.785,125.6,1,0.775,8,75000,24,3500,62.6,1
R106951,33,24,479,14905,0.24,0.826,158.3,2,0.929,16,56000,30,2091,78.5,1
R106952,23,22,397,17843,0.305,0.649,117.7,2,0.845,17,79000,18,4916,67.4,1
R106953,9,30,659,22088,0.159,0.944,163.1,0,0.962,8,56000,24,2613,81.1,0
R106954,13,18,225,8000,0.494,0.585,87.9,2,0.745,10,52000,30,1941,43.8,0
R106955,25,13,240,9769,0.259,0.702,105.4,2,0.788,22,94000,12,8773,67.0,0
R106956,5,19,334,12657,0.327,0.749,91.8,2,0.714,3,68000,18,4231,54.3,1
R106957,8,11,292,8000,0.304,0.691,89.5,2,0.751,7,96000,24,4480,55.1,0
R106958,19,13,233,8000,0.495,0.547,50.7,3,0.632,9,76000,24,3547,45.8,0
R106959,6,19,469,14202,0.368,0.834,143.0,2,0.834,6,98000,36,3049,59.5,1
R106960,9,23,624,12185,0.22,0.806,134.2,1,0.843,5,85000,18,5289,72.4,1
R106961,12,22,469,9200,0.327,0.915,125.3,0,0.916,8,76000,30,2837,68.4,0
R106962,17,27,589,11096,0.277,0.907,156.7,0,0.973,9,86000,36,2676,77.6,1
R106963,4,27,593,11659,0.151,0.862,148.6,1,0.851,2,75000,30,2800,73.6,0
R106964,18,22,520,14333,0.225,0.977,158.3,0,0.824,11,91000,36,2831,79.3,1
R106965,11,22,389,8767,0.214,0.817,117.4,1,0.877,8,80000,24,3733,69.0,0
R106966,12,13,307,8000,0.293,0.805,104.8,1,0.798,11,53000,36,1649,62.0,1
R106967,3,20,545,15114,0.135,0.913,130.4,0,0.915,2,46000,24,2147,74.5,1
R106968,10,28,642,18241,0.201,0.848,153.4,0,0.847,9,48000,30,1792,75.7,1
R106969,4,22,481,12470,0.197,0.884,159.0,0,0.908,3,95000,24,4433,69.8,0
R106970,26,19,380,10698,0.254,0.752,101.1,1,0.868,24,67000,30,2501,72.8,1
R106971,8,22,664,18648,0.257,0.978,142.6,0,0.918,7,91000,24,4247,76.2,0
R106972,23,13,241,8000,0.457,0.572,91.5,2,0.721,13,69000,18,4293,51.8,1
R106973,12,18,408,14363,0.332,0.775,113.5,2,0.834,8,96000,36,2987,62.0,0
R106974,23,25,621,16427,0.134,0.888,149.6,1,0.957,17,84000,36,2613,88.7,1
R106975,2,22,617,17029,0.347,0.752,134.5,2,0.813,2,108000,30,4032,59.6,0
R106976,6,21,413,12311,0.389,0.573,61.5,3,0.757,5,75000,36,2333,49.5,0
R106977,22,17,437,14574,0.291,0.678,108.9,2,0.708,10,97000,12,9053,67.5,0
R106978,29,23,512,11558,0.255,0.839,151.9,1,0.938,14,83000,36,2582,78.9,1
R106979,9,19,392,8454,0.404,0.804,116.5,2,0.797,7,85000,18,5289,56.6,0
R106980,7,24,650,18183,0.293,0.859,143.3,1,0.827,6,61000,18,3796,69.2,0
R106981,4,22,495,14639,0.145,0.951,159.9,0,0.945,3,59000,18,3671,74.5,0
R106982,3,24,414,13588,0.262,0.788,159.2,1,0.859,2,96000,24,4480,60.7,0
R106983,2,24,640,14963,0.159,0.836,164.0,1,0.892,1,85000,30,3173,73.1,1
R106984,11,22,416,14553,0.157,0.859,176.2,0,0.926,9,71000,30,2651,73.8,0
R106985,10,21,524,14783,0.333,0.813,133.9,1,0.911,5,76000,36,2364,65.7,0
R106986,4,23,632,15961,0.278,0.769,127.2,1,0.889,4,47000,12,4387,66.2,0
R106987,6,21,634,13499,0.228,0.83,115.8,1,0.855,4,86000,24,4013,71.3,0
R106988,9,22,456,8967,0.232,0.9,119.8,0,0.882,7,113000,36,3516,70.0,0
R106989,2,18,461,15860,0.338,0.749,145.7,1,0.852,2,40000,12,3733,56.4,1
R106990,12,29,583,17174,0.449,0.888,118.5,1,0.878,6,54000,24,2520,63.7,0
R106991,13,19,446,10809,0.107,0.688,139.9,1,0.809,11,74000,36,2302,73.2,1
R106992,15,18,525,13371,0.291,0.799,110.5,1,0.834,11,95000,24,4433,69.9,1
R106993,14,19,471,11902,0.204,0.825,111.4,0,0.943,7,70000,30,2613,74.3,1
R106994,10,24,614,14860,0.263,1.0,145.4,0,1.0,4,95000,24,4433,76.7,1
R106995,26,23,577,20717,0.276,0.785,103.4,2,0.789,14,49000,30,1829,76.6,1
R106996,7,25,653,18151,0.159,0.921,174.6,0,0.867,4,65000,24,3033,78.5,1
R106997,14,23,592,11363,0.265,0.784,120.7,1,0.831,7,84000,36,2613,71.9,1
R106998,4,24,598,12903,0.39,0.814,118.7,1,0.77,4,99000,24,4620,59.3,0
R106999,4,21,474,11032,0.172,0.77,113.2,1,0.796,2,51000,24,2380,66.8,0
R107000,14,26,531,11344,0.206,0.834,153.9,0,0.849,10,97000,30,3621,74.5,1
R107001,5,30,745,19096,0.235,0.886,152.9,1,0.97,2,120000,30,4480,75.5,1
R107002,13,25,489,19415,0.384,0.873,121.1,1,0.783,10,77000,12,7187,64.3,1
R107003,14,27,551,12494,0.103,0.925,128.7,0,1.0,7,61000,24,2847,84.4,1
R107004,28,17,357,9773,0.331,0.572,75.1,2,0.675,15,81000,24,3780,61.8,0
R107005,4,19,365,8106,0.424,0.664,78.3,2,0.768,2,63000,12,5880,47.7,0
R107006,3,22,340,8920,0.282,0.766,95.3,3,0.76,3,54000,24,2520,56.7,0
R107007,11,27,773,25908,0.083,0.951,170.9,1,0.955,7,51000,30,1904,89.4,1
R107008,21,25,494,10345,0.321,0.886,126.6,1,0.902,15,54000,24,2520,74.2,0
R107009,11,21,563,18459,0.337,0.686,83.9,2,0.736,9,88000,24,4107,61.8,1
R107010,46,16,419,11655,0.251,0.751,123.7,1,0.893,23,78000,24,3640,74.2,0
R107011,13,23,561,10275,0.187,0.775,120.7,2,0.785,9,74000,24,3453,73.9,1
R107012,13,11,257,8821,0.468,0.579,91.3,3,0.648,6,103000,18,6409,44.9,0
R107013,8,26,671,20646,0.15,0.828,128.3,1,0.959,8,75000,36,2333,78.7,0
R107014,15,15,317,8000,0.35,0.737,107.6,3,0.78,10,68000,24,3173,59.1,0
R107015,21,25,849,22917,0.419,0.872,181.2,0,0.926,19,58000,18,3609,76.3,1
R107016,12,25,504,8698,0.127,0.928,148.7,1,0.909,10,82000,24,3827,79.8,0
R107017,20,16,393,10063,0.453,0.841,110.5,2,0.79,13,88000,36,2738,61.5,0
R107018,12,21,440,18134,0.382,0.765,123.7,1,0.881,9,69000,30,2576,60.3,0
R107019,4,27,577,14066,0.189,0.909,132.3,0,0.942,2,104000,24,4853,73.1,1
R107020,3,21,455,13690,0.238,0.796,163.6,1,0.851,2,54000,30,2016,63.4,0
R107021,17,26,559,12493,0.174,0.693,134.5,0,0.959,11,60000,18,3733,76.3,1
R107022,12,26,817,21253,0.256,0.879,160.1,0,0.834,7,120000,18,7467,78.6,1
R107023,21,20,623,20526,0.252,0.859,131.1,1,0.9,16,81000,24,3780,79.8,1
R107024,17,19,268,8000,0.318,0.828,100.2,2,0.752,9,49000,12,4573,63.0,1
R107025,3,18,439,10406,0.309,0.736,93.9,2,0.749,2,56000,30,2091,56.7,0
R107026,8,15,296,9687,0.384,0.579,49.2,3,0.691,6,80000,24,3733,47.5,0
R107027,5,18,461,15536,0.318,0.727,126.7,2,0.877,5,70000,24,3267,59.2,1
R107028,10,21,523,12396,0.151,0.901,157.4,0,0.881,5,82000,36,2551,77.2,0
R107029,10,29,760,23333,0.169,0.947,146.2,0,0.937,7,84000,36,2613,83.5,0
R107030,3,22,379,8000,0.383,0.895,94.5,1,0.754,1,72000,30,2688,55.2,1
R107031,7,25,789,24799,0.197,0.881,151.9,0,0.936,6,40000,30,1493,79.4,1
R107032,7,25,600,13667,0.234,0.845,123.7,1,0.79,6,56000,36,1742,70.3,0
R107033,14,22,593,19142,0.166,0.92,148.3,0,0.906,9,68000,36,2116,81.1,0
R107034,10,22,509,10018,0.395,0.863,106.9,1,0.896,8,70000,36,2178,63.0,1
R107035,6,18,416,12041,0.285,0.725,94.5,2,0.755,5,89000,18,5538,59.2,0
R107036,6,22,562,16711,0.307,0.802,142.2,0,0.928,5,96000,30,3584,64.9,0
R107037,3,22,585,13271,0.157,0.911,148.5,0,0.912,2,54000,24,2520,74.2,1
R107038,16,23,518,12813,0.366,0.711,121.4,2,0.804,10,41000,24,1913,64.0,1
R107039,17,21,494,11622,0.229,0.832,101.3,1,0.808,15,76000,24,3547,73.9,1
R107040,22,24,450,10200,0.338,0.861,114.4,1,0.845,18,74000,36,2302,71.2,1
R107041,7,25,606,20427,0.14,0.914,135.5,0,0.903,6,82000,36,2551,78.1,0
R107042,26,27,662,20596,0.191,0.82,142.2,1,0.886,21,80000,24,3733,85.1,0
R107043,17,26,680,20184,0.201,0.86,137.7,2,0.854,15,42000,24,1960,81.1,0
R107044,18,24,516,12533,0.238,0.845,142.3,0,0.928,13,78000,18,4853,76.3,1
R107045,8,17,427,18439,0.316,0.686,131.1,1,0.777,7,59000,18,3671,58.2,1
R107046,8,28,857,26145,0.08,0.877,190.0,0,0.876,7,62000,24,2893,85.5,1
R107047,15,26,707,15491,0.206,0.792,123.8,2,0.823,9,59000,18,3671,78.7,0
R107048,22,30,761,24164,0.366,0.874,158.5,1,0.877,13,81000,24,3780,78.5,1
R107049,26,24,650,16062,0.295,0.958,149.4,2,0.778,16,82000,24,3827,81.7,0
R107050,24,18,399,12492,0.175,0.779,105.7,2,0.71,13,40000,24,1867,76.4,1
R107051,14,20,501,10687,0.329,0.73,127.3,1,0.907,10,47000,24,2193,65.4,1
R107052,4,14,328,11728,0.319,0.77,86.6,2,0.808,3,74000,30,2763,55.5,1
R107053,1,12,181,8000,0.477,0.565,69.0,3,0.682,1,82000,36,2551,35.2,0
R107054,18,19,574,21078,0.308,0.892,138.8,2,0.831,13,97000,30,3621,73.9,1
R107055,6,24,829,20383,0.201,0.782,124.5,1,0.783,3,65000,18,4044,74.5,0
R107056,31,26,532,13177,0.295,0.845,133.4,2,0.787,21,79000,36,2458,76.0,0
R107057,23,30,861,24033,0.25,0.993,162.2,0,0.969,15,81000,18,5040,90.0,1
R107058,11,30,650,15821,0.243,0.821,135.5,1,0.909,8,59000,30,2203,74.0,1
R107059,11,26,577,14425,0.302,0.85,149.6,0,0.917,5,64000,24,2987,70.3,1
R107060,16,20,454,13469,0.156,0.862,131.5,1,0.884,9,64000,24,2987,77.5,0
R107061,11,19,506,15185,0.367,0.736,119.6,1,0.716,8,89000,18,5538,60.1,0
R107062,16,24,558,17324,0.115,1.0,156.0,0,0.886,9,89000,36,2769,86.1,0
R107063,11,24,434,15602,0.238,0.647,81.9,2,0.736,5,85000,30,3173,62.7,0
R107064,8,15,369,8000,0.152,0.846,120.4,1,0.896,5,93000,24,4340,70.3,1
R107065,6,30,778,21192,0.08,0.97,156.7,0,0.935,4,80000,18,4978,86.5,0
R107066,8,19,439,8000,0.378,0.82,117.2,2,0.882,5,58000,24,2707,59.6,1
R107067,12,24,651,12809,0.149,0.836,170.9,0,0.879,10,63000,18,3920,80.0,0
R107068,5,13,299,11434,0.332,0.739,94.9,2,0.809,4,98000,24,4573,54.0,0
R107069,19,23,536,14044,0.283,0.71,105.5,1,0.805,16,72000,18,4480,70.4,0
R107070,12,29,799,29247,0.296,0.855,167.5,2,0.89,9,72000,18,4480,76.5,0
R107071,9,22,639,16466,0.166,0.858,129.0,0,0.964,8,52000,30,1941,78.2,0
R107072,5,21,313,8000,0.392,0.696,87.0,2,0.738,4,57000,24,2660,49.3,0
R107073,20,22,577,8000,0.276,0.774,105.1,2,0.675,12,70000,24,3267,72.9,0
R107074,25,22,624,22491,0.289,0.85,165.4,1,0.884,15,89000,12,8307,79.7,1
R107075,1,20,492,13466,0.182,0.968,145.6,0,0.972,1,72000,24,3360,71.7,1
R107076,12,26,701,17577,0.219,0.886,163.5,0,0.901,8,40000,30,1493,78.6,1
R107077,23,26,707,16860,0.143,0.953,132.4,1,0.906,15,77000,36,2396,91.3,1
R107078,16,21,498,14441,0.281,0.921,129.1,1,0.871,13,85000,30,3173,73.4,0
R107079,3,28,634,16593,0.221,0.933,165.8,1,0.847,2,91000,36,2831,72.1,0
R107080,9,18,364,10592,0.203,0.774,98.3,1,0.826,5,73000,36,2271,65.7,0
R107081,5,24,611,14391,0.087,0.766,142.0,0,0.863,2,64000,30,2389,75.6,0
R107082,5,22,514,12160,0.328,0.952,142.8,0,0.922,4,56000,24,2613,66.0,1
R107083,11,17,354,8000,0.448,0.585,105.3,3,0.72,10,85000,30,3173,48.1,0
R107084,15,21,494,10503,0.4,0.684,97.7,2,0.86,9,72000,18,4480,60.3,1
R107085,7,30,689,20445,0.294,0.9,133.6,2,0.924,5,51000,24,2380,72.1,1
R107086,10,26,796,22191,0.263,0.893,130.4,0,0.9,6,80000,36,2489,78.0,1
R107087,14,17,395,8099,0.378,0.798,110.7,1,0.764,7,82000,18,5102,60.8,0
R107088,3,28,673,20997,0.104,1.0,168.7,1,0.955,2,81000,36,2520,82.1,1
R107089,5,25,627,23197,0.192,0.91,147.3,1,0.901,3,90000,18,5600,74.7,1
R107090,6,19,418,9166,0.507,0.74,122.3,2,0.673,5,40000,24,1867,46.8,0
R107091,8,20,399,8000,0.372,0.778,138.1,1,0.785,5,72000,36,2240,57.0,0
R107092,9,26,680,15084,0.08,0.878,150.9,2,0.812,7,56000,24,2613,82.6,0
R107093,11,18,371,8000,0.369,0.749,117.1,3,0.821,10,70000,24,3267,57.9,0
R107094,7,26,683,21131,0.188,0.962,146.3,1,0.85,4,89000,24,4153,78.3,1
R107095,15,27,869,31555,0.124,0.903,140.0,1,0.915,9,88000,36,2738,88.9,1
R107096,7,24,467,18810,0.365,0.881,156.4,1,0.845,5,86000,12,8027,61.8,1
R107097,4,22,478,13235,0.309,0.724,98.0,2,0.78,3,40000,12,3733,58.4,0
R107098,6,15,290,8000,0.318,0.745,135.0,1,0.88,6,93000,18,5787,56.2,0
R107099,5,22,540,11118,0.199,0.795,150.0,1,0.89,2,84000,18,5227,68.9,0
R107100,2,17,319,8000,0.398,0.711,77.2,2,0.721,1,96000,36,2987,47.2,0
R107101,29,21,488,18509,0.326,0.829,104.0,1,0.823,14,92000,24,4293,73.2,0
R107102,2,22,499,12988,0.239,0.878,154.2,0,0.899,1,50000,36,1556,66.1,0
R107103,8,18,406,8849,0.313,0.757,94.4,3,0.839,7,47000,30,1755,60.1,1
R107104,10,26,781,28025,0.24,0.856,166.4,0,0.926,7,58000,36,1804,78.1,0
R107105,10,24,402,8000,0.401,0.931,124.3,1,0.878,6,67000,30,2501,61.4,1
R107106,1,23,361,9503,0.331,0.784,148.0,1,0.863,1,70000,30,2613,54.9,0
R107107,11,24,639,22246,0.155,0.944,174.4,1,0.861,5,113000,36,3516,81.0,1
R107108,20,28,663,10487,0.131,0.791,153.3,1,0.979,10,49000,24,2287,86.1,1
R107109,3,27,601,18443,0.089,0.978,146.1,2,0.841,3,68000,24,3173,79.4,0
R107110,11,20,408,14207,0.282,0.738,99.1,3,0.697,6,79000,36,2458,61.7,1
R107111,11,19,474,14871,0.177,0.773,119.4,1,0.848,9,79000,12,7373,71.3,1
R107112,9,30,635,21489,0.225,0.726,104.7,2,0.723,8,70000,30,2613,69.4,0
R107113,32,16,354,9097,0.453,0.537,64.3,2,0.693,30,86000,24,4013,54.6,0
R107114,9,20,429,13967,0.342,0.788,141.9,1,0.869,6,120000,24,5600,61.0,1
R107115,7,30,739,22810,0.217,0.842,128.9,2,0.928,4,67000,24,3127,75.7,0
R107116,2,18,395,13897,0.431,0.604,91.5,2,0.645,2,97000,30,3621,44.5,0
R107117,22,23,331,8359,0.334,0.686,133.5,2,0.855,17,70000,24,3267,64.4,1
R107118,5,25,558,15792,0.273,0.867,120.6,0,0.962,3,52000,36,1618,67.9,1
R107119,12,22,524,8432,0.404,0.652,104.6,2,0.702,9,90000,30,3360,56.8,0
R107120,24,24,514,18892,0.322,0.771,146.8,1,0.891,19,91000,30,3397,73.0,0
R107121,14,17,426,17982,0.328,0.727,125.3,1,0.894,10,88000,12,8213,63.3,0
R107122,3,21,462,10873,0.25,0.692,123.5,1,0.881,2,115000,30,4293,60.5,1
R107123,16,20,407,13794,0.404,0.706,100.6,2,0.694,14,46000,24,2147,57.5,1
R107124,6,21,467,8000,0.422,0.9,148.8,1,0.848,6,87000,36,2707,58.6,0
R107125,15,18,450,14652,0.292,0.971,119.6,1,0.911,12,56000,36,1742,72.8,0
R107126,29,21,506,17907,0.351,0.741,135.3,2,0.77,14,79000,24,3687,69.6,0
R107127,14,25,579,14420,0.407,0.719,107.3,1,0.903,11,66000,24,3080,63.1,1
R107128,10,26,628,20388,0.243,0.768,122.8,2,0.882,6,82000,30,3061,71.2,0
R107129,1,20,507,15317,0.159,0.775,144.5,1,0.951,1,77000,30,2875,68.0,1
R107130,6,21,562,14820,0.224,0.723,139.4,1,0.849,5,80000,24,3733,66.6,0
R107131,4,23,739,23538,0.215,0.869,142.8,2,0.838,3,54000,24,2520,74.2,0
R107132,14,19,360,8803,0.318,0.721,124.9,1,0.857,10,86000,24,4013,61.8,1
R107133,23,21,435,15922,0.176,0.827,140.0,1,0.89,13,52000,18,3236,79.6,0
R107134,13,19,478,13699,0.256,0.722,96.2,2,0.698,12,87000,30,3248,65.8,1
R107135,11,26,768,20494,0.241,0.805,142.0,1,0.945,8,70000,30,2613,77.0,0
R107136,11,18,271,8000,0.271,0.618,109.2,2,0.778,10,84000,24,3920,56.6,0
R107137,9,14,281,8384,0.505,0.591,87.0,2,0.689,6,51000,18,3173,42.2,0
R107138,21,24,554,16381,0.138,0.844,180.9,1,0.983,17,94000,24,4387,84.9,1
R107139,16,20,455,13292,0.196,0.819,157.4,0,0.909,13,63000,24,2940,75.1,0
R107140,25,26,668,19806,0.223,0.885,155.4,1,1.0,20,67000,30,2501,86.3,1
R107141,24,24,611,20429,0.423,0.881,139.5,0,0.908,16,59000,24,2753,73.0,0
R107142,35,24,495,14444,0.289,0.755,132.2,1,0.832,22,73000,30,2725,73.6,1
R107143,18,19,409,15106,0.337,0.775,148.1,1,0.85,16,94000,24,4387,66.1,0
R107144,17,22,546,16474,0.264,0.781,129.3,1,0.79,8,84000,30,3136,71.8,0
R107145,10,26,660,25211,0.115,0.896,166.5,0,0.968,7,64000,12,5973,82.9,1
R107146,11,16,335,8767,0.25,0.84,118.5,1,0.869,7,88000,36,2738,66.0,1
R107147,20,23,523,15083,0.254,0.977,136.7,1,0.887,12,81000,18,5040,79.5,0
R107148,8,24,568,13231,0.37,0.738,127.5,1,0.903,4,88000,24,4107,61.5,0
R107149,22,22,505,15165,0.331,0.85,130.3,1,0.91,15,47000,30,1755,73.3,1
R107150,10,18,420,10041,0.335,0.698,101.1,1,0.832,5,90000,24,4200,58.9,0
R107151,11,17,300,15738,0.362,0.687,83.1,4,0.729,7,59000,36,1836,54.3,0
R107152,28,17,417,11204,0.227,0.708,122.5,1,0.893,19,67000,36,2084,74.3,1
R107153,17,20,377,8723,0.293,0.677,102.2,2,0.758,12,55000,30,2053,63.3,0
R107154,12,21,388,10729,0.402,0.65,100.0,2,0.746,9,107000,30,3995,53.8,0
R107155,32,18,284,8000,0.419,0.711,77.0,3,0.733,23,84000,18,5227,59.4,1
R107156,7,21,429,13123,0.444,0.623,114.0,2,0.694,4,97000,36,3018,48.5,0
R107157,6,22,593,17435,0.134,0.865,144.0,0,0.951,4,75000,24,3500,76.8,1
R107158,6,20,486,16264,0.221,0.784,135.9,1,0.864,3,61000,18,3796,66.5,0
R107159,13,24,626,20626,0.371,0.92,151.9,1,0.897,10,68000,30,2539,70.2,0
R107160,11,23,504,8000,0.456,0.624,76.2,2,0.735,5,76000,12,7093,52.8,1
R107161,14,21,609,17836,0.355,0.917,123.3,5,0.817,13,51000,24,2380,70.7,0
R107162,3,27,548,9948,0.315,0.715,117.0,1,0.822,2,65000,30,2427,59.0,0
R107163,3,22,518,13188,0.346,0.82,131.8,1,0.891,2,52000,24,2427,60.1,0
R107164,6,20,405,14436,0.255,0.718,142.5,1,0.888,5,48000,24,2240,61.4,1
R107165,13,28,543,11144,0.329,0.79,144.6,1,0.825,11,80000,24,3733,66.4,1
R107166,8,21,532,13619,0.299,0.728,141.1,1,0.875,7,114000,30,4256,63.8,0
R107167,4,22,508,10399,0.245,0.886,133.3,1,0.891,4,93000,36,2893,67.8,0
R107168,5,28,800,22134,0.213,0.915,121.8,0,0.952,5,93000,24,4340,78.7,1
R107169,17,28,912,18472,0.08,0.875,156.3,0,0.914,12,72000,30,2688,91.8,1
R107170,25,18,517,16014,0.257,0.677,113.3,2,0.713,24,89000,36,2769,72.7,0
R107171,9,27,609,20492,0.319,0.902,123.5,1,0.8,6,81000,24,3780,68.6,0
R107172,5,20,413,8592,0.356,0.784,103.6,1,0.772,3,57000,24,2660,55.9,0
R107173,13,22,562,18040,0.26,0.966,138.7,0,0.942,11,62000,36,1929,76.4,1
R107174,30,23,573,11185,0.111,0.695,147.4,0,0.916,17,74000,30,2763,84.2,0
R107175,12,20,544,10326,0.205,0.892,126.6,1,0.845,9,93000,24,4340,75.1,0
R107176,12,25,599,18846,0.301,0.906,154.9,0,0.928,9,100000,30,3733,73.1,1
R107177,10,25,577,17937,0.113,0.884,156.3,0,0.907,6,89000,18,5538,80.1,0
R107178,15,26,550,13791,0.222,0.871,131.1,1,0.9,13,119000,24,5553,76.3,0
R107179,12,20,468,11187,0.28,0.705,78.8,2,0.786,7,73000,24,3407,64.5,0
R107180,2,21,454,10272,0.311,0.781,135.4,1,0.906,2,64000,36,1991,59.2,0
R107181,15,25,648,14350,0.156,0.826,145.3,0,0.965,12,64000,36,1991,81.6,1
R107182,12,18,382,13585,0.415,0.768,83.8,1,0.772,6,74000,18,4604,56.3,0
R107183,5,19,373,12782,0.373,0.74,110.0,3,0.74,2,50000,36,1556,52.8,0
R107184,7,22,597,15231,0.302,0.728,115.0,1,0.862,5,59000,36,1836,64.3,0
R107185,3,24,525,14135,0.27,0.854,133.0,0,0.934,2,84000,30,3136,65.8,1
R107186,16,28,659,20270,0.347,0.796,134.6,2,0.856,10,95000,30,3547,70.9,1
R107187,19,27,724,12037,0.311,0.877,105.9,1,0.881,14,59000,30,2203,78.4,1
R107188,13,20,344,12984,0.37,0.834,130.0,1,0.841,11,49000,24,2287,60.8,0
R107189,8,29,715,15413,0.144,0.909,155.2,0,1.0,5,56000,36,1742,82.4,1
R107190,11,18,347,8000,0.374,0.589,85.4,2,0.663,5,76000,30,2837,51.4,0
R107191,13,19,450,12350,0.202,0.796,108.1,1,0.833,10,81000,30,3024,71.2,0
R107192,13,29,768,22089,0.259,0.881,148.4,0,0.931,8,107000,36,3329,79.1,1
R107193,17,20,658,21877,0.197,0.849,148.1,0,0.891,14,71000,36,2209,81.1,0
R107194,7,23,468,9768,0.324,0.616,110.4,2,0.755,6,41000,24,1913,56.1,0
R107195,12,25,527,15588,0.208,0.842,157.0,0,0.909,6,93000,18,5787,74.0,0
R107196,6,18,332,8567,0.323,0.862,122.6,2,0.846,5,87000,24,4060,59.1,0
R107197,16,20,358,10122,0.274,0.859,91.9,1,0.785,9,79000,18,4916,68.1,0
R107198,6,29,829,20986,0.27,0.826,129.2,1,0.836,3,74000,12,6907,72.9,0
R107199,33,30,619,14801,0.179,0.837,125.0,1,0.818,17,103000,24,4807,84.4,1
R107200,11,21,394,8055,0.338,0.823,139.5,3,0.824,8,85000,24,3967,62.1,0
R107201,8,23,598,15232,0.09,0.815,129.2,1,0.83,7,64000,30,2389,78.2,0
R107202,7,21,482,15529,0.21,0.758,120.3,2,0.803,7,61000,24,2847,66.7,1
R107203,11,26,465,14241,0.245,0.81,158.4,1,0.936,10,76000,30,2837,69.5,0
R107204,28,26,605,13121,0.349,0.767,128.9,2,0.835,24,89000,30,3323,73.5,1
R107205,5,21,312,12347,0.327,0.818,131.5,1,0.926,3,50000,36,1556,57.6,1
R107206,16,15,250,8000,0.304,0.63,95.5,4,0.669,9,43000,24,2007,57.1,0
R107207,6,23,581,8000,0.08,0.949,149.8,0,0.955,3,60000,24,2800,81.5,1
R107208,4,17,335,9516,0.485,0.601,127.1,3,0.722,3,40000,30,1493,42.1,0
R107209,14,24,468,11171,0.288,0.745,130.4,1,0.83,7,54000,36,1680,66.5,1
R107210,8,20,560,18662,0.367,0.669,110.0,2,0.761,5,109000,30,4069,58.5,0
R107211,11,27,684,20429,0.146,0.991,145.8,1,0.925,6,84000,24,3920,84.2,1
R107212,13,23,589,17657,0.326,0.692,133.2,2,0.811,8,87000,24,4060,65.6,0
R107213,28,23,474,10356,0.129,0.848,127.4,1,0.873,20,75000,24,3500,84.2,1
R107214,16,22,513,18561,0.252,0.759,128.5,1,0.853,15,62000,18,3858,71.2,1
R107215,8,26,599,19527,0.295,0.913,149.6,0,0.972,5,67000,30,2501,71.5,0
R107216,17,18,430,12527,0.179,0.784,125.0,1,0.879,12,42000,24,1960,74.6,0
R107217,4,23,494,13418,0.406,0.841,108.7,1,0.86,3,91000,30,3397,57.3,1
R107218,9,24,562,18504,0.222,0.755,119.9,1,0.832,8,70000,24,3267,69.7,0
R107219,8,19,324,8000,0.317,0.716,83.9,2,0.793,7,63000,30,2352,56.2,0
R107220,36,27,668,16394,0.223,0.864,179.6,1,0.878,19,64000,24,2987,84.6,1
R107221,6,21,540,18120,0.385,0.912,136.2,0,0.893,5,100000,24,4667,62.8,1
R107222,16,23,405,13827,0.26,0.744,122.2,1,0.865,14,49000,24,2287,67.8,0
R107223,7,23,611,18854,0.335,0.841,154.4,1,0.873,6,80000,24,3733,66.1,1
R107224,6,23,586,18735,0.195,0.754,122.0,1,0.869,4,65000,18,4044,69.6,0
R107225,6,20,321,10134,0.271,0.767,105.4,1,0.83,4,84000,18,5227,59.4,0
R107226,12,21,546,20549,0.217,0.843,167.7,0,0.883,7,65000,24,3033,73.7,1
R107227,10,26,663,23746,0.14,0.813,165.5,1,0.871,7,58000,24,2707,78.8,1
R107228,8,16,387,15092,0.228,0.775,117.1,1,0.807,6,93000,18,5787,64.6,1
R107229,19,13,203,9068,0.358,0.695,91.8,4,0.694,11,61000,24,2847,56.8,0
R107230,9,23,420,10628,0.332,0.859,103.7,2,0.787,4,89000,30,3323,62.2,1
R107231,18,23,501,17250,0.231,0.878,163.3,0,0.9,14,85000,24,3967,77.0,1
R107232,11,22,600,13465,0.349,0.709,115.4,1,0.908,5,100000,36,3111,64.3,0
R107233,5,15,293,8000,0.284,0.676,95.7,3,0.758,2,64000,30,2389,54.1,1
R107234,11,25,708,12388,0.325,0.813,157.4,0,0.813,7,74000,24,3453,70.4,1
R107235,11,23,460,12024,0.353,0.826,97.0,1,0.883,6,46000,24,2147,63.7,0
R107236,41,22,535,13396,0.158,0.804,164.7,1,0.879,28,64000,24,2987,83.2,1
R107237,23,25,711,16739,0.192,0.869,111.3,0,0.889,19,62000,36,1929,87.2,1
R107238,26,27,786,15179,0.2,0.857,151.2,0,0.912,15,43000,12,4013,88.9,1
R107239,10,19,494,11751,0.202,0.882,130.3,1,0.906,10,66000,18,4107,73.4,1
R107240,7,18,324,13772,0.335,0.663,112.3,3,0.736,4,57000,12,5320,53.1,0
R107241,9,26,636,18549,0.195,0.876,131.0,0,0.877,8,73000,36,2271,76.2,1
R107242,9,21,548,14256,0.345,0.782,109.7,1,0.829,4,83000,36,2582,63.1,1
R107243,19,18,396,8000,0.413,0.731,89.5,2,0.747,15,85000,36,2644,59.8,0
R107244,7,19,521,10284,0.272,0.917,113.8,1,0.861,5,78000,36,2427,69.1,1
R107245,17,23,424,8000,0.143,0.844,147.0,1,0.866,16,82000,18,5102,77.9,0
R107246,20,16,319,10539,0.369,0.644,110.6,2,0.705,12,77000,24,3593,58.7,0
R107247,15,25,626,22439,0.256,0.859,111.6,0,0.9,10,43000,30,1605,76.1,1
R107248,4,27,608,20395,0.377,0.883,154.0,1,0.911,4,74000,36,2302,63.4,0
R107249,14,18,376,8000,0.266,0.906,151.8,1,0.828,8,77000,30,2875,69.4,1
R107250,4,24,503,14447,0.296,0.675,152.2,1,0.785,2,74000,24,3453,58.3,0
R107251,11,27,660,16655,0.279,0.821,93.5,2,0.79,10,93000,36,2893,71.4,0
R107252,9,24,578,15552,0.367,0.705,126.1,2,0.763,7,70000,30,2613,60.4,0
R107253,15,26,609,14344,0.263,0.758,118.2,2,0.815,13,82000,24,3827,72.3,1
R107254,8,23,468,13585,0.348,0.882,122.1,1,0.864,6,91000,30,3397,63.3,1
R107255,7,19,379,8000,0.369,0.767,132.6,2,0.76,5,67000,36,2084,55.6,0
R107256,8,14,253,8000,0.502,0.786,106.4,2,0.74,5,99000,30,3696,46.2,0
R107257,9,20,509,9913,0.3,0.797,119.4,1,0.789,6,75000,24,3500,64.3,0
R107258,4,25,680,21652,0.35,0.803,97.0,1,0.878,3,66000,18,4107,64.0,0
R107259,21,21,451,12417,0.177,0.94,120.6,0,0.96,10,73000,18,4542,82.4,0
R107260,9,19,535,9752,0.308,0.946,126.2,2,0.842,6,66000,24,3080,69.0,0
R107261,17,18,522,11345,0.409,0.695,129.8,2,0.763,9,80000,36,2489,61.6,0
R107262,14,21,640,17026,0.324,0.933,168.6,0,0.963,10,92000,24,4293,74.8,0
R107263,9,30,752,20673,0.202,0.833,156.8,1,0.899,6,92000,24,4293,78.0,1
R107264,8,24,570,19608,0.249,0.704,105.5,1,0.823,4,44000,30,1643,66.0,0
R107265,4,21,526,11824,0.328,0.818,121.6,1,0.884,3,98000,36,3049,61.6,0
R107266,7,26,742,18821,0.131,0.83,152.1,1,0.818,4,87000,36,2707,79.1,0
R107267,4,21,553,12430,0.335,0.849,134.0,1,0.803,4,62000,12,5787,62.3,1
R107268,5,22,571,11629,0.298,0.794,93.3,1,0.853,4,50000,30,1867,64.5,0
R107269,17,17,346,8000,0.364,0.824,138.5,2,0.796,8,57000,18,3547,62.9,0
R107270,8,19,497,11287,0.166,0.893,157.0,0,1.0,5,90000,30,3360,75.1,1
R107271,6,17,273,8000,0.393,0.565,69.5,2,0.738,4,95000,12,8867,45.7,0
R107272,8,22,500,12389,0.437,0.737,117.8,2,0.736,4,88000,24,4107,54.5,1
R107273,4,25,421,12764,0.36,0.76,109.5,1,0.853,3,83000,12,7747,56.0,0
R107274,5,21,474,8000,0.223,0.796,133.4,1,0.94,3,84000,24,3920,66.6,0
R107275,18,21,416,12760,0.343,0.673,117.2,2,0.849,13,42000,18,2613,63.4,0
R107276,25,17,358,14435,0.315,0.813,107.6,1,0.783,21,68000,12,6347,69.7,1
R107277,10,23,514,15020,0.317,0.625,122.6,2,0.865,8,93000,24,4340,61.1,0
R107278,2,22,500,16185,0.285,0.813,96.6,1,0.828,2,91000,36,2831,61.9,1
R107279,24,22,473,12116,0.315,0.793,155.2,1,0.865,20,112000,18,6969,72.8,1
R107280,31,13,314,8000,0.281,0.737,102.8,2,0.677,15,78000,36,2427,67.5,0
R107281,13,19,332,10072,0.154,0.866,140.7,0,0.886,11,80000,24,3733,72.8,1
R107282,7,25,546,17495,0.297,0.863,144.5,0,0.89,6,101000,30,3771,66.8,0
R107283,17,17,310,14710,0.309,0.746,131.5,1,0.826,15,76000,24,3547,63.4,1
R107284,10,25,677,18916,0.294,0.708,119.6,1,0.903,9,82000,24,3827,68.6,0
R107285,16,19,353,8000,0.375,0.645,91.9,2,0.659,9,77000,30,2875,56.1,1
R107286,3,15,257,8000,0.398,0.716,133.7,2,0.675,1,55000,30,2053,46.3,1
R107287,8,23,727,22247,0.21,0.857,144.9,3,0.881,6,76000,36,2364,76.3,1
R107288,4,20,550,15195,0.293,0.876,125.4,3,0.837,4,87000,24,4060,65.4,1
R107289,5,28,859,31831,0.137,0.917,133.0,1,0.903,3,72000,30,2688,82.3,1
R107290,3,30,823,19842,0.28,1.0,125.3,1,0.938,2,77000,18,4791,75.7,1
R107291,5,16,391,9063,0.469,0.613,100.7,2,0.712,4,101000,36,3142,45.1,0
R107292,21,26,588,13986,0.262,0.906,111.4,1,0.807,10,52000,18,3236,78.9,1
R107293,6,22,538,16359,0.311,0.731,120.8,3,0.696,5,86000,30,3211,60.2,0
R107294,3,14,214,8000,0.49,0.62,76.7,3,0.661,3,90000,24,4200,37.7,0
R107295,6,25,645,15409,0.19,0.891,135.9,2,0.847,5,52000,24,2427,74.7,0
R107296,3,17,321,15132,0.254,0.577,117.2,1,0.803,2,96000,18,5973,53.3,1
R107297,11,26,752,16754,0.283,1.0,140.9,1,0.95,6,120000,24,5600,79.2,1
R107298,6,26,751,26329,0.155,0.976,147.9,0,0.997,5,98000,24,4573,82.9,1
R107299,9,28,608,19608,0.251,0.825,148.3,0,0.854,5,108000,30,4032,70.8,1
R107300,7,21,432,11193,0.175,0.793,116.2,1,0.907,4,52000,24,2427,68.8,1
R107301,9,16,310,8000,0.391,0.756,95.9,2,0.756,5,89000,36,2769,53.2,0
R107302,3,23,629,15462,0.305,0.893,139.1,0,0.924,2,82000,18,5102,67.2,0
R107303,6,23,397,13381,0.333,0.72,139.8,1,0.847,4,67000,12,6253,56.5,0
R107304,14,18,488,12609,0.441,0.698,74.8,2,0.749,7,111000,24,5180,57.0,0
R107305,15,21,481,9370,0.151,0.859,160.8,1,0.843,9,67000,24,3127,77.6,0
R107306,9,28,857,25383,0.368,0.816,178.4,0,0.909,4,58000,12,5413,70.0,0
R107307,9,19,439,11857,0.24,0.847,106.3,1,0.849,6,80000,24,3733,68.1,1
R107308,2,22,575,19570,0.185,0.683,143.0,1,0.862,1,61000,12,5693,65.9,1
R107309,12,23,470,12507,0.122,0.888,126.4,1,0.904,7,102000,30,3808,78.6,1
R107310,21,16,267,10640,0.384,0.667,122.2,2,0.744,11,40000,36,1244,57.7,0
R107311,3,17,359,10201,0.366,0.92,106.6,2,0.874,2,69000,18,4293,57.6,0
R107312,17,22,483,9814,0.218,0.757,123.3,2,0.779,11,40000,12,3733,71.9,0
R107313,3,28,814,21085,0.224,0.98,146.5,0,0.977,3,82000,18,5102,78.6,1
R107314,10,24,606,14514,0.216,0.778,122.6,0,0.895,8,95000,12,8867,72.9,1
R107315,3,22,695,20578,0.383,0.827,117.1,2,0.857,3,84000,12,7840,62.4,0
R107316,3,19,469,8000,0.181,0.763,129.8,0,0.95,3,95000,24,4433,67.1,0
R107317,5,27,737,22309,0.257,0.879,112.6,0,0.884,4,52000,30,1941,73.2,0
R107318,5,22,514,8000,0.446,0.663,97.5,1,0.814,4,77000,36,2396,51.2,0
R107319,19,24,469,14363,0.238,0.796,148.9,1,0.95,11,75000,36,2333,74.9,0
R107320,11,25,617,21183,0.172,0.884,136.9,0,0.984,9,71000,24,3313,79.4,1
R107321,5,25,596,19742,0.416,0.786,135.7,1,0.858,3,59000,30,2203,58.4,0
R107322,14,25,726,21596,0.22,0.847,132.7,0,0.98,7,86000,18,5351,80.7,0
R107323,16,21,383,8010,0.288,0.819,128.9,2,0.795,8,50000,24,2333,67.0,0
R107324,13,22,508,13694,0.138,0.931,157.8,0,0.999,8,75000,36,2333,81.0,1
R107325,12,25,648,16440,0.352,0.812,150.4,1,0.814,8,78000,36,2427,67.7,0
R107326,12,24,774,18016,0.173,0.945,155.9,1,0.869,7,68000,18,4231,84.2,1
R107327,5,24,691,14088,0.184,0.847,148.5,0,1.0,3,50000,30,1867,75.8,1
R107328,10,26,726,19955,0.14,0.993,154.3,0,0.988,8,81000,30,3024,86.2,1
R107329,19,21,507,13604,0.245,0.907,135.6,1,0.856,15,83000,36,2582,77.4,0
R107330,27,24,765,16272,0.26,0.84,147.3,3,0.868,16,66000,24,3080,84.3,0
R107331,9,29,868,29693,0.275,0.943,161.6,0,0.973,9,76000,24,3547,78.9,1
R107332,6,12,287,9086,0.339,0.63,66.2,3,0.616,4,59000,18,3671,49.4,0
R107333,5,21,558,14521,0.263,0.853,144.2,2,0.83,3,102000,36,3173,67.1,1
R107334,19,23,513,22078,0.425,0.931,103.9,1,0.865,11,115000,36,3578,68.2,0
R107335,5,16,440,12983,0.256,0.93,133.1,1,0.95,3,82000,18,5102,67.7,1
R107336,8,26,617,19245,0.361,0.685,113.9,1,0.805,4,88000,30,3285,61.1,0
R107337,8,22,520,10977,0.239,0.882,129.8,2,0.766,5,105000,30,3920,69.5,0
R107338,16,14,189,8665,0.37,0.826,94.7,2,0.699,8,81000,36,2520,56.8,0
R107339,12,17,290,8000,0.465,0.58,74.9,2,0.69,10,100000,24,4667,46.1,0
R107340,31,23,583,17204,0.187,0.985,150.0,0,0.918,19,53000,36,1649,87.7,0
R107341,12,23,476,9955,0.303,0.879,129.2,2,0.85,9,40000,18,2489,68.2,1
R107342,19,17,320,9423,0.41,0.745,131.6,2,0.789,13,88000,36,2738,59.0,0
R107343,7,28,746,27340,0.108,0.909,143.0,0,1.0,6,93000,30,3472,84.3,1
R107344,12,30,737,15181,0.218,0.873,170.4,0,0.853,7,66000,24,3080,79.1,1
R107345,20,24,603,10747,0.291,0.696,126.7,1,0.749,15,60000,30,2240,71.1,0
R107346,18,24,640,19329,0.285,0.911,131.8,1,0.863,9,78000,12,7280,77.9,1
R107347,4,15,357,15034,0.48,0.55,114.2,2,0.677,3,67000,30,2501,40.6,0
R107348,5,27,662,21266,0.212,0.839,163.8,1,0.862,4,102000,18,6347,72.1,1
R107349,12,19,479,15138,0.359,0.79,116.5,1,0.766,7,42000,24,1960,62.5,0
R107350,9,26,577,17621,0.284,0.863,147.8,0,0.989,5,71000,30,2651,70.5,1
R107351,10,18,462,15534,0.338,0.756,123.6,1,0.882,5,73000,36,2271,62.0,1
R107352,8,16,412,10513,0.344,0.863,115.1,1,0.813,7,60000,30,2240,61.3,0
R107353,17,18,404,8000,0.336,0.727,100.3,2,0.843,12,84000,30,3136,64.0,0
R107354,11,21,449,12321,0.184,0.873,132.1,1,0.987,9,73000,30,2725,74.5,0
R107355,9,25,463,8000,0.364,0.822,139.4,1,0.818,7,101000,24,4713,61.0,1
R107356,37,18,411,8344,0.339,0.787,136.5,2,0.816,31,111000,24,5180,69.5,0
R107357,19,19,335,8000,0.364,0.729,101.0,2,0.717,9,40000,24,1867,61.0,0
R107358,22,24,650,13802,0.289,0.889,147.2,1,0.893,19,87000,24,4060,80.2,1
R107359,4,18,354,9848,0.253,0.791,113.2,2,0.869,3,60000,30,2240,60.9,0
R107360,39,25,503,13076,0.235,0.873,157.9,1,0.9,19,107000,18,6658,80.2,1
R107361,36,19,277,8000,0.165,0.769,106.1,2,0.782,20,80000,36,2489,74.5,1
R107362,17,29,569,19207,0.306,0.756,134.2,1,0.873,10,55000,18,3422,70.6,1
R107363,11,23,597,16285,0.264,0.65,127.6,2,0.818,7,62000,24,2893,66.6,0
R107364,6,24,545,10630,0.248,0.894,110.7,1,0.938,6,55000,30,2053,70.3,0
R107365,18,25,711,21349,0.128,0.81,139.4,1,0.876,8,82000,30,3061,85.6,0
R107366,32,20,325,8859,0.332,0.757,89.2,1,0.802,15,46000,36,1431,66.8,1
R107367,11,20,357,13193,0.283,0.807,154.5,1,0.869,10,68000,24,3173,64.2,0
R107368,5,14,293,8587,0.347,0.676,77.6,2,0.724,3,44000,18,2738,50.3,0
R107369,10,21,477,17926,0.227,0.886,106.9,2,0.842,7,91000,12,8493,71.1,0
R107370,7,18,306,8000,0.412,0.581,100.1,3,0.688,4,70000,24,3267,46.2,0
R107371,5,26,700,19389,0.311,0.971,138.5,1,0.928,4,82000,12,7653,72.2,1
R107372,3,23,455,8000,0.237,0.819,99.6,1,0.884,2,74000,30,2763,64.2,1
R107373,29,28,702,24069,0.315,0.866,130.7,1,0.908,16,44000,12,4107,80.9,1
R107374,23,24,752,24994,0.195,0.867,152.6,0,0.998,17,66000,18,4107,89.0,1
R107375,8,23,621,17992,0.328,0.865,148.9,1,0.879,7,76000,30,2837,67.9,0
R107376,1,30,630,16776,0.245,0.822,148.2,1,0.862,1,61000,24,2847,67.1,0
R107377,14,22,618,20019,0.368,0.836,114.8,2,0.743,10,50000,24,2333,67.3,1
R107378,25,20,428,8998,0.133,0.865,177.7,0,0.837,17,115000,36,3578,82.9,1
R107379,31,17,347,8061,0.149,0.82,132.3,1,0.887,27,53000,24,2473,79.4,0
R107380,14,22,537,12639,0.427,0.758,107.2,2,0.785,9,61000,30,2277,60.5,0
R107381,6,18,439,16830,0.411,0.706,102.0,1,0.854,4,76000,24,3547,53.6,0
R107382,12,23,656,22868,0.188,0.859,116.9,1,0.882,8,70000,30,2613,78.8,0
R107383,9,14,306,8621,0.429,0.871,151.7,1,0.823,8,83000,18,5164,55.1,0
R107384,8,22,437,14035,0.11,0.856,115.5,1,0.895,7,62000,18,3858,74.9,0
R107385,1,25,466,16293,0.285,0.778,107.7,1,0.898,1,70000,30,2613,59.9,1
R107386,21,25,599,15379,0.143,0.982,155.9,1,0.964,10,86000,24,4013,89.2,1
R107387,14,23,570,15099,0.166,0.991,182.4,0,1.0,13,79000,24,3687,83.4,1
R107388,4,21,515,9861,0.376,0.658,109.1,1,0.87,2,96000,18,5973,54.8,1
R107389,22,21,534,18415,0.177,0.776,119.2,2,0.789,13,77000,24,3593,79.0,0
R107390,29,26,592,12902,0.191,0.967,164.7,0,1.0,22,70000,36,2178,88.1,1
R107391,6,20,437,14158,0.121,0.92,145.1,0,0.975,4,96000,24,4480,75.1,1
R107392,14,23,584,8594,0.23,0.863,144.1,2,0.828,11,63000,36,1960,75.3,1
R107393,9,19,380,8000,0.353,0.735,122.3,1,0.843,7,71000,36,2209,57.6,0
R107394,3,23,543,10474,0.267,0.828,167.3,1,0.888,2,72000,36,2240,65.0,0
R107395,12,14,310,14847,0.408,0.613,100.5,2,0.685,6,87000,24,4060,50.4,0
R107396,18,27,643,17683,0.169,0.902,138.3,1,0.87,9,92000,36,2862,83.6,1
R107397,13,25,482,15972,0.342,0.706,114.4,1,0.876,9,73000,30,2725,62.5,1
R107398,24,23,536,16699,0.176,0.785,147.2,0,0.964,15,72000,24,3360,82.5,1
R107399,12,25,737,23265,0.312,0.946,124.6,1,0.873,6,72000,24,3360,76.0,1
R107400,3,28,584,13948,0.251,0.829,130.1,1,0.887,2,79000,36,2458,66.9,0
R107401,6,24,736,17396,0.388,0.721,118.3,1,0.887,4,83000,36,2582,63.1,0
R107402,20,22,397,10193,0.511,0.728,103.8,2,0.749,15,89000,12,8307,55.4,0
R107403,1,26,541,12401,0.219,0.77,144.5,0,0.95,1,45000,24,2100,65.6,1
R107404,7,15,269,8000,0.532,0.665,75.6,2,0.759,4,64000,12,5973,41.4,0
R107405,12,20,312,8000,0.407,0.743,86.4,2,0.756,8,94000,36,2924,54.3,1
R107406,20,30,594,18492,0.215,0.92,134.4,1,0.928,11,54000,24,2520,82.6,0
R107407,26,24,557,16431,0.206,0.591,132.7,1,0.839,23,51000,18,3173,75.5,0
R107408,9,21,366,11643,0.224,0.809,130.2,2,0.795,4,83000,30,3099,65.3,0
R107409,11,19,294,8000,0.372,0.659,111.3,4,0.715,8,47000,12,4387,52.2,1
R107410,7,28,737,19033,0.176,1.0,135.0,0,0.913,5,87000,24,4060,82.0,0
R107411,11,27,749,18550,0.216,0.992,144.8,0,0.966,6,92000,36,2862,83.0,1
R107412,4,27,653,13863,0.237,0.876,166.2,0,0.981,3,101000,24,4713,72.4,0
R107413,14,23,643,20361,0.146,0.772,138.9,0,1.0,11,82000,24,3827,80.9,1
R107414,1,23,600,15972,0.213,0.848,160.8,1,0.862,1,81000,12,7560,68.5,1
R107415,14,21,512,15334,0.419,0.675,123.1,1,0.823,12,40000,18,2489,58.5,1
R107416,9,22,594,22904,0.272,0.8,111.5,2,0.784,5,66000,30,2464,68.3,0
R107417,21,21,481,12227,0.167,0.856,151.7,1,0.828,12,99000,24,4620,80.0,0
R107418,17,17,394,8000,0.162,0.859,148.7,0,0.931,12,54000,12,5040,77.1,0
R107419,8,11,143,8000,0.398,0.743,91.0,2,0.691,6,62000,30,2315,47.4,0
R107420,17,19,419,11680,0.307,0.877,108.4,3,0.78,15,84000,30,3136,68.6,0
R107421,4,22,661,23698,0.19,0.699,126.1,1,0.828,2,89000,36,2769,69.3,0
R107422,3,20,375,13189,0.283,0.7,107.2,1,0.81,3,86000,24,4013,56.2,0
R107423,13,27,663,12831,0.223,0.948,148.3,0,0.891,6,88000,18,5476,80.0,1
R107424,3,28,633,21992,0.207,0.782,104.8,1,0.827,2,96000,24,4480,68.7,0
R107425,27,20,353,14373,0.326,0.813,125.0,1,0.87,16,91000,18,5662,69.9,0
R107426,2,23,531,16479,0.311,0.717,117.4,1,0.858,2,98000,24,4573,59.0,0
R107427,20,27,612,13820,0.29,0.813,119.8,2,0.819,10,71000,24,3313,75.0,1
R107428,9,16,244,8000,0.275,0.727,120.1,2,0.783,5,65000,24,3033,57.6,0
R107429,15,27,575,20455,0.205,0.836,168.7,1,0.812,10,106000,30,3957,76.1,1
R107430,11,28,698,16419,0.287,0.888,142.3,1,0.833,7,78000,24,3640,74.2,0
R107431,7,21,457,13660,0.32,0.875,134.5,1,0.893,6,83000,30,3099,63.9,0
R107432,6,17,405,11770,0.247,0.819,159.6,1,0.935,4,68000,30,2539,64.9,1
R107433,16,21,433,12780,0.413,0.683,100.4,2,0.726,14,49000,18,3049,57.3,0
R107434,21,30,804,16436,0.232,0.829,157.4,1,0.986,12,94000,12,8773,85.6,0
R107435,12,17,355,8000,0.305,0.584,113.3,2,0.723,11,91000,24,4247,56.6,0
R107436,14,26,752,17569,0.395,0.662,117.5,1,0.848,13,89000,36,2769,66.3,1
R107437,12,15,389,8000,0.302,0.871,105.8,1,0.787,7,51000,30,1904,65.1,0
R107438,4,24,406,16430,0.233,0.936,147.8,2,0.836,3,78000,36,2427,66.2,1
R107439,4,22,566,21640,0.38,0.843,132.3,2,0.791,4,94000,36,2924,59.8,0
R107440,25,14,319,12102,0.406,0.649,101.9,2,0.799,23,54000,24,2520,60.0,0
R107441,9,25,813,27705,0.141,0.979,150.6,1,0.969,4,58000,30,2165,86.7,1
R107442,19,25,647,23225,0.257,0.785,153.7,0,0.916,9,81000,24,3780,77.5,1
R107443,8,12,352,9796,0.391,0.507,83.9,2,0.702,6,55000,12,5133,47.0,0
R107444,5,27,695,23436,0.212,0.886,168.5,0,0.988,2,40000,24,1867,75.9,1
R107445,8,21,495,13429,0.283,0.825,120.0,1,0.872,6,66000,24,3080,65.8,0
R107446,16,21,426,11165,0.168,0.827,128.8,1,0.839,12,61000,24,2847,75.2,0
R107447,6,25,684,13315,0.274,0.731,151.6,1,0.753,3,85000,30,3173,66.4,1
R107448,12,20,417,8000,0.265,0.757,122.6,1,0.895,7,92000,24,4293,66.0,0
R107449,15,20,474,11273,0.185,1.0,139.6,0,0.923,8,62000,12,5787,79.7,1
R107450,11,23,622,20760,0.153,0.835,146.7,2,0.87,6,120000,30,4480,77.9,0
R107451,12,23,502,11525,0.165,0.78,112.1,1,0.807,6,81000,36,2520,73.0,0
R107452,12,20,499,9314,0.321,0.789,142.2,1,0.845,8,61000,24,2847,65.4,0
R107453,6,26,478,10647,0.324,0.826,135.2,2,0.842,5,86000,30,3211,61.8,1
R107454,9,25,422,8628,0.251,0.976,138.7,0,0.886,6,83000,18,5164,70.2,1
R107455,6,25,702,16723,0.356,0.961,155.1,1,0.859,5,85000,18,5289,69.1,1
R107456,8,22,664,19648,0.313,0.725,106.9,1,0.799,4,105000,12,9800,65.6,0
R107457,17,18,329,8145,0.391,0.601,88.3,2,0.655,11,56000,30,2091,54.1,0
R107458,17,21,463,10644,0.276,0.622,107.4,1,0.817,10,87000,12,8120,65.6,0
R107459,12,21,347,13017,0.397,0.794,119.7,2,0.826,10,76000,24,3547,57.6,0
R107460,10,23,579,13949,0.236,0.747,130.9,1,0.856,7,42000,24,1960,69.9,1
R107461,14,22,626,12780,0.285,0.7,123.6,1,0.828,11,47000,18,2924,69.4,1
R107462,12,25,864,19403,0.08,0.851,190.0,2,0.865,6,97000,30,3621,87.2,1
R107463,8,27,640,18250,0.301,0.977,151.0,0,0.965,7,90000,36,2800,73.6,1
R107464,10,27,482,10083,0.261,0.89,162.8,0,1.0,4,104000,30,3883,71.0,0
R107465,5,25,677,26071,0.239,0.852,123.5,1,0.86,2,80000,24,3733,71.3,1
R107466,4,20,354,8000,0.349,0.711,99.9,2,0.785,4,41000,24,1913,52.9,0
R107467,23,11,222,8000,0.391,0.801,93.6,2,0.736,20,70000,24,3267,61.2,1
R107468,16,27,624,16951,0.367,0.838,172.5,0,0.921,9,71000,30,2651,70.7,0
R107469,7,18,599,12376,0.267,0.772,126.8,1,0.81,5,73000,12,6813,66.9,0
R107470,10,24,620,14365,0.342,0.814,107.6,1,0.842,6,56000,36,1742,66.7,1
R107471,8,19,557,18289,0.172,0.83,108.6,1,0.79,4,101000,30,3771,72.7,1
R107472,10,24,645,18252,0.415,0.737,116.4,2,0.668,9,59000,30,2203,59.7,0
R107473,16,10,203,8429,0.478,0.647,100.2,2,0.723,9,76000,24,3547,47.7,1
R107474,1,26,747,14296,0.148,0.852,166.6,1,0.956,1,60000,24,2800,76.7,1
R107475,14,24,520,15519,0.198,0.951,140.6,1,0.931,9,88000,30,3285,78.3,0
R107476,4,20,367,13401,0.444,0.694,110.2,2,0.791,3,51000,24,2380,47.6,0
R107477,49,29,867,27894,0.25,0.892,152.4,1,0.967,39,50000,24,2333,88.0,1
R107478,19,26,480,10437,0.105,0.918,134.7,0,0.997,10,94000,24,4387,85.3,0
R107479,3,21,451,15318,0.449,0.464,117.1,2,0.74,2,83000,30,3099,42.9,1
R107480,3,30,929,30720,0.172,0.908,127.3,0,0.928,3,107000,36,3329,79.2,1
R107481,6,23,593,17606,0.148,0.882,151.7,0,0.854,5,79000,24,3687,75.8,1
R107482,10,19,492,17283,0.416,0.551,93.6,2,0.755,8,80000,30,2987,52.1,0
R107483,6,26,586,23361,0.453,0.711,119.6,2,0.886,3,58000,36,1804,55.4,0
R107484,7,22,537,11997,0.32,0.748,129.0,1,0.871,4,97000,24,4527,62.4,0
R107485,1,23,509,11999,0.198,0.866,167.8,0,0.987,1,94000,36,2924,68.9,0
R107486,37,22,417,10523,0.198,0.819,122.1,1,0.828,28,94000,24,4387,78.0,0
R107487,10,27,858,31614,0.082,1.0,155.3,0,0.949,6,81000,36,2520,90.4,1
R107488,28,27,717,17564,0.08,0.862,138.4,0,0.954,20,66000,12,6160,94.0,0
R107489,7,22,470,13754,0.195,0.782,112.8,1,0.904,5,76000,12,7093,68.4,1
R107490,34,18,292,8000,0.325,0.67,87.6,2,0.737,22,80000,36,2489,63.5,1
R107491,14,23,516,20196,0.187,0.913,146.2,1,0.91,12,73000,30,2725,78.3,0
R107492,10,24,581,11537,0.196,0.89,153.3,1,0.885,9,70000,30,2613,76.0,1
R107493,25,24,496,14683,0.321,0.808,110.5,1,0.817,16,90000,36,2800,73.1,0
R107494,3,25,561,19099,0.097,1.0,155.4,0,0.944,3,96000,18,5973,79.7,1
R107495,10,20,528,9536,0.257,0.859,148.1,1,0.869,9,59000,36,1836,70.3,1
R107496,9,18,443,11484,0.329,0.794,135.5,1,0.858,7,79000,24,3687,61.8,0
R107497,19,22,590,17007,0.358,0.73,130.4,1,0.846,15,106000,18,6596,68.6,0
R107498,2,19,343,12617,0.381,0.725,87.4,3,0.713,2,63000,18,3920,49.3,0
R107499,7,23,621,17765,0.397,0.74,116.5,2,0.753,3,71000,24,3313,59.4,0
R107500,1,18,389,12965,0.187,0.894,145.3,2,0.894,1,61000,24,2847,66.3,0
R107501,8,18,440,18501,0.08,0.889,137.6,2,0.867,4,74000,24,3453,76.7,1
R107502,22,17,385,8573,0.308,0.809,101.2,1,0.853,20,81000,12,7560,70.3,1
R107503,8,27,485,9195,0.31,0.902,152.7,0,0.984,7,78000,30,2912,67.2,0
R107504,5,27,536,13038,0.133,0.772,151.6,2,0.863,4,92000,24,4293,71.9,1
R107505,16,21,423,14904,0.346,0.666,96.1,2,0.813,10,78000,24,3640,61.3,1
R107506,6,20,552,16651,0.254,0.92,130.3,1,0.821,5,83000,12,7747,69.4,0
R107507,21,24,657,13783,0.371,0.865,170.4,2,0.807,12,68000,30,2539,73.6,1
R107508,27,9,167,8000,0.45,0.621,63.0,3,0.641,20,55000,18,3422,51.6,0
R107509,11,27,696,15215,0.277,0.818,104.8,1,0.831,9,110000,24,5133,72.6,0
R107510,14,27,797,26186,0.329,0.826,125.1,2,0.77,12,88000,18,5476,74.0,1
R107511,22,23,355,10099,0.336,0.746,93.0,1,0.81,14,62000,36,1929,65.7,1
R107512,11,23,469,12329,0.154,0.897,154.4,1,0.879,8,76000,12,7093,75.7,1
R107513,3,16,376,11641,0.46,0.777,101.3,3,0.7,3,88000,36,2738,47.6,1
R107514,23,21,325,13972,0.193,0.644,119.7,1,0.856,14,69000,18,4293,71.3,0
R107515,14,29,553,9995,0.213,0.825,139.3,0,0.94,11,76000,12,7093,75.8,0
R107516,8,24,409,11555,0.281,0.635,120.5,1,0.765,6,86000,24,4013,58.3,0
R107517,4,21,396,14055,0.462,0.762,123.7,2,0.857,2,83000,12,7747,49.8,0
R107518,8,24,618,18265,0.169,0.796,114.3,2,0.797,4,47000,30,1755,73.4,0
R107519,13,23,436,8000,0.118,0.958,155.3,0,0.866,10,75000,30,2800,79.4,1
R107520,14,14,326,10414,0.428,0.618,118.0,3,0.64,7,44000,36,1369,50.3,0
R107521,17,23,526,15692,0.189,0.798,144.0,2,0.896,15,81000,12,7560,77.1,1
R107522,24,13,215,8000,0.419,0.692,78.4,2,0.744,19,81000,24,3780,57.3,1
R107523,17,14,347,8886,0.33,0.741,105.9,2,0.81,11,77000,24,3593,62.5,0
R107524,10,24,515,17473,0.179,0.852,112.6,0,1.0,9,87000,36,2707,75.5,0
R107525,7,23,487,13386,0.24,0.728,107.8,0,0.903,3,42000,18,2613,65.1,1
R107526,5,17,270,8000,0.378,0.729,107.2,2,0.832,4,69000,24,3220,50.9,0
R107527,18,22,509,20431,0.192,0.851,144.7,1,0.845,9,64000,24,2987,77.9,1
R107528,10,22,399,13600,0.221,0.777,130.1,2,0.782,6,67000,18,4169,66.0,0
R107529,4,21,522,14903,0.266,0.697,80.3,2,0.856,3,61000,24,2847,62.0,1
R107530,14,23,494,12742,0.238,0.738,165.7,2,0.774,9,65000,30,2427,68.8,1
R107531,13,22,484,15527,0.313,0.865,124.0,1,0.788,8,52000,18,3236,67.7,1
R107532,36,30,735,16316,0.197,1.0,155.5,0,0.901,33,74000,36,2302,91.2,0
R107533,2,28,544,17031,0.257,0.919,138.1,0,0.881,1,80000,24,3733,67.1,0
R107534,3,17,331,12050,0.393,0.622,101.8,2,0.685,2,90000,30,3360,46.1,1
R107535,2,15,289,8343,0.336,0.656,82.6,2,0.716,1,70000,30,2613,48.4,0
R107536,5,21,544,13581,0.365,0.77,109.0,2,0.881,4,89000,30,3323,60.0,0
R107537,10,18,409,14004,0.298,0.834,161.0,3,0.819,8,71000,30,2651,63.9,1
R107538,8,15,348,11024,0.271,0.74,98.1,2,0.723,5,97000,30,3621,59.5,0
R107539,26,25,535,15246,0.299,0.865,118.4,1,0.881,22,81000,36,2520,77.3,1
R107540,8,21,598,10367,0.158,0.874,136.1,1,0.939,4,68000,24,3173,77.3,0
R107541,2,23,513,14152,0.266,0.816,167.9,1,0.906,1,95000,36,2956,63.7,0
R107542,33,24,502,18206,0.42,0.725,131.6,1,0.852,25,63000,30,2352,66.3,0
R107543,18,25,459,9478,0.259,0.818,150.7,3,0.819,13,83000,36,2582,72.1,0
R107544,18,18,423,11481,0.527,0.727,82.0,2,0.775,16,61000,24,2847,54.0,0
R107545,4,17,384,12853,0.297,0.657,81.6,3,0.742,3,94000,24,4387,54.4,1
R107546,11,21,491,15110,0.361,0.835,123.6,1,0.747,6,106000,24,4947,62.8,1
R107547,23,28,604,12277,0.18,0.933,159.6,2,0.991,18,41000,24,1913,87.2,0
R107548,20,22,527,12527,0.218,0.735,150.5,1,0.822,9,72000,18,4480,75.0,1
R107549,6,25,950,20488,0.31,0.818,142.0,0,0.92,5,112000,30,4181,71.2,0
R107550,10,17,436,13797,0.294,0.883,122.9,2,0.798,7,60000,30,2240,65.9,0
R107551,20,20,310,8000,0.36,0.675,114.5,2,0.835,17,69000,18,4293,60.8,0
R107552,11,24,566,22860,0.268,0.825,132.7,1,0.789,7,77000,30,2875,69.8,1
R107553,8,11,215,8000,0.599,0.727,101.2,3,0.714,7,67000,30,2501,38.4,0
R107554,4,16,432,15911,0.447,0.681,132.5,3,0.691,2,104000,30,3883,48.1,0
R107555,10,24,585,10699,0.331,0.784,148.6,2,0.879,9,98000,24,4573,66.0,1
R107556,24,21,476,12162,0.218,0.812,99.4,1,0.829,13,48000,30,1792,78.2,0
R107557,22,24,454,10979,0.283,0.803,118.7,5,0.689,15,70000,36,2178,71.6,1
R107558,13,23,480,10575,0.309,0.722,119.0,3,0.708,11,106000,24,4947,63.3,0
R107559,12,18,345,11109,0.257,0.999,113.8,1,0.852,6,63000,24,2940,70.4,0
R107560,17,25,549,17941,0.133,0.781,152.3,1,0.884,14,79000,24,3687,79.9,1
R107561,1,24,583,23647,0.283,0.75,105.3,2,0.81,0,52000,24,2427,61.4,0
R107562,12,26,663,14230,0.275,0.847,178.2,0,0.974,7,89000,18,5538,75.0,0
R107563,12,28,702,15755,0.193,0.969,173.4,0,1.0,11,83000,24,3873,83.6,1
R107564,3,20,415,14182,0.139,0.734,124.0,2,0.838,2,61000,30,2277,65.8,1
R107565,5,16,267,8000,0.415,0.713,125.3,1,0.803,3,89000,24,4153,47.7,0
R107566,16,23,570,15569,0.195,0.735,106.2,1,0.803,7,57000,30,2128,74.4,1
R107567,12,21,542,15574,0.375,0.802,97.8,1,0.809,11,95000,18,5911,63.4,0
R107568,11,24,439,10696,0.403,0.623,98.7,2,0.697,10,95000,18,5911,53.1,0
R107569,8,27,635,14106,0.422,0.919,119.3,2,0.834,5,88000,24,4107,64.2,0
R107570,24,16,343,15250,0.458,0.662,91.6,3,0.801,20,79000,30,2949,58.2,1
R107571,16,25,701,14475,0.298,0.866,132.7,1,0.876,9,61000,18,3796,76.4,1
R107572,14,26,782,22590,0.192,0.905,145.5,0,0.938,12,56000,18,3484,84.4,1
R107573,4,24,478,11356,0.37,0.707,98.1,2,0.845,2,90000,24,4200,55.5,1
R107574,14,17,328,9647,0.351,0.791,103.1,2,0.819,8,40000,24,1867,60.6,1
R107575,42,25,678,17351,0.275,0.82,133.5,1,0.854,38,58000,24,2707,80.7,1
R107576,2,28,664,18659,0.237,0.888,155.4,0,0.919,2,81000,24,3780,71.2,1
R107577,18,24,665,19297,0.234,0.749,148.2,2,0.897,10,64000,24,2987,77.6,0
R107578,11,28,657,20616,0.236,1.0,159.8,0,0.887,7,104000,18,6471,78.7,0
R107579,10,30,668,19456,0.145,1.0,137.3,0,0.911,7,59000,24,2753,83.9,1
R107580,21,18,321,8000,0.389,0.703,119.5,3,0.781,12,61000,24,2847,60.3,0
R107581,6,22,529,17097,0.411,0.65,98.8,4,0.647,4,64000,36,1991,52.1,0
R107582,8,23,623,17558,0.243,0.822,123.0,2,0.808,4,54000,24,2520,70.6,1
R107583,9,19,321,9115,0.274,0.666,105.1,1,0.826,8,96000,24,4480,58.4,0
R107584,5,24,574,13889,0.364,0.891,116.3,2,0.822,4,43000,24,2007,63.3,0
R107585,9,27,521,10096,0.16,0.864,121.0,1,0.912,8,76000,30,2837,75.0,1
R107586,6,18,443,10622,0.365,0.787,109.1,2,0.863,3,103000,24,4807,58.1,1
R107587,11,16,413,13331,0.213,0.776,131.7,1,0.783,8,87000,30,3248,67.3,1
R107588,19,25,712,19345,0.294,0.759,135.2,2,0.799,16,78000,24,3640,75.1,1
R107589,5,23,550,20219,0.248,0.77,143.1,1,0.938,4,62000,36,1929,66.8,0
R107590,12,19,342,8000,0.328,0.677,105.6,1,0.791,8,69000,24,3220,57.7,0
R107591,10,15,259,8000,0.33,0.709,89.7,2,0.753,6,86000,24,4013,54.9,1
R107592,10,22,463,16245,0.164,0.808,119.7,2,0.743,5,109000,36,3391,71.0,1
R107593,5,21,556,9793,0.405,0.588,107.9,2,0.803,4,69000,18,4293,52.6,0
R107594,21,21,596,12838,0.266,0.872,129.7,1,0.91,16,41000,30,1531,79.3,1
R107595,21,14,284,8000,0.4,0.592,47.9,3,0.648,20,96000,18,5973,54.8,0
R107596,10,30,701,16420,0.215,0.923,165.8,0,0.935,6,77000,24,3593,78.9,0
R107597,17,25,587,15453,0.288,0.74,122.4,3,0.79,14,78000,36,2427,71.0,0
R107598,7,24,515,17032,0.255,0.976,159.9,0,0.913,6,65000,24,3033,71.3,0
R107599,19,26,638,18606,0.188,0.953,165.9,1,0.957,17,59000,30,2203,85.3,1
R107600,5,24,442,15309,0.152,0.812,144.1,0,0.9,4,44000,24,2053,69.8,0
R107601,5,26,670,21335,0.259,0.871,140.1,0,1.0,3,82000,12,7653,71.9,1
R107602,11,24,576,15378,0.237,0.856,146.7,0,0.993,9,90000,24,4200,74.4,1
R107603,30,22,541,14567,0.127,0.813,94.9,1,0.9,17,85000,24,3967,85.4,1
R107604,4,24,615,18335,0.191,0.969,170.1,0,0.945,4,64000,12,5973,75.9,1
R107605,2,13,226,8000,0.412,0.707,103.4,3,0.766,2,116000,24,5413,45.0,0
R107606,18,21,526,11481,0.417,0.774,133.1,1,0.911,11,102000,24,4760,65.4,1
R107607,12,30,605,23218,0.281,0.917,109.9,2,0.813,7,89000,36,2769,72.8,1
R107608,12,20,592,11031,0.146,0.893,165.0,0,0.954,11,70000,30,2613,81.0,1
R107609,8,23,358,8000,0.239,0.831,95.5,2,0.706,6,93000,30,3472,63.5,0
R107610,15,28,691,25155,0.226,0.891,141.6,0,0.939,11,73000,12,6813,80.6,0
R107611,17,22,554,11435,0.318,0.836,111.4,1,0.822,13,100000,24,4667,71.3,1
R107612,3,18,376,8449,0.374,0.59,91.9,2,0.796,3,76000,18,4729,48.8,1
R107613,3,26,462,13110,0.182,0.877,123.2,2,0.795,2,62000,18,3858,67.9,1
R107614,5,30,592,20942,0.249,0.857,157.8,0,0.906,3,97000,24,4527,69.3,1
R107615,6,26,517,13076,0.273,0.824,140.3,1,0.871,4,101000,18,6284,66.1,0
R107616,9,23,515,18291,0.212,0.834,131.3,1,0.872,9,81000,30,3024,71.2,1
R107617,11,21,517,18964,0.414,0.815,104.0,1,0.834,9,81000,24,3780,61.2,1
R107618,16,24,719,14963,0.261,1.0,143.6,0,0.957,14,94000,36,2924,82.9,1
R107619,6,15,289,8824,0.435,0.623,80.6,3,0.668,4,46000,30,1717,44.8,0
R107620,18,24,385,9341,0.186,0.805,131.0,1,0.823,15,86000,24,4013,73.6,1
R107621,12,23,626,12559,0.293,0.864,145.2,1,0.863,5,78000,18,4853,71.9,1
R107622,13,22,502,16044,0.244,0.736,105.1,1,0.787,6,65000,36,2022,68.2,0
R107623,3,22,451,13187,0.335,0.91,126.5,2,0.811,3,84000,36,2613,60.9,0
R107624,5,30,694,21363,0.254,0.838,165.6,1,0.882,4,115000,36,3578,71.3,0
R107625,8,24,485,15398,0.179,0.892,138.3,1,0.841,6,55000,30,2053,72.5,1
R107626,50,24,546,16866,0.252,0.915,148.2,1,0.87,36,83000,24,3873,81.2,1
R107627,18,16,336,10391,0.341,0.851,114.5,2,0.817,9,69000,24,3220,65.2,0
R107628,10,23,448,12116,0.232,0.687,119.0,2,0.818,7,61000,24,2847,64.5,0
R107629,7,28,916,22349,0.222,0.871,149.4,0,0.994,4,66000,24,3080,78.5,1
R107630,31,22,368,8000,0.431,0.83,87.3,2,0.705,25,88000,36,2738,63.5,1
R107631,12,25,575,15258,0.187,0.852,170.8,1,0.854,8,74000,24,3453,76.1,0
R107632,6,23,530,16897,0.08,0.885,157.0,0,0.94,5,89000,30,3323,78.2,1
R107633,5,22,525,16051,0.461,0.768,150.9,2,0.837,3,67000,18,4169,53.5,0
R107634,14,30,758,22384,0.08,0.842,156.9,1,0.894,10,92000,30,3435,87.9,1
R107635,9,19,409,14367,0.259,0.838,113.8,1,0.84,7,51000,30,1904,66.1,0
R107636,20,19,462,8000,0.339,0.982,126.9,1,0.906,15,92000,18,5724,74.2,1
R107637,4,15,258,8855,0.437,0.65,108.3,3,0.771,3,46000,30,1717,44.2,0
R107638,18,15,305,8964,0.458,0.459,124.6,3,0.723,13,82000,12,7653,47.7,0
R107639,19,19,240,8000,0.571,0.563,75.6,3,0.623,9,71000,30,2651,42.4,0
R107640,23,24,630,22662,0.255,0.78,111.2,1,0.807,20,45000,36,1400,78.5,0
R107641,6,24,456,8684,0.282,0.738,101.7,1,0.866,6,89000,36,2769,61.7,0
R107642,18,13,179,8000,0.368,0.634,124.5,2,0.771,14,84000,36,2613,54.2,0
R107643,8,22,548,13716,0.269,0.935,133.0,1,0.86,4,72000,24,3360,70.7,0
R107644,5,24,592,8452,0.234,0.88,140.1,0,0.918,2,40000,24,1867,71.0,1
R107645,10,30,806,22004,0.148,0.92,147.5,0,0.875,8,84000,30,3136,84.2,1
R107646,2,23,614,14881,0.284,0.902,164.6,1,0.846,1,78000,12,7280,66.7,0
R107647,13,19,390,13934,0.275,0.7,108.5,2,0.756,8,40000,24,1867,62.6,1
R107648,10,23,562,23949,0.258,0.77,148.0,1,0.787,6,86000,18,5351,68.0,0
R107649,3,24,674,19727,0.274,0.86,149.3,0,0.859,2,106000,24,4947,68.7,0
R107650,13,30,686,23371,0.24,0.901,141.5,1,0.908,12,45000,24,2100,78.5,0
R107651,17,30,673,18507,0.382,0.882,133.3,1,0.908,9,60000,24,2800,73.0,0
R107652,9,26,655,21179,0.241,0.81,138.7,1,0.78,8,82000,30,3061,71.6,0
R107653,7,23,494,11166,0.403,0.747,70.2,1,0.786,4,106000,30,3957,56.5,1
R107654,15,24,588,14438,0.348,0.875,135.2,0,0.958,8,76000,30,2837,71.2,0
R107655,25,25,646,17585,0.421,0.845,117.9,2,0.913,17,83000,36,2582,73.5,0
R107656,9,17,441,17559,0.335,0.85,140.8,1,0.868,5,40000,30,1493,63.0,0
R107657,33,22,473,14449,0.16,0.868,123.6,1,0.858,26,84000,36,2613,82.9,1
R107658,21,13,347,15008,0.311,0.574,88.5,2,0.771,15,69000,30,2576,61.8,1
R107659,8,26,678,16296,0.179,0.788,142.1,2,0.847,5,85000,30,3173,74.7,0
R107660,6,24,568,15886,0.251,0.771,109.5,1,0.822,5,97000,18,6036,66.2,1
R107661,15,28,618,15469,0.333,0.969,124.5,0,0.933,10,105000,30,3920,75.1,1
R107662,4,27,788,21601,0.211,0.813,156.9,0,0.96,3,91000,24,4247,75.4,0
R107663,4,17,273,8046,0.43,0.512,56.6,4,0.644,4,71000,12,6627,40.3,0
R107664,8,24,604,10890,0.278,0.92,127.6,0,0.918,6,60000,18,3733,71.8,1
R107665,8,20,630,14281,0.179,0.807,152.6,1,0.819,4,57000,18,3547,73.6,1
R107666,29,30,831,16385,0.312,0.827,134.6,1,0.875,13,65000,24,3033,82.2,1
R107667,19,21,328,9095,0.25,0.963,147.3,1,0.87,10,105000,30,3920,73.8,1
R107668,19,25,582,22765,0.283,0.888,150.3,1,0.944,14,59000,36,1836,77.6,0
R107669,15,27,575,15106,0.271,0.949,116.5,1,0.945,11,59000,24,2753,76.6,1
R107670,8,21,606,19378,0.26,0.775,118.2,2,0.895,6,67000,30,2501,68.9,1
R107671,9,23,586,13407,0.086,0.967,162.9,1,0.933,6,70000,18,4356,83.5,1
R107672,14,30,572,17363,0.21,0.874,158.6,0,0.952,7,60000,24,2800,77.4,1
R107673,5,20,305,8000,0.207,0.799,136.1,2,0.762,5,83000,36,2582,61.6,0
R107674,5,29,700,19557,0.289,0.875,121.2,1,0.913,2,85000,30,3173,70.6,1
R107675,18,17,301,8415,0.481,0.601,97.3,2,0.766,14,69000,18,4293,50.1,0
R107676,16,24,605,11597,0.353,0.793,150.7,2,0.725,8,75000,24,3500,67.6,0
R107677,5,24,523,14567,0.316,0.735,130.2,1,0.836,3,68000,30,2539,60.3,0
R107678,5,22,501,11890,0.248,0.858,145.1,1,0.888,4,93000,30,3472,66.8,1
R107679,5,24,494,10179,0.339,0.855,118.5,1,0.901,3,62000,24,2893,62.1,1
R107680,17,29,621,19345,0.231,0.898,142.3,2,0.843,16,58000,24,2707,79.3,0
R107681,21,28,573,21087,0.252,0.922,116.8,2,0.871,16,113000,24,5273,79.9,0
R107682,5,30,900,28927,0.081,0.937,160.1,0,0.985,3,51000,12,4760,86.4,0
R107683,12,23,388,8000,0.27,0.828,99.7,2,0.774,6,83000,24,3873,65.5,1
R107684,5,23,676,13798,0.287,0.874,121.3,1,0.819,4,66000,18,4107,69.1,0
R107685,24,21,569,11915,0.168,0.8,143.5,2,0.833,17,99000,36,3080,82.7,0
R107686,3,29,693,21313,0.252,0.797,103.6,2,0.842,2,56000,30,2091,68.3,0
R107687,13,21,514,15744,0.315,0.717,109.4,1,0.862,8,80000,18,4978,65.0,0
R107688,8,21,537,16932,0.222,0.923,119.6,1,0.976,6,82000,30,3061,73.7,1
R107689,5,24,530,15677,0.26,0.77,100.6,0,0.939,4,94000,30,3509,65.6,0
R107690,3,13,211,8000,0.304,0.636,92.8,2,0.696,3,70000,18,4356,48.4,1
R107691,4,22,536,15631,0.301,0.842,121.0,3,0.786,4,107000,18,6658,63.3,0
R107692,9,17,213,8000,0.321,0.637,114.9,3,0.795,6,84000,18,5227,52.1,0
R107693,6,20,492,12120,0.161,0.974,146.1,0,0.919,6,95000,18,5911,75.6,0
R107694,11,16,370,12242,0.308,0.879,106.6,2,0.822,7,96000,18,5973,64.6,1
R107695,30,20,383,8575,0.252,0.74,97.4,3,0.709,15,76000,24,3547,71.1,1
R107696,18,26,679,20871,0.322,0.808,148.0,1,0.851,11,70000,30,2613,74.5,0
R107697,18,19,282,8000,0.348,0.685,117.5,2,0.766,13,61000,30,2277,58.7,0
R107698,17,16,285,8098,0.43,0.727,120.7,2,0.8,13,79000,30,2949,55.6,0
R107699,14,15,315,9521,0.283,0.509,84.3,2,0.727,9,62000,30,2315,56.1,0
R107700,20,25,586,18468,0.318,0.842,126.8,1,0.89,17,79000,24,3687,74.9,0
R107701,7,29,506,19837,0.099,0.936,138.8,0,0.96,4,94000,24,4387,79.1,1
R107702,14,30,989,27637,0.173,0.904,185.1,0,0.961,13,67000,30,2501,86.2,1
R107703,2,20,538,18709,0.51,0.738,136.0,2,0.799,2,48000,18,2987,48.8,1
R107704,17,29,637,21672,0.118,0.902,146.1,0,0.917,12,72000,36,2240,86.5,1
R107705,11,19,414,17428,0.322,0.77,91.9,1,0.876,6,71000,36,2209,62.7,1
R107706,10,14,329,10294,0.32,0.631,95.4,2,0.705,9,81000,36,2520,54.7,0
R107707,5,22,575,12981,0.223,0.866,136.6,1,0.839,4,77000,24,3593,69.8,0
R107708,4,30,677,14773,0.128,0.863,166.2,1,0.909,2,76000,24,3547,77.4,1
R107709,8,20,351,11949,0.201,0.602,76.9,5,0.621,3,83000,24,3873,58.4,1
R107710,11,25,497,11812,0.321,0.759,131.6,1,0.797,6,83000,36,2582,63.7,1
R107711,19,20,445,16878,0.323,0.766,165.1,1,0.81,11,88000,24,4107,67.2,0
R107712,20,24,571,15369,0.187,0.732,116.1,1,0.941,10,63000,24,2940,79.2,0
R107713,25,25,548,11600,0.298,0.826,158.4,0,0.949,24,67000,24,3127,77.4,1
R107714,19,20,494,12076,0.319,0.736,137.3,1,0.859,9,64000,18,3982,68.7,0
R107715,15,23,597,22674,0.266,0.833,114.2,1,0.852,8,85000,30,3173,73.8,1
R107716,4,22,574,19234,0.322,0.749,136.2,1,0.902,3,62000,24,2893,61.6,0
R107717,10,23,626,16958,0.271,0.801,140.7,0,0.866,9,71000,12,6627,70.6,1
R107718,25,28,727,15895,0.198,0.831,160.4,0,0.897,21,115000,30,4293,86.7,1
R107719,30,17,405,8337,0.436,0.584,86.3,3,0.696,19,85000,24,3967,57.9,0
R107720,3,22,364,8000,0.408,0.625,98.1,2,0.751,3,83000,36,2582,47.1,0
R107721,8,19,496,11398,0.28,0.699,123.8,1,0.791,7,62000,24,2893,62.2,0
R107722,26,25,701,24950,0.151,0.92,146.8,0,0.924,19,95000,30,3547,91.0,0
R107723,21,21,529,14326,0.15,0.901,147.8,1,0.921,19,71000,18,4418,84.3,0
R107724,11,22,479,10126,0.167,0.941,140.2,1,0.955,9,97000,24,4527,77.2,1
R107725,13,18,316,8000,0.416,0.713,76.6,4,0.586,10,69000,30,2576,52.0,0
R107726,14,25,541,17998,0.308,0.804,123.8,1,0.882,11,48000,18,2987,69.5,1
R107727,21,26,688,17367,0.313,0.874,114.8,2,0.889,10,67000,18,4169,79.0,0
R107728,21,26,542,17453,0.292,0.846,116.4,1,0.931,18,71000,12,6627,75.9,1
R107729,8,27,691,20000,0.292,0.896,122.5,0,0.879,6,67000,30,2501,72.6,0
R107730,25,19,397,11465,0.275,0.66,119.5,2,0.719,15,87000,18,5413,68.4,0
R107731,27,23,468,8993,0.392,0.776,122.1,1,0.79,22,105000,18,6533,67.6,0
R107732,9,11,183,9286,0.548,0.466,73.8,3,0.579,6,40000,18,2489,33.2,0
R107733,26,13,243,9951,0.29,0.686,86.3,2,0.782,17,60000,24,2800,65.0,0
R107734,9,22,440,12202,0.184,0.814,117.4,1,0.881,7,84000,30,3136,70.5,1
R107735,17,25,391,11648,0.163,0.907,140.8,0,0.94,10,56000,36,1742,78.1,0
R107736,29,25,578,17691,0.264,0.877,130.2,0,0.938,19,95000,18,5911,81.1,1
R107737,23,22,380,8520,0.08,0.951,115.3,0,0.965,14,58000,18,3609,87.2,1
R107738,6,21,476,13486,0.283,0.78,130.9,1,0.765,6,81000,18,5040,62.4,0
R107739,14,22,524,11564,0.378,0.778,99.0,2,0.795,13,55000,12,5133,63.7,1
R107740,16,19,449,11643,0.403,0.817,128.9,1,0.871,11,80000,24,3733,63.3,0
R107741,13,25,399,8061,0.313,0.985,133.3,0,0.961,9,43000,18,2676,69.9,1
R107742,7,24,542,18421,0.171,0.832,130.0,0,0.882,5,66000,24,3080,72.7,0
R107743,7,18,453,9848,0.227,0.811,129.2,2,0.83,4,71000,36,2209,66.3,1
R107744,10,24,624,17893,0.294,0.912,115.0,0,0.893,6,91000,24,4247,72.1,0
R107745,4,21,431,17924,0.35,0.829,148.7,1,0.92,3,91000,12,8493,58.8,1
R107746,16,21,450,11247,0.325,0.703,126.2,2,0.827,11,75000,30,2800,63.9,0
R107747,2,22,496,12041,0.222,0.73,111.6,1,0.822,1,92000,18,5724,62.7,1
R107748,32,17,499,17159,0.256,0.783,130.6,1,0.884,25,63000,24,2940,76.6,1
R107749,11,28,685,23875,0.194,0.977,161.0,1,0.843,9,95000,24,4433,80.5,1
R107750,7,30,581,10406,0.121,0.907,146.3,0,0.992,5,93000,24,4340,79.1,1
R107751,4,22,513,13328,0.237,0.826,146.2,0,0.984,4,80000,30,2987,67.7,1
R107752,22,23,545,14581,0.164,0.92,131.7,0,0.869,17,88000,36,2738,84.5,1
R107753,14,21,410,11591,0.426,0.797,151.6,1,0.912,12,65000,18,4044,60.1,0
R107754,13,22,461,12267,0.137,0.975,153.6,1,0.979,6,76000,24,3547,80.6,0
R107755,14,28,840,23504,0.12,0.748,144.2,3,0.767,13,94000,18,5849,83.3,0
R107756,15,22,473,14568,0.276,0.764,101.5,2,0.805,13,78000,18,4853,67.8,0
R107757,16,19,303,10057,0.517,0.602,70.6,3,0.657,7,70000,24,3267,46.0,0
R107758,14,27,904,23142,0.271,0.861,133.1,1,0.9,7,79000,30,2949,79.1,1
R107759,17,27,657,17029,0.211,0.877,147.9,1,0.952,11,43000,24,2007,81.8,1
R107760,15,26,677,23727,0.205,0.886,142.2,2,0.805,11,82000,12,7653,79.9,1
R107761,2,17,413,11299,0.206,0.889,118.4,1,0.851,2,56000,24,2613,65.9,1
R107762,6,26,651,21120,0.222,0.864,118.6,1,0.89,3,49000,36,1524,73.2,1
R107763,6,23,558,15075,0.166,0.82,126.7,2,0.84,5,72000,30,2688,72.2,0
R107764,7,20,425,11807,0.456,0.645,97.7,3,0.643,5,91000,30,3397,47.5,0
R107765,5,21,563,9480,0.246,0.84,142.0,1,0.872,4,68000,30,2539,68.0,1
R107766,13,17,265,8000,0.321,0.759,130.8,4,0.753,10,77000,18,4791,58.8,0
R107767,18,25,607,19000,0.164,0.869,171.4,0,0.891,11,84000,24,3920,82.5,1
R107768,3,26,436,11376,0.227,0.796,92.3,1,0.873,2,77000,24,3593,63.6,0
R107769,5,18,336,12678,0.329,0.78,116.6,1,0.881,4,81000,18,5040,56.8,1
R107770,3,16,340,8723,0.27,0.581,73.0,3,0.711,2,70000,36,2178,52.3,0
R107771,2,22,558,20585,0.163,0.774,112.0,0,1.0,1,62000,30,2315,70.1,1
R107772,11,22,440,12215,0.333,0.72,110.8,3,0.705,5,76000,36,2364,59.8,0
R107773,2,22,318,14878,0.222,0.928,117.2,1,0.942,2,97000,18,6036,64.5,0
R107774,11,27,563,8292,0.345,0.882,128.4,5,0.806,9,64000,30,2389,67.1,0
R107775,13,20,375,10505,0.161,0.85,127.2,2,0.826,11,73000,18,4542,72.6,0
R107776,11,27,566,17359,0.08,1.0,155.2,1,1.0,9,69000,36,2147,85.7,0
R107777,11,19,465,16040,0.332,0.782,158.4,2,0.865,8,113000,24,5273,63.2,1
R107778,10,25,575,15846,0.107,0.991,153.9,0,0.888,8,93000,18,5787,82.7,0
R107779,19,17,450,9879,0.267,0.823,81.1,1,0.825,15,65000,30,2427,71.9,0
R107780,27,29,701,16459,0.26,0.86,128.7,1,0.939,18,40000,30,1493,83.9,1
R107781,13,21,475,15181,0.471,0.603,82.8,2,0.762,10,85000,30,3173,52.4,0
R107782,6,17,367,12129,0.364,0.658,114.8,2,0.742,5,65000,24,3033,52.1,0
R107783,5,26,773,24487,0.213,0.982,155.2,1,0.86,3,40000,36,1244,78.7,1
R107784,2,20,404,12514,0.206,0.849,121.5,1,0.84,2,63000,24,2940,64.4,0
R107785,24,24,468,16189,0.292,0.743,112.0,2,0.787,12,100000,12,9333,71.9,0
R107786,9,21,396,12070,0.406,0.821,126.8,1,0.804,4,82000,36,2551,56.9,0
R107787,9,20,375,11059,0.329,0.666,105.3,2,0.766,9,64000,36,1991,56.4,1
R107788,11,26,530,14762,0.134,0.95,149.8,0,0.981,6,77000,24,3593,80.9,1
R107789,8,21,357,12837,0.296,0.711,81.1,1,0.806,6,78000,12,7280,58.1,0
R107790,13,20,389,12226,0.254,0.924,139.0,0,0.914,7,90000,24,4200,70.7,1
R107791,13,25,661,16092,0.243,0.901,146.4,0,1.0,12,80000,36,2489,78.6,1
R107792,14,30,652,21466,0.214,0.756,132.0,0,0.883,8,83000,24,3873,75.9,1
R107793,3,24,552,19299,0.352,0.857,112.1,1,0.856,2,61000,36,1898,61.6,0
R107794,1,23,493,15980,0.256,0.847,159.5,0,0.867,1,84000,18,5227,63.8,1
R107795,18,26,557,20123,0.203,0.839,149.7,0,0.921,16,40000,36,1244,79.0,1
R107796,9,22,483,8983,0.19,0.833,142.2,0,0.949,4,96000,12,8960,72.3,0
R107797,6,23,592,17286,0.08,0.845,123.0,1,0.935,5,65000,36,2022,78.9,1
R107798,20,27,967,25963,0.147,0.9,142.9,0,0.947,18,86000,36,2676,90.7,1
R107799,6,25,617,11313,0.179,0.851,139.2,1,0.904,5,75000,24,3500,74.3,1
R107800,5,20,513,16442,0.339,0.663,120.2,2,0.718,5,40000,12,3733,56.4,0
R107801,7,25,423,10352,0.256,0.703,132.9,1,0.779,4,47000,24,2193,61.1,0
R107802,6,23,444,11401,0.114,0.861,132.5,0,0.873,4,88000,24,4107,73.5,1
R107803,6,19,588,21193,0.316,0.839,171.6,1,0.9,3,67000,24,3127,66.3,1
R107804,17,24,463,11741,0.101,0.874,179.1,1,0.88,14,54000,36,1680,81.7,1
R107805,25,12,214,8000,0.641,0.556,48.3,5,0.677,17,82000,30,3061,41.5,0
R107806,5,26,742,23080,0.128,0.841,132.7,0,1.0,4,83000,12,7747,80.1,1
R107807,11,20,557,14881,0.314,0.671,112.0,1,0.846,10,67000,30,2501,63.6,0
R107808,7,26,546,16152,0.115,0.924,163.5,0,0.864,4,92000,24,4293,77.6,1
R107809,21,22,517,14811,0.234,0.795,140.3,1,0.829,9,54000,30,2016,76.0,0
R107810,13,21,607,16941,0.421,0.575,107.7,2,0.762,7,63000,24,2940,57.6,0
R107811,11,21,573,11724,0.261,0.767,127.4,1,0.83,6,62000,12,5787,69.1,0
R107812,16,22,573,19160,0.254,0.762,121.9,1,0.748,9,108000,30,4032,72.0,0
R107813,19,28,716,26713,0.349,0.726,132.4,1,0.812,9,53000,24,2473,72.2,0
R107814,16,16,405,11801,0.452,0.856,121.9,1,0.775,7,87000,18,5413,59.8,1
R107815,16,26,666,17160,0.172,0.807,141.4,3,0.862,14,93000,18,5787,80.5,0
R107816,27,23,504,15755,0.118,0.891,167.9,1,0.888,18,67000,36,2084,86.8,1
R107817,14,22,343,11385,0.272,0.724,138.5,2,0.83,11,65000,24,3033,63.6,0
R107818,6,19,307,8000,0.366,0.594,107.8,2,0.71,4,107000,24,4993,48.1,0
R107819,12,20,465,15118,0.282,0.8,121.5,1,0.855,11,71000,24,3313,66.9,1
R107820,8,15,334,9627,0.441,0.584,82.0,2,0.734,4,84000,36,2613,46.2,1
R107821,26,19,428,12236,0.47,0.701,62.0,2,0.693,13,85000,24,3967,59.6,1
R107822,8,26,651,19630,0.132,0.988,149.7,0,0.976,6,62000,12,5787,83.2,1
R107823,9,21,498,13681,0.26,0.815,138.3,1,0.922,5,54000,12,5040,67.9,1
R107824,10,23,593,11788,0.325,0.772,97.9,2,0.762,6,57000,24,2660,64.8,1
R107825,13,27,512,12610,0.332,0.939,142.4,0,0.908,10,46000,24,2147,70.0,0
R107826,7,24,658,17478,0.316,0.768,129.0,1,0.871,6,90000,30,3360,66.2,1
R107827,7,20,484,19019,0.317,0.779,113.2,2,0.799,3,40000,18,2489,61.3,1
R107828,6,27,550,11597,0.126,0.851,157.2,1,0.89,4,76000,30,2837,75.0,0
R107829,24,17,330,11660,0.358,0.649,80.9,2,0.798,12,95000,36,2956,62.8,0
R107830,15,22,517,17153,0.317,0.746,111.1,1,0.879,12,40000,36,1244,67.4,1
R107831,9,17,456,8874,0.292,0.724,110.0,1,0.76,6,49000,24,2287,61.6,0
R107832,7,23,521,11470,0.194,0.797,118.0,3,0.833,7,56000,36,1742,69.9,1
R107833,5,25,477,13792,0.222,0.821,118.0,1,0.85,5,88000,18,5476,66.8,0
R107834,8,22,406,10679,0.488,0.644,86.5,2,0.674,4,89000,18,5538,46.7,0
R107835,9,26,575,17583,0.08,0.83,125.7,0,0.935,5,64000,24,2987,80.2,0
R107836,21,18,481,16518,0.398,0.753,124.2,1,0.848,16,94000,24,4387,65.7,0
R107837,5,22,521,15657,0.273,0.754,115.1,1,0.849,3,74000,24,3453,63.4,0
R107838,12,21,466,10515,0.16,0.823,124.3,0,0.977,8,78000,30,2912,75.5,1
R107839,15,26,481,11743,0.255,0.939,125.0,2,0.811,13,74000,36,2302,73.7,1
R107840,6,21,408,12024,0.369,0.758,117.4,1,0.835,4,91000,18,5662,56.2,0
R107841,3,23,536,11596,0.207,0.848,160.7,0,0.953,2,86000,12,8027,69.2,1
R107842,12,18,301,8000,0.315,0.727,94.1,2,0.724,6,77000,18,4791,58.1,0
R107843,5,19,325,8000,0.36,0.627,99.3,2,0.672,4,43000,30,1605,49.1,0
R107844,13,21,511,9714,0.292,0.769,120.8,2,0.818,9,88000,24,4107,67.3,0
R107845,12,22,594,16099,0.278,0.785,154.3,2,0.83,10,90000,24,4200,70.0,1
R107846,18,27,614,24636,0.127,0.854,135.0,1,0.825,17,76000,24,3547,83.9,0
R107847,19,27,782,12765,0.164,0.955,141.6,0,0.941,15,96000,12,8960,90.5,1
R107848,3,21,643,20065,0.256,0.879,171.8,1,0.849,2,85000,24,3967,69.3,1
R107849,15,25,536,12939,0.224,0.948,157.7,0,0.923,9,76000,30,2837,78.1,1
R107850,13,17,310,11667,0.239,0.798,119.0,1,0.903,12,90000,18,5600,66.6,1
R107851,13,20,508,11058,0.345,0.689,124.1,2,0.768,10,59000,30,2203,61.7,1
R107852,20,30,780,30724,0.134,0.809,158.6,1,0.91,9,80000,30,2987,88.2,1
R107853,6,18,302,8000,0.325,0.572,77.5,3,0.672,4,83000,36,2582,49.1,1
R107854,19,22,430,20216,0.368,0.799,132.5,1,0.874,10,99000,24,4620,66.4,0
R107855,15,22,578,13448,0.304,0.704,107.5,1,0.75,8,63000,30,2352,67.1,0
R107856,3,20,256,10069,0.353,0.808,117.8,2,0.736,2,57000,36,1773,51.3,0
R107857,7,25,584,11275,0.132,0.849,140.9,1,0.893,4,89000,36,2769,76.5,1
R107858,11,19,362,8464,0.209,0.601,80.3,3,0.739,7,69000,36,2147,61.4,1
R107859,3,18,408,10464,0.263,0.859,137.3,1,0.844,2,54000,24,2520,62.4,1
R107860,15,14,247,8000,0.535,0.641,75.6,3,0.64,7,81000,24,3780,43.8,0
R107861,19,22,436,10641,0.18,0.998,132.4,1,0.93,14,119000,12,11107,82.0,1
R107862,17,19,403,12192,0.356,0.739,105.7,2,0.783,10,85000,12,7933,62.7,0
R107863,16,22,658,18082,0.308,0.915,115.4,0,0.939,11,54000,36,1680,76.8,1
R107864,8,26,489,16538,0.222,0.875,169.0,1,0.922,6,63000,24,2940,70.7,1
R107865,15,28,589,21827,0.376,0.756,120.3,1,0.857,12,58000,30,2165,65.7,0
R107866,26,24,508,14172,0.279,0.793,142.1,1,0.843,16,55000,18,3422,75.5,0
R107867,4,21,500,15581,0.323,0.759,112.1,1,0.808,3,75000,24,3500,59.5,1
R107868,4,26,563,19796,0.419,0.737,100.1,1,0.882,2,64000,24,2987,55.9,0
R107869,5,20,430,8758,0.442,0.669,94.0,3,0.686,3,104000,24,4853,48.7,1
R107870,10,24,546,18456,0.274,0.813,139.7,1,0.878,9,64000,30,2389,69.0,1
R107871,5,21,474,11647,0.228,0.859,118.7,1,0.898,4,84000,18,5227,67.7,1
R107872,17,18,424,12069,0.445,0.741,116.9,2,0.779,9,81000,18,5040,58.0,0
R107873,11,21,525,18713,0.393,0.602,97.3,2,0.779,8,94000,30,3509,56.3,1
R107874,11,28,573,14130,0.334,0.74,106.5,2,0.774,5,66000,30,2464,63.9,1
R107875,20,27,587,15092,0.284,0.898,133.3,1,0.917,10,53000,24,2473,77.7,1
R107876,3,22,457,14958,0.386,0.704,133.4,2,0.813,3,66000,18,4107,53.1,0
R107877,13,22,589,14984,0.225,0.727,154.9,1,0.798,9,87000,24,4060,71.3,0
R107878,13,27,485,9611,0.173,0.769,122.4,0,0.913,10,71000,30,2651,73.9,0
R107879,23,21,447,12467,0.269,0.805,100.2,2,0.783,12,64000,24,2987,73.9,0
R107880,35,29,741,22407,0.277,0.851,132.0,0,0.95,23,93000,30,3472,83.9,1
R107881,4,22,591,15558,0.156,0.834,142.9,0,0.87,3,83000,12,7747,72.9,1
R107882,7,17,363,8000,0.343,0.599,93.5,3,0.709,6,40000,36,1244,52.0,0
R107883,2,28,668,22328,0.215,0.847,182.9,0,0.946,2,63000,30,2352,71.6,1
R107884,5,26,490,11303,0.23,0.893,154.2,2,0.774,3,102000,36,3173,67.5,1
R107885,25,30,709,20497,0.258,0.919,184.2,0,0.953,21,79000,12,7373,85.9,1
R107886,17,15,226,8000,0.314,0.736,119.9,2,0.766,10,80000,12,7467,60.1,0
R107887,9,18,379,13698,0.435,0.759,108.2,2,0.804,5,46000,24,2147,53.4,0
R107888,10,23,467,15781,0.348,0.922,116.8,1,0.843,6,89000,36,2769,65.4,1
R107889,4,22,615,15786,0.315,1.0,121.3,0,0.964,3,81000,24,3780,70.2,0
R107890,5,28,576,19978,0.178,0.847,148.8,1,0.897,2,73000,18,4542,72.2,0
R107891,10,20,501,11451,0.324,0.703,109.1,2,0.75,8,64000,30,2389,61.3,0
R107892,7,26,515,11045,0.343,0.931,158.1,2,0.815,5,84000,30,3136,64.8,0
R107893,17,26,558,17675,0.305,0.892,151.6,0,0.912,15,59000,24,2753,73.9,1
R107894,19,23,555,17978,0.173,0.867,147.7,2,0.788,13,81000,24,3780,80.2,0
R107895,7,19,486,13127,0.301,0.774,151.7,1,0.851,5,63000,12,5880,63.0,0
R107896,13,22,523,13557,0.231,0.905,107.1,0,0.93,8,63000,18,3920,75.4,1
R107897,10,16,301,10192,0.366,0.718,111.5,2,0.795,7,58000,24,2707,54.7,0
R107898,10,21,372,9802,0.122,0.901,150.3,0,0.963,5,92000,18,5724,75.4,1
R107899,24,23,553,16869,0.305,0.749,90.5,3,0.793,13,87000,24,4060,73.6,0
R107900,4,17,382,8509,0.47,0.619,121.1,2,0.705,3,92000,18,5724,43.8,0
R107901,24,26,522,15073,0.339,0.704,137.9,2,0.784,22,83000,30,3099,69.5,1
R107902,18,23,484,12194,0.266,0.897,166.8,1,0.835,11,80000,24,3733,74.1,0
R107903,13,27,725,13979,0.329,0.837,142.6,1,0.929,11,107000,30,3995,73.3,1
R107904,16,29,822,25353,0.253,0.918,158.8,0,0.873,12,70000,24,3267,82.8,1
R107905,10,25,678,8808,0.327,0.991,152.4,2,0.925,8,107000,36,3329,74.0,1
R107906,7,25,490,10407,0.264,0.868,147.3,0,0.876,5,102000,24,4760,67.5,1
R107907,5,25,501,11329,0.437,0.885,156.0,0,0.924,5,98000,18,6098,58.5,1
R107908,18,23,431,16849,0.322,0.672,111.0,2,0.829,10,93000,30,3472,64.3,0
R107909,12,20,401,16394,0.464,0.886,91.3,1,0.824,8,111000,30,4144,57.8,0
R107910,29,25,484,13908,0.174,0.815,167.3,1,0.893,27,82000,36,2551,81.5,0
R107911,17,22,672,17836,0.174,0.87,143.4,1,0.902,12,69000,36,2147,83.2,1
R107912,13,16,263,8000,0.42,0.527,94.6,2,0.764,11,69000,36,2147,47.6,0
R107913,7,21,455,13726,0.08,0.874,132.6,1,0.897,4,59000,18,3671,76.5,0
R107914,8,21,507,15568,0.298,0.759,84.6,2,0.862,7,99000,36,3080,63.7,0
R107915,7,20,451,14344,0.431,0.799,125.5,1,0.853,6,96000,30,3584,55.4,0
R107916,14,18,379,8000,0.479,0.667,89.0,3,0.833,13,90000,24,4200,52.3,0
R107917,9,24,711,23309,0.128,0.844,147.9,1,0.849,7,57000,30,2128,80.7,1
R107918,7,24,637,18354,0.132,0.953,153.9,1,0.899,7,95000,18,5911,80.5,1
R107919,30,26,637,21893,0.159,0.783,108.5,1,0.852,18,69000,18,4293,84.9,1
R107920,21,23,510,11232,0.222,0.789,116.6,2,0.819,16,60000,30,2240,76.2,0
R107921,11,22,486,17493,0.267,0.703,125.9,1,0.813,9,115000,24,5367,64.7,0
R107922,11,26,501,13112,0.285,0.909,174.6,1,0.934,9,65000,30,2427,70.9,0
R107923,17,30,737,24689,0.275,0.908,145.2,1,0.972,14,77000,24,3593,81.5,0
R107924,10,21,465,14739,0.431,0.81,83.5,2,0.824,9,55000,30,2053,57.7,0
R107925,4,14,298,9726,0.469,0.71,99.8,2,0.779,3,79000,18,4916,45.1,0
R107926,7,16,308,13782,0.156,0.77,127.2,1,0.784,4,89000,36,2769,65.0,1
R107927,11,18,393,12627,0.328,0.655,88.4,3,0.69,7,100000,36,3111,57.2,0
R107928,11,21,506,14381,0.128,0.838,128.1,0,0.957,6,63000,12,5880,77.7,1
R107929,3,19,414,14146,0.363,0.949,147.2,0,0.96,1,82000,24,3827,60.6,0
R107930,17,17,416,9339,0.353,0.642,100.8,4,0.749,13,60000,18,3733,60.4,0
R107931,3,23,476,11991,0.244,0.821,114.6,1,0.859,2,72000,30,2688,64.3,1
R107932,5,21,346,10724,0.453,0.659,108.3,2,0.651,3,88000,24,4107,45.2,0
R107933,18,26,546,11495,0.174,0.965,150.2,0,0.937,14,50000,36,1556,83.6,0
R107934,9,18,323,8835,0.475,0.585,107.1,2,0.775,4,90000,24,4200,45.4,0
R107935,22,26,657,25616,0.18,0.855,133.0,0,0.899,12,48000,36,1493,85.2,1
R107936,20,24,517,17615,0.309,0.858,156.2,1,0.889,15,79000,18,4916,73.5,1
R107937,4,14,255,8000,0.247,0.57,66.3,2,0.67,3,73000,12,6813,51.1,0
R107938,8,26,473,12625,0.521,0.7,116.3,2,0.818,6,67000,30,2501,49.4,0
R107939,7,18,358,8334,0.363,0.736,114.9,1,0.824,4,71000,24,3313,55.1,0
R107940,8,22,389,9742,0.325,0.797,97.2,2,0.818,4,96000,24,4480,59.6,1
R107941,7,21,595,16854,0.218,0.857,143.7,1,0.884,6,58000,36,1804,72.1,1
R107942,5,23,528,14958,0.276,0.812,137.3,1,0.87,4,65000,30,2427,64.9,1
R107943,21,21,460,8000,0.322,0.682,110.2,2,0.755,16,116000,30,4331,66.3,0
R107944,5,21,425,18218,0.282,0.746,135.0,1,0.883,3,91000,30,3397,60.7,1
R107945,9,18,362,11421,0.319,0.735,135.0,2,0.833,7,82000,30,3061,58.8,1
R107946,5,21,439,11708,0.265,0.904,125.0,1,0.875,4,94000,24,4387,65.7,1
R107947,12,25,521,16418,0.281,0.714,121.2,1,0.874,9,75000,18,4667,66.4,0
R107948,9,9,164,8000,0.438,0.494,89.0,3,0.651,5,78000,30,2912,39.6,0
R107949,7,28,631,15865,0.247,0.835,123.1,1,0.895,4,59000,30,2203,71.3,0
R107950,21,23,515,16352,0.284,0.761,167.2,2,0.822,10,89000,36,2769,72.3,1
R107951,10,24,694,22114,0.295,0.761,117.3,2,0.879,7,64000,24,2987,69.8,0
R107952,10,22,643,20212,0.214,0.841,169.9,0,0.834,8,103000,24,4807,74.8,1
R107953,3,22,594,14288,0.256,0.698,120.2,2,0.85,1,63000,18,3920,63.3,1
R107954,11,22,441,9869,0.271,0.871,126.8,0,0.905,7,79000,30,2949,68.9,1
R107955,17,25,667,16601,0.192,0.768,151.9,0,1.0,13,54000,24,2520,80.4,1
R107956,6,21,501,11364,0.112,0.991,134.9,0,0.921,3,60000,30,2240,78.5,0
R107957,9,22,557,8640,0.234,0.826,102.3,2,0.893,4,63000,36,1960,70.8,1
R107958,23,30,698,16608,0.244,0.913,171.8,1,0.872,12,101000,12,9427,84.8,0
R107959,7,27,657,19267,0.246,0.843,156.8,0,0.901,5,88000,18,5476,72.2,1
R107960,15,20,290,14121,0.417,0.703,76.7,2,0.763,8,90000,36,2800,54.2,0
R107961,9,25,612,11648,0.216,0.869,119.3,1,0.918,8,102000,24,4760,74.7,0
R107962,21,29,609,21712,0.249,0.779,143.8,1,0.896,14,78000,24,3640,77.8,0
R107963,13,18,386,14248,0.511,0.711,94.6,2,0.809,6,45000,30,1680,50.8,0
R107964,6,20,507,12179,0.31,0.675,109.2,2,0.739,6,80000,30,2987,58.9,0
R107965,4,15,379,8000,0.323,0.702,132.4,2,0.915,4,88000,24,4107,55.8,1
R107966,26,22,430,15481,0.254,0.83,121.2,2,0.812,13,73000,24,3407,75.5,1
R107967,14,21,493,13616,0.379,0.719,108.2,1,0.9,9,101000,18,6284,62.4,0
R107968,13,22,614,16306,0.237,0.83,118.8,2,0.885,10,67000,36,2084,74.5,0
R107969,8,24,571,10146,0.265,0.766,138.9,1,0.859,4,46000,24,2147,67.2,0
R107970,3,26,817,19353,0.091,0.845,137.4,0,0.935,3,85000,24,3967,82.0,1
R107971,13,16,312,10646,0.35,0.559,82.7,2,0.73,11,82000,36,2551,53.1,0
R107972,13,20,495,11261,0.251,0.94,127.1,2,0.798,10,55000,30,2053,72.9,1
R107973,15,23,611,20786,0.293,0.766,122.0,0,0.922,9,70000,30,2613,71.8,0
R107974,22,20,534,12105,0.292,0.984,160.4,0,0.909,12,82000,24,3827,79.7,0
R107975,12,21,460,11184,0.27,0.797,141.3,1,0.892,11,42000,30,1568,67.9,0
R107976,3,17,387,14492,0.267,0.886,123.2,3,0.782,2,74000,18,4604,61.7,0
R107977,16,25,391,8000,0.334,0.836,98.4,1,0.868,13,76000,24,3547,65.8,1
R107978,27,28,502,11895,0.212,0.837,163.4,1,0.957,24,100000,30,3733,81.1,1
R107979,10,26,507,15874,0.252,0.783,121.4,3,0.859,8,113000,12,10547,68.0,1
R107980,10,16,252,8000,0.327,0.794,98.4,1,0.788,5,74000,24,3453,57.0,0
R107981,9,25,525,14375,0.291,0.817,162.2,1,0.922,8,49000,12,4573,67.3,1
R107982,11,24,554,12855,0.274,0.862,126.7,0,0.981,10,101000,24,4713,71.9,0
R107983,13,25,594,18828,0.184,0.819,123.3,1,0.846,11,58000,36,1804,76.5,0
R107984,15,20,508,15731,0.234,0.877,118.8,2,0.786,9,93000,12,8680,73.7,0
R107985,7,19,402,9520,0.275,0.825,129.9,1,0.877,3,84000,36,2613,63.6,1
R107986,7,17,374,10514,0.268,0.736,114.6,1,0.82,6,89000,36,2769,60.7,0
R107987,1,26,501,10974,0.347,0.889,139.7,2,0.942,1,88000,24,4107,60.7,1
R107988,3,28,730,24076,0.223,0.836,149.6,0,0.916,1,73000,18,4542,72.7,1
R107989,8,19,458,11959,0.25,0.925,149.3,2,0.844,4,95000,30,3547,69.3,1
R107990,13,26,640,10714,0.275,0.678,140.1,1,0.843,8,71000,24,3313,69.4,1
R107991,8,25,519,15369,0.227,0.994,148.3,0,0.937,6,111000,36,3453,74.5,1
R107992,17,20,424,11380,0.288,0.883,134.1,1,0.959,12,89000,24,4153,71.7,1
R107993,7,20,535,13284,0.454,0.854,131.6,1,0.86,5,76000,36,2364,57.8,0
R107994,7,20,439,8000,0.171,0.818,134.9,1,0.917,5,64000,24,2987,70.2,0
R107995,20,11,230,8000,0.547,0.502,86.3,3,0.665,11,94000,36,2924,42.7,0
R107996,13,24,550,17930,0.363,1.0,164.0,0,0.957,12,68000,36,2116,71.5,0
R107997,18,21,592,17055,0.36,0.903,119.2,3,0.802,16,56000,24,2613,72.0,0
R107998,13,28,815,29624,0.21,0.916,170.4,0,0.97,10,81000,18,5040,84.1,1
R107999,11,29,790,22238,0.172,0.993,160.3,0,0.958,5,46000,24,2147,86.4,1
R108000,13,25,525,15369,0.259,0.844,134.0,1,0.856,8,85000,30,3173,71.6,1
R108001,5,17,418,8049,0.265,0.785,130.7,1,0.872,2,68000,36,2116,61.9,0
R108002,2,16,299,8117,0.4,0.867,118.7,1,0.846,2,108000,36,3360,52.0,0
R108003,4,25,586,18030,0.371,0.789,149.7,2,0.805,3,74000,30,2763,59.8,1
R108004,3,18,408,13556,0.297,0.778,115.8,2,0.79,1,87000,30,3248,58.0,1
R108005,13,21,437,8828,0.376,0.809,106.0,1,0.835,8,99000,24,4620,61.9,1
R108006,20,25,621,21553,0.275,0.86,122.5,1,0.859,9,74000,24,3453,77.9,1
R108007,4,28,925,25064,0.259,0.831,153.3,1,0.893,3,90000,24,4200,73.1,0
R108008,12,21,433,12607,0.41,0.738,97.0,2,0.829,8,106000,36,3298,57.9,1
R108009,24,16,351,10176,0.337,0.656,109.0,2,0.781,21,70000,18,4356,64.5,0
R108010,18,15,379,8916,0.371,0.807,111.7,2,0.798,16,81000,30,3024,63.3,0
R108011,14,21,507,15789,0.252,0.896,146.1,0,0.959,10,99000,24,4620,74.2,1
R108012,11,29,798,26059,0.316,0.893,146.0,0,0.995,7,73000,30,2725,76.5,1
R108013,13,25,574,22579,0.147,0.845,113.8,1,0.835,11,73000,24,3407,78.4,1
R108014,12,25,623,18195,0.24,0.918,153.6,0,0.914,7,56000,24,2613,76.5,1
R108015,10,21,532,10000,0.146,0.854,131.5,1,0.938,7,46000,18,2862,76.5,0
R108016,5,25,588,9509,0.356,0.75,137.5,1,0.895,5,65000,24,3033,61.1,1
R108017,7,25,654,17384,0.157,0.836,110.1,0,0.949,6,44000,36,1369,77.0,1
R108018,12,24,596,20913,0.275,0.969,140.9,0,0.952,9,92000,24,4293,76.1,0
R108019,19,24,616,16326,0.188,0.863,144.5,0,1.0,9,60000,30,2240,83.2,1
R108020,5,21,392,11360,0.474,0.668,109.6,1,0.846,3,108000,18,6720,47.1,1
R108021,32,18,429,11582,0.282,0.726,117.3,2,0.806,21,120000,36,3733,71.3,0
R108022,3,22,741,27325,0.221,1.0,121.0,0,0.891,2,75000,24,3500,76.7,1
R108023,6,26,715,19641,0.241,0.898,137.4,0,0.917,5,82000,30,3061,74.6,1
R108024,13,16,236,8000,0.415,0.512,66.7,4,0.591,12,81000,18,5040,44.9,0
R108025,16,17,377,9669,0.17,0.775,147.5,1,0.838,13,61000,36,1898,72.3,1
R108026,7,25,559,15227,0.247,0.851,131.6,0,0.971,5,42000,24,1960,70.5,1
R108027,11,18,368,8385,0.185,0.768,115.2,3,0.745,8,55000,24,2567,67.1,0
R108028,10,27,772,18503,0.22,0.945,154.6,0,0.961,9,40000,24,1867,81.2,1
R108029,8,19,441,10152,0.258,0.898,128.5,1,0.858,4,57000,24,2660,68.0,1
R108030,6,22,567,13645,0.165,0.901,158.2,0,0.959,3,105000,18,6533,75.3,1
R108031,13,18,515,19007,0.08,0.828,135.8,2,0.854,6,69000,18,4293,80.0,1
R108032,13,24,465,15914,0.118,0.721,103.7,2,0.856,9,78000,36,2427,74.3,0
R108033,11,21,593,14795,0.133,0.928,137.3,1,0.886,7,105000,36,3267,80.7,1
R108034,17,10,206,8785,0.436,0.474,46.4,3,0.638,10,65000,24,3033,45.0,0
R108035,13,25,632,18023,0.248,0.993,148.4,1,0.856,8,72000,12,6720,78.2,0
R108036,6,24,490,16866,0.248,0.928,137.7,1,0.843,5,68000,24,3173,69.0,0
R108037,25,27,777,21821,0.115,0.982,143.6,0,0.934,15,107000,36,3329,96.5,1
R108038,15,26,682,17173,0.35,0.836,144.9,1,0.864,11,84000,24,3920,71.5,1
R108039,9,27,675,17497,0.321,0.862,147.9,1,0.844,7,87000,12,8120,69.6,1
R108040,8,24,377,8000,0.327,0.657,94.5,3,0.736,7,90000,18,5600,55.1,0
R108041,8,25,629,16745,0.342,0.856,131.7,1,0.778,6,74000,18,4604,65.9,0
R108042,5,23,642,19068,0.229,0.698,108.1,3,0.768,3,70000,24,3267,66.4,1
R108043,7,18,282,9193,0.365,0.649,70.1,3,0.715,3,82000,24,3827,49.7,0
R108044,12,28,689,20134,0.08,0.853,168.6,0,0.924,10,72000,24,3360,85.1,1
R108045,15,19,479,14152,0.153,0.991,147.4,0,0.911,9,77000,36,2396,81.3,1
R108046,23,23,566,12220,0.235,0.855,140.4,1,0.84,19,92000,30,3435,80.1,1
R108047,9,11,202,8000,0.449,0.67,73.8,2,0.763,7,79000,24,3687,45.5,0
R108048,12,19,441,8000,0.355,0.762,126.7,1,0.784,9,86000,24,4013,61.1,0
R108049,12,18,433,12258,0.19,0.859,125.7,1,0.823,7,91000,12,8493,72.3,0
R108050,7,18,362,11986,0.322,0.756,93.5,2,0.705,4,46000,36,1431,56.5,0
R108051,14,24,468,8820,0.261,0.889,149.0,1,0.889,9,48000,24,2240,72.1,0
R108052,4,26,612,20030,0.369,0.965,99.7,1,0.921,3,57000,36,1773,65.8,1
R108053,10,23,462,12060,0.252,0.866,163.2,0,0.995,6,42000,24,1960,70.3,1
R108054,9,23,506,13962,0.235,0.858,164.7,1,0.893,5,57000,24,2660,70.3,1
R108055,7,19,332,9313,0.456,0.659,90.0,4,0.678,4,107000,24,4993,46.2,0
R108056,13,25,618,18426,0.181,0.946,174.7,0,0.972,8,84000,24,3920,81.6,1
R108057,23,22,550,15769,0.262,0.884,128.8,0,0.904,12,88000,30,3285,79.7,1
R108058,18,23,460,13641,0.246,0.681,118.4,1,0.868,17,81000,24,3780,69.7,0
R108059,12,25,662,15394,0.201,0.903,150.7,1,0.82,10,81000,18,5040,78.5,1
R108060,17,23,472,18407,0.256,0.728,106.8,1,0.853,14,87000,36,2707,69.9,0
R108061,27,18,350,11655,0.491,0.66,65.5,2,0.745,19,82000,24,3827,56.1,0
R108062,6,17,366,9302,0.486,0.681,136.1,4,0.673,4,90000,30,3360,45.5,0
R108063,10,23,627,20979,0.347,0.65,116.3,3,0.719,9,51000,24,2380,61.3,0
R108064,14,27,550,19638,0.349,0.963,150.7,3,0.813,10,90000,18,5600,70.4,1
R108065,14,17,325,11514,0.448,0.688,91.9,2,0.768,9,97000,24,4527,52.7,0
R108066,9,27,573,18078,0.231,0.859,148.4,3,0.848,4,52000,24,2427,71.8,0
R108067,12,25,697,21094,0.085,0.822,137.1,0,0.887,10,71000,18,4418,84.2,1
R108068,9,21,366,10474,0.411,0.886,136.7,2,0.874,7,74000,30,2763,58.3,0
R108069,10,22,458,8034,0.359,0.818,126.0,1,0.821,9,73000,30,2725,61.9,0
R108070,3,26,525,16210,0.314,0.699,120.9,1,0.776,2,76000,18,4729,57.9,1
R108071,23,25,491,11922,0.294,0.822,118.2,1,0.88,12,97000,36,3018,74.7,0
R108072,3,26,694,16742,0.325,0.876,140.4,0,0.943,1,100000,30,3733,67.4,1
R108073,7,21,414,8870,0.216,0.885,149.3,1,0.886,5,71000,36,2209,68.8,0
R108074,15,21,428,12277,0.122,0.913,149.1,0,0.995,11,40000,24,1867,80.6,1
R108075,19,26,774,22242,0.274,0.903,171.5,1,0.931,12,55000,30,2053,83.0,1
R108076,9,20,441,9338,0.251,0.817,105.5,1,0.798,5,103000,18,6409,66.1,0
R108077,16,19,430,11387,0.309,0.813,118.1,3,0.771,11,56000,30,2091,66.7,0
R108078,10,26,681,11023,0.094,0.935,132.6,1,0.956,8,52000,18,3236,85.5,0
R108079,13,18,417,13284,0.387,0.798,146.3,1,0.881,10,75000,30,2800,61.0,1
R108080,8,17,311,8000,0.402,0.732,110.0,2,0.8,6,73000,36,2271,51.9,0
R108081,15,21,483,18180,0.149,0.906,128.0,1,0.825,10,49000,24,2287,78.7,1
R108082,4,25,677,14588,0.318,0.932,138.3,2,0.796,4,81000,24,3780,68.4,0
R108083,31,26,674,20595,0.286,0.801,146.1,0,0.915,19,64000,36,1991,80.2,1
R108084,7,14,282,8000,0.483,0.685,105.9,3,0.666,6,93000,30,3472,43.9,1
R108085,5,19,427,11022,0.219,0.817,151.3,1,0.85,4,58000,24,2707,65.3,0
R108086,10,22,444,11774,0.092,0.813,120.0,0,0.921,10,83000,24,3873,76.5,1
R108087,8,23,514,15089,0.28,0.805,111.8,3,0.812,8,55000,24,2567,65.8,1
R108088,23,21,633,13692,0.161,0.858,124.0,1,0.903,16,92000,30,3435,86.2,0
R108089,28,24,610,16924,0.317,0.824,128.6,1,0.822,24,57000,18,3547,76.6,0
R108090,7,22,406,17699,0.13,0.76,100.8,2,0.848,4,68000,18,4231,69.4,0
R108091,14,24,650,17125,0.301,0.822,115.1,1,0.813,11,75000,24,3500,71.9,0
R108092,13,18,363,16383,0.23,0.756,102.4,1,0.813,11,96000,18,5973,66.3,0
R108093,14,25,584,13037,0.261,0.736,133.5,1,0.836,9,63000,30,2352,70.3,0
R108094,6,21,453,12981,0.314,0.665,99.0,2,0.764,4,75000,12,7000,56.8,0
R108095,6,30,785,23263,0.227,0.948,157.6,0,0.918,3,67000,24,3127,78.2,1
R108096,11,29,689,19037,0.221,0.798,133.3,0,0.943,8,60000,30,2240,76.2,1
R108097,13,24,605,18329,0.238,0.768,125.7,1,0.908,12,74000,30,2763,73.3,1
R108098,4,21,335,11802,0.237,0.821,127.8,1,0.905,2,59000,36,1836,62.2,1
R108099,7,21,428,10789,0.441,0.675,90.9,2,0.763,6,72000,18,4480,50.9,0
R108100,10,17,366,8000,0.363,0.681,133.3,1,0.911,6,81000,12,7560,56.4,0
R108101,20,16,256,8460,0.379,0.547,87.2,2,0.726,13,90000,24,4200,53.9,0
R108102,17,18,210,8000,0.225,0.649,124.9,1,0.807,15,97000,24,4527,62.4,0
R108103,22,19,337,14654,0.344,0.746,105.8,2,0.829,18,104000,24,4853,65.5,0
R108104,10,18,471,15808,0.237,0.794,158.1,0,0.879,9,76000,36,2364,68.7,0
R108105,8,21,422,14485,0.24,0.71,130.5,2,0.771,5,78000,24,3640,62.6,0
R108106,22,24,647,21599,0.184,0.855,127.2,0,0.924,14,67000,24,3127,84.8,1
R108107,10,18,478,10442,0.355,0.73,114.7,1,0.73,9,87000,24,4060,59.4,1
R108108,15,23,531,17610,0.418,0.833,143.0,2,0.826,11,78000,36,2427,63.9,0
R108109,2,17,402,10592,0.411,0.873,108.6,1,0.839,2,103000,24,4807,54.3,0
R108110,10,24,583,20625,0.225,0.764,137.1,1,0.901,7,84000,18,5227,71.3,0
R108111,10,23,554,15877,0.259,0.661,113.2,1,0.871,6,65000,24,3033,66.1,0
R108112,10,30,649,22934,0.215,0.979,152.8,0,1.0,8,88000,30,3285,79.9,1
R108113,11,26,645,14176,0.26,0.808,139.1,0,0.876,6,66000,18,4107,72.5,0
R108114,21,27,589,15961,0.324,0.946,171.2,0,0.95,18,59000,30,2203,78.3,0
R108115,8,21,516,11770,0.248,0.766,117.1,1,0.903,4,76000,24,3547,67.0,1
R108116,17,28,600,14975,0.167,0.873,143.2,0,0.978,8,40000,36,1244,82.4,1
R108117,4,19,414,12378,0.339,0.721,133.5,1,0.793,2,88000,24,4107,55.0,0
R108118,4,30,673,19747,0.16,0.853,148.4,1,0.942,2,72000,18,4480,75.9,0
R108119,6,28,631,23204,0.268,0.719,119.1,1,0.934,3,83000,30,3099,66.8,0
R108120,7,22,581,15379,0.191,0.827,151.1,1,0.86,6,105000,36,3267,72.2,1
R108121,17,21,556,20289,0.325,0.74,156.0,1,0.887,11,96000,18,5973,68.7,1
R108122,11,21,396,12715,0.355,0.85,133.8,1,0.844,9,75000,24,3500,62.1,0
R108123,3,17,378,8705,0.229,0.891,143.2,1,0.825,3,74000,24,3453,64.0,0
R108124,12,22,448,12391,0.232,0.769,128.4,1,0.891,6,101000,18,6284,68.7,1
R108125,12,20,413,10301,0.254,0.847,142.8,1,0.772,7,57000,36,1773,67.5,1
R108126,1,25,577,15493,0.242,0.718,140.0,2,0.854,1,79000,36,2458,63.0,0
R108127,22,22,477,12497,0.339,0.822,160.6,1,0.822,20,108000,36,3360,71.1,0
R108128,6,28,745,24142,0.11,0.867,140.9,0,1.0,5,80000,24,3733,82.6,1
R108129,16,17,316,8133,0.416,0.609,94.7,3,0.693,15,87000,36,2707,52.7,0
R108130,14,25,651,16770,0.318,0.786,136.3,0,0.949,8,82000,18,5102,71.9,1
R108131,5,16,303,12067,0.366,0.635,93.8,3,0.713,2,72000,36,2240,48.5,1
R108132,20,19,400,9006,0.352,0.701,94.9,2,0.712,11,65000,24,3033,62.8,0
R108133,13,15,246,8000,0.376,0.626,95.2,2,0.689,7,68000,30,2539,51.3,0
R108134,20,26,676,19907,0.346,0.758,146.3,1,0.905,17,68000,12,6347,73.3,1
R108135,26,12,230,8000,0.474,0.503,78.3,3,0.687,22,73000,30,2725,49.5,0
R108136,6,19,387,11199,0.378,0.728,128.9,1,0.797,5,93000,18,5787,53.7,0
R108137,12,18,436,15675,0.205,0.915,151.7,2,0.85,8,79000,24,3687,73.5,0
R108138,4,24,718,19233,0.283,0.807,151.7,1,0.914,2,54000,24,2520,68.9,1
R108139,20,15,254,8000,0.355,0.734,106.0,2,0.79,12,89000,12,8307,60.5,1
R108140,3,28,649,20451,0.307,1.0,142.7,1,0.925,2,68000,36,2116,70.4,1
R108141,4,22,518,14062,0.374,0.755,133.2,1,0.79,3,63000,30,2352,57.0,1
R108142,7,21,343,8000,0.513,0.666,79.2,3,0.651,5,60000,24,2800,43.5,1
R108143,10,28,713,18715,0.331,0.825,131.9,1,0.844,7,59000,30,2203,70.1,1
R108144,17,24,514,10033,0.17,0.789,143.0,0,0.942,13,83000,36,2582,77.8,1
R108145,3,19,414,11242,0.421,0.775,99.9,1,0.834,2,119000,24,5553,52.1,1
R108146,12,21,432,12783,0.46,0.666,89.2,2,0.77,9,74000,36,2302,52.9,0
R108147,7,21,364,8000,0.179,0.868,117.9,1,0.855,6,57000,24,2660,68.5,0
R108148,10,24,492,13681,0.199,0.96,157.8,0,0.953,5,71000,36,2209,75.8,1
R108149,22,22,355,10871,0.221,0.813,133.8,1,0.882,19,50000,18,3111,74.3,1
R108150,11,21,481,14803,0.288,0.801,124.3,1,0.829,8,59000,12,5507,66.3,1
R108151,14,30,840,26428,0.239,0.909,163.7,0,0.838,9,99000,18,6160,81.7,0
R108152,2,23,471,9518,0.286,0.802,130.6,2,0.837,2,75000,30,2800,60.8,1
R108153,6,22,620,17130,0.241,0.641,148.8,1,0.813,6,97000,36,3018,65.0,0
R108154,10,26,592,21017,0.152,0.777,130.4,1,0.821,8,82000,24,3827,75.1,1
R108155,4,28,706,20786,0.211,0.762,113.4,1,0.836,2,57000,18,3547,70.6,0
R108156,3,24,637,17526,0.276,0.807,183.4,1,0.851,1,53000,12,4947,66.1,1
R108157,6,18,355,11608,0.197,0.913,103.8,2,0.923,4,95000,18,5911,68.7,0
R108158,10,19,451,16225,0.228,0.641,115.4,2,0.766,6,64000,30,2389,63.6,0
R108159,16,17,281,8000,0.215,0.831,117.1,1,0.839,8,63000,30,2352,69.3,1
R108160,16,24,479,15349,0.269,0.9,130.5,1,0.996,13,60000,18,3733,74.7,0
R108161,9,25,440,13826,0.263,0.675,112.4,1,0.853,8,85000,18,5289,62.7,1
R108162,11,23,614,20495,0.233,0.908,175.0,0,0.946,9,79000,18,4916,76.4,1
R108163,3,19,447,16182,0.276,0.743,137.0,1,0.831,2,73000,18,4542,59.9,0
R108164,29,26,766,20747,0.257,0.849,112.7,1,0.87,19,91000,18,5662,84.8,1
R108165,24,23,554,19675,0.277,0.845,118.4,1,0.928,14,59000,18,3671,78.6,1
R108166,13,29,561,17962,0.114,0.776,138.0,0,0.918,7,72000,30,2688,78.9,1
R108167,9,23,590,10571,0.268,0.73,121.9,1,0.896,5,77000,24,3593,67.4,1
R108168,19,26,643,23555,0.203,0.957,162.8,0,0.937,17,83000,24,3873,85.0,1
R108169,30,17,331,8287,0.268,0.81,131.4,2,0.852,17,90000,24,4200,72.2,1
R108170,14,20,431,14739,0.239,0.775,122.0,1,0.842,12,46000,24,2147,69.0,1
R108171,17,20,470,11909,0.291,0.741,116.4,1,0.889,11,85000,24,3967,68.4,0
R108172,7,23,698,19619,0.266,0.824,124.1,1,0.862,5,69000,36,2147,71.4,0
R108173,4,30,829,21841,0.269,0.944,138.3,1,0.961,4,68000,30,2539,75.8,0
R108174,10,23,486,9314,0.377,0.729,97.7,1,0.833,7,56000,24,2613,59.1,0
R108175,15,20,350,16648,0.632,0.566,94.0,3,0.711,12,52000,18,3236,40.4,0
R108176,3,22,461,17077,0.269,0.795,125.7,1,0.876,3,77000,24,3593,62.3,0
R108177,28,21,493,13258,0.297,0.843,147.5,1,0.932,20,65000,36,2022,76.3,0
R108178,14,30,617,19928,0.148,0.911,170.4,1,0.965,9,70000,30,2613,83.3,1
R108179,16,16,392,14405,0.243,0.849,116.3,1,0.915,9,66000,24,3080,71.9,0
R108180,2,23,420,10888,0.188,0.794,107.9,0,0.875,2,59000,18,3671,64.8,1
R108181,8,24,535,10998,0.221,0.735,153.0,1,0.848,5,41000,18,2551,67.5,1
R108182,11,30,833,19631,0.339,0.867,136.2,1,0.873,8,72000,36,2240,73.8,1
R108183,5,24,412,9520,0.485,0.642,83.7,3,0.787,2,70000,24,3267,45.8,0
R108184,35,22,576,14327,0.359,0.821,113.8,1,0.801,21,83000,24,3873,73.3,0
R108185,23,27,624,11442,0.323,0.803,127.2,3,0.763,20,58000,36,1804,74.6,0
R108186,12,19,575,16418,0.326,0.79,109.1,2,0.862,9,93000,30,3472,67.0,1
R108187,18,18,351,10653,0.429,0.713,88.5,2,0.713,13,120000,36,3733,56.5,0
R108188,9,28,429,12816,0.364,0.91,136.3,1,0.845,6,83000,18,5164,62.3,1
R108189,20,20,418,13549,0.304,0.825,165.1,0,0.998,15,45000,24,2100,72.0,1
R108190,10,26,547,15992,0.339,1.0,185.0,0,0.855,6,64000,24,2987,69.7,1
R108191,27,26,554,23122,0.211,0.792,156.9,1,0.876,22,41000,30,1531,80.5,1
R108192,7,21,434,12699,0.326,0.73,135.7,2,0.814,5,40000,30,1493,58.6,0
R108193,4,20,392,12132,0.286,0.809,109.7,1,0.882,3,85000,30,3173,60.4,0
R108194,10,22,379,12011,0.264,0.845,108.7,3,0.76,9,76000,30,2837,65.0,0
R108195,6,26,644,16080,0.267,0.942,137.3,0,0.886,4,89000,18,5538,72.7,1
R108196,14,24,611,23289,0.16,0.952,161.2,0,0.95,11,117000,24,5460,83.2,1
R108197,6,21,438,14953,0.271,0.736,120.7,2,0.722,4,61000,24,2847,60.0,0
R108198,35,23,423,13930,0.516,0.655,100.0,2,0.756,19,85000,36,2644,56.6,0
R108199,4,20,450,10063,0.383,0.746,119.7,1,0.82,3,64000,18,3982,54.5,0
R108200,14,27,615,16728,0.24,1.0,152.2,0,0.93,14,74000,24,3453,80.3,1
R108201,8,28,606,18958,0.305,0.944,127.3,3,0.818,4,114000,36,3547,70.3,1
R108202,25,29,664,12723,0.271,0.882,121.5,2,0.94,18,64000,12,5973,83.0,1
R108203,9,21,560,16849,0.277,0.753,139.8,1,0.947,5,77000,36,2396,67.4,1
R108204,9,24,379,15074,0.439,0.77,107.7,1,0.802,5,109000,12,10173,53.3,0
R108205,8,23,491,14374,0.333,0.943,136.5,0,0.974,4,77000,12,7187,67.4,0
R108206,15,24,605,17019,0.351,0.814,133.2,2,0.771,13,74000,30,2763,68.2,0
R108207,8,15,232,8000,0.293,0.628,76.9,2,0.776,5,85000,30,3173,53.1,0
R108208,7,19,324,8387,0.142,0.862,167.7,1,0.904,7,109000,30,4069,70.0,0
R108209,4,20,328,8000,0.402,0.699,108.5,2,0.693,3,85000,30,3173,47.9,0
R108210,6,26,598,20177,0.341,0.944,126.0,1,0.849,4,90000,12,8400,67.0,1
R108211,17,19,381,11325,0.327,0.586,106.9,2,0.707,8,77000,18,4791,59.2,0
R108212,6,21,418,11243,0.318,0.867,163.5,2,0.873,5,66000,24,3080,62.4,0
R108213,12,18,456,8803,0.164,0.954,123.7,0,0.953,10,82000,24,3827,77.8,1
R108214,2,24,712,21046,0.329,0.721,72.7,1,0.819,2,58000,36,1804,62.5,1
R108215,17,25,394,12622,0.305,0.727,113.0,1,0.777,8,71000,18,4418,64.6,0
R108216,40,17,328,9743,0.24,0.874,130.9,1,0.785,33,70000,36,2178,74.5,1
R108217,5,20,376,9654,0.29,0.797,124.3,1,0.815,2,99000,36,3080,59.2,1
R108218,5,21,589,15090,0.292,0.882,158.1,2,0.845,3,65000,24,3033,67.5,0
R108219,9,27,749,17435,0.291,1.0,158.6,0,1.0,6,96000,24,4480,78.2,1
R108220,3,26,688,19979,0.242,0.798,123.3,1,0.856,1,75000,36,2333,69.0,0
R108221,5,16,348,8048,0.377,0.757,103.8,2,0.7,4,75000,30,2800,52.0,0
R108222,16,21,614,19628,0.306,0.919,153.5,2,0.897,9,99000,24,4620,75.6,1
R108223,11,20,566,15019,0.399,0.693,76.3,2,0.779,8,65000,30,2427,59.1,0
R108224,11,13,263,10632,0.268,0.774,129.3,2,0.776,6,86000,36,2676,60.4,1
R108225,2,23,533,14248,0.146,0.781,112.6,3,0.705,1,61000,24,2847,68.0,1
R108226,4,29,799,24724,0.114,0.819,168.0,2,0.864,2,112000,24,5227,79.6,1
R108227,8,23,570,14949,0.226,0.921,119.1,1,0.867,5,67000,24,3127,73.0,1
R108228,23,22,559,15542,0.252,0.78,121.2,1,0.858,19,98000,36,3049,77.1,1
R108229,7,24,544,16522,0.29,0.926,154.3,1,0.917,6,63000,30,2352,69.5,1
R108230,12,20,427,16260,0.209,0.767,136.2,1,0.841,11,90000,36,2800,69.1,0
R108231,6,21,573,17899,0.281,0.713,144.1,2,0.72,3,102000,12,9520,62.8,0
R108232,11,13,261,9441,0.479,0.75,76.5,3,0.716,6,84000,30,3136,48.0,1
R108233,29,24,631,23113,0.219,0.873,139.2,1,0.884,14,84000,36,2613,84.1,0
R108234,13,23,508,14076,0.318,0.819,152.9,2,0.922,13,59000,24,2753,68.3,0
R108235,9,18,381,16930,0.437,0.606,74.7,2,0.685,5,50000,36,1556,48.3,0
R108236,16,22,343,11003,0.337,0.859,113.5,1,0.848,13,79000,36,2458,64.8,1
R108237,15,22,644,17222,0.264,0.782,122.6,2,0.816,9,101000,24,4713,73.8,0
R108238,14,22,381,11476,0.366,0.735,103.8,2,0.714,10,65000,12,6067,59.0,0
R108239,7,23,603,15672,0.247,0.674,131.7,2,0.85,5,67000,36,2084,66.3,1
R108240,3,18,354,11183,0.359,0.898,123.0,1,0.866,2,83000,36,2582,57.3,0
R108241,10,22,379,9899,0.276,0.798,120.0,1,0.884,7,60000,30,2240,64.0,0
R108242,5,26,636,20163,0.196,0.951,180.3,0,1.0,3,81000,24,3780,76.7,0
R108243,4,18,409,10919,0.185,0.697,97.9,3,0.725,2,84000,36,2613,62.2,1
R108244,12,15,282,12081,0.264,0.727,100.8,2,0.729,7,68000,24,3173,60.3,0
R108245,10,19,470,14938,0.415,0.644,91.7,2,0.816,6,46000,36,1431,54.8,0
R108246,16,28,663,19136,0.28,0.814,162.2,0,1.0,15,85000,24,3967,76.2,1
R108247,14,25,682,21687,0.205,0.957,154.0,0,0.984,8,73000,30,2725,83.2,1
R108248,15,21,491,18066,0.6,0.718,97.6,3,0.744,13,71000,30,2651,49.9,0
R108249,37,23,588,14101,0.207,0.903,165.9,0,0.918,19,83000,24,3873,84.8,0
R108250,8,18,443,8795,0.354,0.718,119.7,1,0.853,6,80000,24,3733,57.8,1
R108251,14,18,248,11541,0.408,0.768,138.9,3,0.719,7,55000,30,2053,53.9,0
R108252,12,20,643,18314,0.267,0.923,175.2,0,0.893,10,74000,24,3453,75.6,0
R108253,2,24,565,14739,0.296,0.84,138.8,1,0.886,1,68000,24,3173,64.1,0
R108254,9,24,637,20148,0.147,0.904,133.6,0,0.929,6,104000,12,9707,80.2,0
R108255,5,26,642,17948,0.164,0.862,124.9,0,0.906,3,72000,24,3360,75.1,1
R108256,17,20,401,11424,0.201,0.845,139.8,1,0.959,13,98000,12,9147,75.2,0
R108257,7,22,541,13016,0.387,0.754,87.7,2,0.807,6,106000,24,4947,58.8,0
R108258,6,23,570,16667,0.396,0.772,146.5,1,0.886,4,80000,18,4978,59.5,1
R108259,22,24,541,14751,0.393,0.772,118.9,2,0.75,12,45000,24,2100,67.6,0
R108260,13,20,495,12243,0.301,0.742,114.3,1,0.815,8,93000,30,3472,65.4,0
R108261,15,23,612,19744,0.275,0.796,137.8,1,0.828,11,42000,18,2613,72.4,1
R108262,12,22,523,15004,0.39,0.793,111.4,2,0.776,7,78000,24,3640,61.9,1
R108263,5,14,264,8132,0.303,0.683,107.7,1,0.806,3,86000,24,4013,53.0,1
R108264,4,18,315,10566,0.489,0.585,90.6,4,0.656,3,64000,18,3982,39.8,0
R108265,15,16,345,18398,0.263,0.699,83.3,2,0.729,8,101000,24,4713,62.9,0
R108266,21,15,284,9414,0.282,0.681,119.4,3,0.698,14,111000,18,6907,63.3,0
R108267,9,16,326,8000,0.457,0.397,87.1,3,0.686,8,90000,18,5600,40.6,0
R108268,21,22,393,10635,0.522,0.696,132.9,2,0.775,15,40000,36,1244,54.8,1
R108269,9,22,534,11218,0.214,0.881,139.7,1,0.9,5,76000,24,3547,72.9,0
R108270,8,25,533,13126,0.256,0.922,132.9,0,0.889,4,49000,24,2287,70.8,0
R108271,11,19,373,9927,0.32,0.914,148.3,0,0.927,10,82000,24,3827,66.0,1
R108272,6,20,503,8000,0.311,0.783,132.9,1,0.792,3,88000,24,4107,61.4,0
R108273,16,21,529,21297,0.343,0.675,106.4,2,0.751,13,83000,18,5164,63.9,0
R108274,22,27,762,22950,0.338,0.893,151.8,1,0.886,15,41000,18,2551,80.2,1
R108275,5,23,488,19348,0.201,0.801,144.6,1,0.875,4,61000,18,3796,67.7,0
R108276,7,27,808,18313,0.08,0.879,151.6,0,0.972,4,70000,36,2178,86.3,1
R108277,22,19,429,14517,0.233,0.715,126.1,2,0.755,20,73000,18,4542,71.6,1
R108278,6,22,359,13335,0.167,0.802,126.6,1,0.861,3,81000,24,3780,67.0,0
R108279,6,20,608,11800,0.194,0.854,124.8,1,0.859,4,73000,18,4542,73.0,1
R108280,27,22,629,21491,0.247,0.799,106.0,2,0.856,21,60000,24,2800,80.5,1
R108281,30,25,496,17745,0.177,0.89,171.4,0,0.913,22,57000,30,2128,83.7,1
R108282,12,18,319,10317,0.099,0.729,155.2,1,0.827,8,62000,12,5787,71.1,1
R108283,12,30,535,15318,0.247,0.861,117.8,1,0.91,10,77000,24,3593,72.5,0
R108284,30,17,260,8000,0.349,0.724,79.3,2,0.788,17,103000,24,4807,63.3,0
R108285,22,25,601,17326,0.271,0.891,140.1,0,0.957,15,74000,30,2763,80.8,1
R108286,31,17,352,9329,0.391,0.744,115.3,1,0.859,28,51000,36,1587,64.6,0
R108287,7,17,353,15365,0.243,1.0,135.0,0,0.933,6,120000,18,7467,69.0,1
R108288,8,28,717,11630,0.08,0.808,128.8,1,0.876,5,78000,30,2912,82.1,1
R108289,2,20,431,9399,0.275,0.655,133.9,1,0.789,2,94000,18,5849,56.1,1
R108290,3,10,241,8000,0.36,0.626,93.4,2,0.76,1,69000,36,2147,46.1,0
R108291,3,20,462,19152,0.175,0.765,123.5,1,0.939,1,77000,24,3593,66.9,0
R108292,9,29,882,30096,0.365,0.661,142.2,1,0.914,6,64000,24,2987,66.0,1
R108293,6,26,856,22089,0.203,0.976,135.9,1,0.904,3,100000,24,4667,80.5,1
R108294,12,14,289,8000,0.215,0.761,111.0,1,0.808,9,71000,24,3313,64.8,0
R108295,7,25,701,23741,0.219,0.998,131.7,1,0.915,5,52000,36,1618,78.5,0
R108296,25,24,645,14803,0.108,0.909,155.2,0,0.943,12,74000,36,2302,91.8,0
R108297,5,28,778,23740,0.125,0.99,132.8,0,1.0,3,96000,24,4480,85.1,1
R108298,2,21,481,14566,0.338,0.711,122.4,1,0.84,1,53000,18,3298,55.9,0
R108299,4,19,371,9051,0.175,0.98,169.3,1,0.885,2,81000,18,5040,69.9,1
R108300,23,20,467,11356,0.397,0.745,140.1,2,0.798,12,67000,24,3127,65.8,0
R108301,5,17,316,8000,0.38,0.739,111.8,2,0.779,4,84000,24,3920,51.7,0
R108302,17,21,450,14170,0.354,0.689,127.7,2,0.792,9,82000,30,3061,62.6,0
R108303,12,18,424,12064,0.357,0.798,127.9,2,0.807,11,83000,18,5164,61.5,0
R108304,21,22,564,21745,0.138,0.893,167.0,1,0.892,19,46000,36,1431,85.2,0
R108305,26,18,339,11110,0.34,0.604,98.8,2,0.735,20,72000,30,2688,62.2,0
R108306,13,18,306,8000,0.229,0.742,101.7,1,0.875,6,120000,24,5600,65.0,1
R108307,13,29,673,22060,0.315,0.952,120.0,0,0.949,12,40000,18,2489,75.8,1
R108308,1,29,711,19501,0.343,0.869,165.8,0,0.927,1,58000,36,1804,65.7,1
R108309,11,20,374,14451,0.311,0.629,108.0,2,0.785,6,93000,24,4340,57.8,0
R108310,8,21,504,15488,0.186,0.88,107.7,0,0.977,6,88000,36,2738,73.5,1
R108311,16,24,491,18900,0.269,0.81,151.2,1,0.884,12,79000,36,2458,71.2,0
R108312,17,24,511,17995,0.376,0.863,129.5,3,0.776,15,40000,30,1493,67.1,0
R108313,4,18,427,15232,0.442,0.739,109.7,1,0.819,4,102000,24,4760,50.8,0
R108314,10,17,409,13524,0.319,0.756,130.5,1,0.818,9,74000,30,2763,60.7,0
R108315,24,23,564,20353,0.29,0.975,160.2,0,0.874,16,82000,30,3061,81.0,1
R108316,17,16,458,16546,0.333,0.765,122.7,1,0.833,15,58000,36,1804,66.2,1
R108317,14,23,437,12486,0.309,0.783,95.2,2,0.783,8,88000,18,5476,64.8,0
R108318,15,21,435,8000,0.27,0.655,83.2,2,0.734,9,66000,24,3080,63.9,0
R108319,1,25,598,18145,0.149,0.886,151.7,0,0.923,1,61000,24,2847,73.4,1
R108320,11,24,497,8000,0.236,0.872,136.3,0,0.946,5,92000,30,3435,72.2,0
R108321,7,21,530,12452,0.221,0.836,131.9,1,0.837,5,85000,24,3967,69.2,1
R108322,26,28,511,10462,0.487,0.788,142.8,1,0.866,17,77000,18,4791,64.7,0
R108323,37,17,352,8000,0.383,0.698,107.7,2,0.748,24,89000,12,8307,62.8,0
R108324,7,22,550,18330,0.228,0.871,127.4,1,0.913,5,113000,36,3516,71.0,1
R108325,29,22,420,10389,0.158,0.836,132.9,1,0.831,26,80000,18,4978,80.6,0
R108326,16,21,579,18162,0.185,0.929,176.6,0,0.983,15,58000,18,3609,82.2,1
R108327,1,25,757,24152,0.182,0.861,134.2,0,0.919,1,87000,24,4060,75.0,1
R108328,24,23,414,10226,0.343,0.757,86.2,2,0.78,18,78000,24,3640,68.2,0
R108329,20,25,645,22737,0.332,0.891,148.7,0,0.895,12,84000,24,3920,76.9,1
R108330,11,25,633,15212,0.309,0.964,122.7,1,0.902,10,67000,12,6253,73.6,1
R108331,16,18,442,13153,0.267,0.926,142.5,1,0.877,10,100000,24,4667,73.3,1
R108332,18,14,247,8000,0.373,0.767,92.4,2,0.704,10,94000,36,2924,57.9,0
R108333,26,21,491,17348,0.285,0.764,124.5,1,0.933,20,71000,36,2209,74.9,1
R108334,27,17,363,9547,0.303,0.752,121.3,1,0.923,17,49000,30,1829,70.4,0
R108335,8,24,737,20159,0.294,0.681,127.0,1,0.807,7,88000,24,4107,67.3,0
R108336,6,19,419,12299,0.368,0.687,113.2,1,0.809,6,78000,18,4853,54.4,1
R108337,7,28,743,16269,0.232,0.954,140.4,0,0.891,6,55000,18,3422,77.4,0
R108338,6,21,367,12223,0.352,0.88,137.2,1,0.814,3,72000,36,2240,58.7,0
R108339,8,21,559,16840,0.199,0.754,166.1,2,0.757,7,64000,24,2987,69.3,1
R108340,9,18,513,17083,0.226,0.877,145.2,0,0.938,4,87000,36,2707,71.8,0
R108341,6,21,439,12067,0.316,0.908,163.1,0,0.85,3,54000,18,3360,63.2,1
R108342,10,22,491,11689,0.278,0.639,135.3,2,0.843,9,95000,36,2956,62.2,1
R108343,24,20,566,19077,0.184,0.902,144.3,1,0.856,21,99000,30,3696,84.8,1
R108344,11,17,380,10679,0.198,0.82,91.8,2,0.831,9,63000,24,2940,69.1,1
R108345,4,24,522,17176,0.138,1.0,129.5,0,0.982,4,73000,36,2271,77.3,1
R108346,7,21,556,18080,0.259,0.825,110.2,1,0.956,4,71000,18,4418,68.9,0
R108347,31,25,778,13937,0.33,0.844,113.0,2,0.867,22,66000,30,2464,81.1,1
R108348,23,18,520,11994,0.284,0.693,78.5,2,0.745,21,99000,18,6160,71.5,0
R108349,6,22,529,17889,0.315,0.92,120.1,1,0.844,3,72000,12,6720,65.8,0
R108350,26,15,390,10036,0.324,0.817,110.5,1,0.824,15,71000,12,6627,70.6,1
R108351,18,30,575,11994,0.167,0.822,153.8,1,0.836,15,69000,18,4293,79.9,0
R108352,29,23,582,14613,0.3,0.807,116.0,1,0.884,24,50000,12,4667,77.0,0
R108353,3,29,749,29176,0.237,0.872,146.6,0,0.952,2,85000,18,5289,73.5,0
R108354,7,17,431,10347,0.252,0.887,135.2,1,0.883,4,110000,12,10267,67.2,0
R108355,19,22,484,14712,0.293,0.852,122.5,1,0.806,12,81000,24,3780,71.9,1
R108356,15,24,585,18826,0.251,0.872,145.5,0,0.993,9,62000,24,2893,76.4,1
R108357,27,15,212,8000,0.423,0.629,97.5,2,0.752,19,75000,24,3500,55.5,0
R108358,21,19,418,14197,0.459,0.799,82.2,3,0.723,11,87000,24,4060,60.7,0
R108359,3,15,329,11231,0.334,0.707,72.7,2,0.71,2,91000,24,4247,51.2,0
R108360,16,23,460,11099,0.254,0.995,147.3,1,0.928,10,72000,30,2688,76.5,1
R108361,22,24,497,8973,0.27,0.902,146.2,1,0.882,18,82000,30,3061,77.4,0
R108362,5,27,715,16122,0.252,1.0,162.4,0,1.0,4,46000,36,1431,76.8,1
R108363,12,16,316,16056,0.383,0.695,100.7,4,0.736,9,61000,36,1898,54.3,1
R108364,5,28,685,25096,0.188,0.959,123.8,1,0.941,4,89000,24,4153,78.2,1
R108365,14,23,527,16223,0.255,0.922,124.4,0,0.933,10,66000,18,4107,75.1,1
R108366,9,23,503,15284,0.186,0.919,123.1,1,0.874,9,54000,12,5040,74.6,0
R108367,11,23,512,16077,0.297,0.705,109.6,2,0.762,9,74000,24,3453,63.6,0
R108368,22,29,765,11922,0.306,0.698,126.2,1,0.831,14,71000,12,6627,76.6,0
R108369,8,25,493,9832,0.181,0.812,138.5,2,0.791,7,84000,24,3920,70.2,0
R108370,9,21,659,15425,0.18,1.0,147.0,0,0.992,5,78000,18,4853,81.6,0
R108371,9,25,640,23883,0.236,0.869,142.4,0,0.921,7,94000,18,5849,74.5,0
R108372,13,25,594,16433,0.385,0.773,99.1,1,0.785,7,49000,18,3049,64.1,0
R108373,8,21,421,12944,0.212,0.784,122.3,1,0.829,6,93000,24,4340,66.5,1
R108374,6,29,617,17071,0.08,1.0,159.0,0,0.97,4,80000,12,7467,84.0,1
R108375,19,21,376,8000,0.292,0.613,104.3,3,0.731,16,97000,24,4527,62.7,0
R108376,9,20,367,8000,0.265,0.757,116.3,1,0.858,5,92000,24,4293,62.4,1
R108377,10,25,534,14579,0.497,0.641,105.5,2,0.762,6,83000,30,3099,51.5,0
R108378,17,20,455,14068,0.301,0.677,107.4,2,0.83,14,86000,24,4013,65.4,0
R108379,7,24,485,16590,0.352,0.919,142.8,0,0.908,6,92000,24,4293,64.4,1
R108380,4,20,471,12282,0.369,0.653,109.7,1,0.84,2,59000,36,1836,53.7,0
R108381,26,20,324,8037,0.24,0.796,137.4,1,0.805,12,79000,18,4916,72.6,1
R108382,14,20,471,11493,0.268,0.758,153.6,1,0.792,7,62000,24,2893,67.8,1
R108383,11,17,382,8000,0.404,0.733,92.8,1,0.781,9,64000,30,2389,55.5,1
R108384,12,30,717,16937,0.189,0.843,155.1,0,0.895,10,75000,36,2333,79.6,1
R108385,29,25,660,19413,0.418,0.808,127.6,1,0.843,20,57000,30,2128,72.3,0
R108386,17,16,401,9220,0.396,0.753,100.1,2,0.806,16,90000,24,4200,60.9,0
R108387,1,30,725,25682,0.178,0.803,150.3,0,0.865,1,72000,30,2688,72.3,1
R108388,11,29,945,19715,0.223,0.919,126.4,0,0.956,7,87000,24,4060,81.8,1
R108389,12,23,624,16427,0.289,0.884,128.9,0,0.91,10,77000,24,3593,73.2,1
R108390,11,23,657,15921,0.412,0.814,123.4,2,0.799,9,69000,24,3220,64.2,0
R108391,2,23,514,11218,0.25,0.86,172.9,0,1.0,2,104000,24,4853,66.7,0
R108392,5,29,794,24583,0.17,0.974,137.1,0,0.945,4,75000,12,7000,81.8,0
R108393,3,23,669,20215,0.311,0.773,121.0,1,0.823,2,88000,24,4107,63.8,0
R108394,32,22,537,19641,0.173,0.929,149.1,2,0.808,17,61000,24,2847,84.8,0
R108395,11,20,508,17150,0.307,0.932,117.9,1,0.899,8,64000,24,2987,70.0,1
R108396,12,22,478,17941,0.225,0.805,121.4,1,0.819,9,63000,30,2352,70.4,1
R108397,10,23,465,19507,0.259,0.819,122.1,1,0.784,8,40000,24,1867,66.6,0
R108398,3,20,482,12351,0.485,0.635,80.1,2,0.659,3,47000,24,2193,45.2,0
R108399,6,27,600,16234,0.27,0.915,160.5,0,0.912,3,71000,24,3313,70.5,0
R108400,6,25,491,10378,0.213,0.693,152.0,2,0.885,3,81000,36,2520,65.3,0
R108401,32,22,658,23768,0.244,0.7,127.9,0,0.952,29,61000,18,3796,79.8,1
R108402,10,15,269,8072,0.309,0.785,115.7,2,0.775,9,69000,36,2147,58.2,0
R108403,7,13,295,9886,0.316,0.763,117.5,3,0.76,3,82000,24,3827,56.1,0
R108404,21,15,241,9473,0.428,0.657,119.5,2,0.663,14,47000,30,1755,53.9,0
R108405,9,19,349,8008,0.297,0.819,136.8,1,0.766,7,70000,30,2613,60.9,1
R108406,4,25,547,15669,0.194,0.915,148.4,1,0.973,2,81000,24,3780,72.7,1
R108407,5,27,605,14242,0.295,0.875,155.1,1,0.967,3,96000,24,4480,68.8,1
R108408,21,26,681,14594,0.139,0.932,139.4,1,0.865,19,40000,18,2489,88.9,0
R108409,8,15,444,19332,0.262,0.767,140.2,1,0.796,4,74000,24,3453,63.4,1
R108410,13,27,529,8000,0.306,0.77,105.1,2,0.785,11,66000,12,6160,66.7,0
R108411,10,23,409,12993,0.205,0.771,116.5,2,0.828,8,71000,30,2651,67.3,0
R108412,18,24,510,16318,0.275,0.826,138.8,1,0.851,10,48000,24,2240,72.7,1
R108413,9,23,542,12278,0.197,0.915,126.0,1,0.838,5,64000,24,2987,74.2,1
R108414,6,22,512,17469,0.221,0.839,149.9,1,0.906,5,112000,36,3484,69.3,1
R108415,5,23,462,9206,0.378,0.768,130.9,1,0.824,3,96000,24,4480,56.6,0
R108416,19,21,675,27259,0.126,0.92,144.8,0,0.898,16,102000,30,3808,88.2,1
R108417,7,23,523,14776,0.311,0.669,138.5,1,0.821,4,84000,36,2613,60.4,1
R108418,13,21,494,14546,0.5,0.673,95.4,2,0.733,9,68000,12,6347,52.4,0
R108419,23,23,562,10705,0.284,0.837,112.9,1,0.823,14,51000,36,1587,76.8,1
R108420,11,23,478,13610,0.345,0.705,136.5,1,0.874,7,75000,18,4667,61.3,1
R108421,14,20,427,8000,0.41,0.853,117.4,0,0.968,9,88000,30,3285,63.2,0
R108422,7,18,328,10905,0.45,0.626,98.9,3,0.74,5,120000,36,3733,46.4,1
R108423,9,21,365,14108,0.366,0.672,106.6,2,0.746,6,73000,18,4542,53.9,1
R108424,23,26,767,16233,0.261,0.943,140.0,0,0.929,16,101000,24,4713,87.1,0
R108425,18,19,315,8000,0.359,0.609,93.1,2,0.742,15,57000,30,2128,56.8,0
R108426,10,17,537,13291,0.268,0.711,129.3,3,0.825,5,80000,12,7467,65.5,0
R108427,11,30,716,18049,0.214,0.856,164.0,1,0.903,11,61000,30,2277,78.3,1
R108428,9,30,796,20578,0.276,0.831,138.6,1,0.825,6,81000,36,2520,74.4,1
R108429,16,21,531,14774,0.177,0.913,121.1,1,0.781,12,101000,18,6284,78.9,1
R108430,7,28,485,10522,0.137,0.911,128.4,0,0.95,5,103000,30,3845,75.8,0
R108431,16,23,451,16952,0.156,0.81,130.7,1,0.825,11,94000,24,4387,75.9,0
R108432,29,20,529,10292,0.219,0.869,132.8,2,0.85,21,51000,12,4760,81.1,0
R108433,12,25,553,12019,0.226,0.824,120.1,1,0.811,10,82000,18,5102,72.3,0
R108434,4,25,702,25353,0.247,0.896,127.9,0,0.985,4,99000,30,3696,73.6,1
R108435,10,27,701,22705,0.313,0.838,147.4,0,0.918,5,59000,36,1836,71.7,0
R108436,27,25,539,19320,0.374,0.833,118.5,3,0.755,14,73000,30,2725,71.4,1
R108437,11,26,916,24120,0.173,0.862,137.1,0,0.925,9,94000,24,4387,82.9,1
R108438,5,25,632,16085,0.373,0.878,144.8,1,0.88,3,40000,24,1867,64.2,0
R108439,10,20,446,13404,0.219,0.796,149.5,1,0.933,7,63000,30,2352,69.2,0
R108440,24,20,437,14518,0.235,0.929,111.8,2,1.0,12,112000,30,4181,81.0,0
R108441,7,23,541,19248,0.229,0.927,142.4,2,0.815,7,120000,24,5600,71.4,1
R108442,25,23,581,9974,0.291,0.902,116.6,0,0.912,17,101000,30,3771,80.1,1
R108443,9,25,662,19591,0.211,0.883,112.1,2,0.81,4,40000,24,1867,75.6,0
R108444,41,21,558,14486,0.351,0.861,166.9,0,0.93,33,93000,24,4340,75.5,1
R108445,8,20,506,18389,0.15,0.864,114.9,2,0.834,4,95000,24,4433,73.6,0
R108446,6,18,286,8000,0.315,0.696,104.6,2,0.793,3,70000,36,2178,53.8,1
R108447,1,20,482,17336,0.392,0.756,89.8,1,0.757,1,120000,18,7467,52.9,0
R108448,10,17,273,8000,0.562,0.621,88.7,4,0.722,7,52000,24,2427,40.7,0
R108449,9,23,671,16935,0.362,0.728,141.6,1,0.799,8,95000,24,4433,63.8,0
R108450,27,17,296,8000,0.39,0.675,117.1,2,0.796,23,62000,30,2315,60.9,0
R108451,19,23,601,15852,0.234,0.794,132.2,1,0.815,9,97000,24,4527,76.8,1
R108452,24,23,509,11812,0.307,0.671,102.7,2,0.715,14,99000,18,6160,69.7,0
R108453,21,25,618,10254,0.288,1.0,153.5,0,0.929,13,84000,18,5227,81.8,1
R108454,11,22,504,17696,0.296,0.914,142.6,1,0.862,5,40000,30,1493,69.3,0
R108455,60,15,412,10835,0.285,0.784,92.4,1,0.884,34,67000,18,4169,73.0,0
R108456,10,30,891,18126,0.197,0.885,140.0,0,0.949,8,97000,30,3621,81.7,1
R108457,14,19,427,11366,0.406,0.759,96.8,1,0.798,8,63000,12,5880,59.3,0
R108458,32,24,431,8000,0.385,0.811,96.1,2,0.768,20,55000,24,2567,67.7,0
R108459,19,24,367,12747,0.366,0.731,109.2,2,0.775,14,82000,30,3061,62.3,1
R108460,12,24,597,24800,0.234,0.767,111.6,2,0.904,10,69000,24,3220,72.5,0
R108461,16,26,571,8000,0.288,0.81,141.9,3,0.753,8,56000,36,1742,71.0,0
R108462,7,25,499,12875,0.242,0.747,139.0,1,0.807,4,59000,18,3671,65.1,0
R108463,8,23,531,16928,0.238,0.808,101.5,1,0.945,5,79000,24,3687,69.9,1
R108464,14,21,366,10158,0.253,0.912,154.9,2,0.817,9,87000,24,4060,69.9,1
R108465,5,28,691,21632,0.254,0.94,146.8,1,0.921,3,54000,24,2520,74.0,0
R108466,7,20,477,9654,0.098,0.915,147.4,0,0.946,5,87000,12,8120,77.4,1
R108467,2,24,668,20885,0.288,0.824,161.2,0,0.918,2,64000,30,2389,67.0,1
R108468,11,21,471,15300,0.323,0.902,116.7,2,0.88,9,97000,24,4527,67.1,1
R108469,12,22,426,13909,0.376,0.725,114.0,1,0.735,6,91000,24,4247,58.0,1
R108470,21,24,775,21385,0.278,0.822,145.2,1,0.893,11,80000,30,2987,81.8,1
R108471,6,20,339,9617,0.19,0.75,128.5,1,0.926,5,78000,24,3640,64.3,1
R108472,8,23,539,11722,0.298,0.788,166.1,0,0.925,4,111000,24,5180,66.2,1
R108473,18,30,899,21422,0.162,0.852,138.7,0,0.975,16,82000,30,3061,88.0,1
R108474,20,22,641,20494,0.18,0.823,143.5,0,1.0,18,87000,18,5413,83.9,1
R108475,19,23,616,19537,0.377,0.832,139.1,2,0.857,18,117000,18,7280,71.3,0
R108476,6,21,318,8000,0.37,0.767,131.1,2,0.717,4,82000,30,3061,52.9,0
R108477,3,20,509,14701,0.321,0.781,116.0,2,0.688,2,83000,18,5164,58.2,0
R108478,12,22,457,12204,0.295,0.794,113.0,2,0.793,5,68000,12,6347,65.3,0
R108479,11,23,614,15904,0.342,0.712,144.4,1,0.764,8,45000,24,2100,63.6,0
R108480,12,30,649,18357,0.144,0.887,165.5,0,0.983,11,75000,18,4667,82.6,1
R108481,14,25,563,16180,0.08,0.953,138.5,0,0.975,7,65000,36,2022,86.3,0
R108482,15,22,441,13469,0.231,0.675,116.5,1,0.809,10,74000,18,4604,67.6,1
R108483,15,25,573,17674,0.223,0.756,157.0,0,0.861,9,99000,24,4620,73.9,1
R108484,9,21,434,13075,0.298,0.777,125.5,1,0.916,4,60000,30,2240,63.3,0
R108485,10,21,485,13240,0.351,0.788,132.0,1,0.816,4,41000,18,2551,61.7,0
R108486,8,18,434,14902,0.301,0.834,153.4,2,0.88,4,44000,30,1643,63.6,0
R108487,18,22,633,14890,0.237,0.704,130.1,1,0.838,12,58000,24,2707,75.0,1
R108488,5,16,386,8000,0.29,0.823,120.4,1,0.872,4,50000,30,1867,61.0,0
R108489,31,23,654,23628,0.245,0.952,147.1,2,0.917,21,73000,18,4542,85.6,1
R108490,11,19,333,10942,0.466,0.781,95.8,2,0.706,5,42000,36,1307,51.4,0
R108491,11,27,417,9526,0.161,0.992,157.9,1,0.946,9,63000,18,3920,77.1,0
R108492,9,21,461,16700,0.34,0.8,158.5,1,0.903,9,55000,18,3422,62.8,0
R108493,19,22,582,17617,0.262,0.896,123.6,2,0.798,15,64000,18,3982,77.1,1
R108494,11,22,468,14801,0.203,1.0,152.8,0,0.875,10,106000,24,4947,76.2,0
R108495,8,20,420,14223,0.207,0.752,122.8,1,0.845,5,85000,18,5289,66.0,0
R108496,18,24,368,13835,0.258,0.729,93.4,2,0.788,16,103000,30,3845,67.3,1
R108497,7,22,393,12255,0.214,0.902,152.7,3,0.752,6,88000,36,2738,67.2,1
R108498,19,16,308,8000,0.197,0.811,127.4,2,0.877,11,96000,24,4480,72.5,1
R108499,3,20,410,14723,0.227,0.78,155.8,1,0.898,2,58000,30,2165,63.2,1
R108500,24,20,320,10735,0.231,0.824,145.4,1,0.838,18,68000,24,3173,74.0,1
R108501,7,18,372,8697,0.518,0.646,114.7,2,0.815,6,84000,18,5227,44.8,0
R108502,4,22,493,11888,0.324,0.765,127.8,1,0.963,4,66000,30,2464,61.0,0
R108503,9,22,660,21450,0.169,0.933,139.2,0,0.96,7,61000,24,2847,80.4,1
R108504,8,25,644,11847,0.332,0.804,167.2,1,0.93,4,96000,12,8960,67.3,0
R108505,14,11,280,8000,0.431,0.556,96.4,3,0.704,11,80000,36,2489,48.1,0
R108506,4,20,556,24422,0.172,0.826,163.0,1,0.872,2,85000,24,3967,71.0,1
R108507,14,20,359,9364,0.374,0.666,101.2,3,0.687,13,45000,24,2100,55.5,0
R108508,9,26,628,19884,0.25,0.892,148.7,0,0.913,8,55000,30,2053,73.8,0
R108509,11,20,449,12493,0.297,0.744,126.1,1,0.847,10,70000,24,3267,64.0,0
R108510,5,26,657,22910,0.122,0.814,154.9,1,0.879,2,66000,30,2464,76.4,1
R108511,11,21,375,10647,0.168,0.833,82.9,2,0.812,10,62000,12,5787,70.5,0
R108512,7,18,474,12210,0.418,0.624,95.5,2,0.808,4,59000,24,2753,52.0,0
R108513,3,22,477,12744,0.337,0.804,120.9,1,0.843,2,75000,30,2800,58.8,0
R108514,16,23,514,10122,0.237,0.8,149.1,1,0.891,11,78000,30,2912,73.6,0
R108515,6,27,662,18609,0.332,0.894,148.4,1,0.89,4,44000,24,2053,68.3,0
R108516,14,26,772,12442,0.189,0.933,150.9,1,0.906,7,70000,18,4356,84.5,1
R108517,6,24,571,13280,0.135,0.906,153.3,0,0.868,5,92000,18,5724,76.5,1
R108518,11,26,554,8000,0.208,0.937,190.0,0,0.918,9,79000,30,2949,76.4,1
R108519,38,17,350,8000,0.447,0.75,99.4,2,0.721,28,94000,24,4387,60.4,0
R108520,21,29,548,19385,0.106,0.854,131.1,1,0.852,11,63000,30,2352,85.3,0
R108521,29,22,420,8434,0.398,0.673,126.8,1,0.831,19,71000,30,2651,63.9,1
R108522,22,23,426,10888,0.281,0.923,149.6,1,1.0,14,48000,18,2987,76.7,1
R108523,11,15,373,15848,0.373,0.799,116.0,2,0.825,5,72000,30,2688,58.7,0
R108524,19,25,428,9881,0.325,0.811,121.1,1,0.813,14,66000,18,4107,67.9,1
R108525,10,16,353,10050,0.418,0.626,83.6,2,0.694,7,68000,24,3173,49.7,0
R108526,4,25,555,14626,0.163,0.838,135.4,0,0.932,3,55000,24,2567,72.4,0
R108527,13,20,385,9880,0.272,0.667,140.9,3,0.811,9,84000,24,3920,62.2,1
R108528,3,27,605,15762,0.315,0.946,132.2,0,1.0,2,74000,24,3453,68.4,1
R108529,9,23,493,14207,0.19,0.921,129.0,0,0.881,7,90000,24,4200,74.3,0
R108530,23,21,424,11060,0.274,0.866,123.3,1,0.894,16,49000,24,2287,75.2,1
R108531,20,22,549,19624,0.286,0.827,128.0,0,0.905,15,86000,12,8027,75.2,1
R108532,9,30,726,25820,0.149,0.81,135.1,1,0.837,5,84000,18,5227,79.1,1
R108533,29,23,589,17659,0.171,0.886,153.1,0,0.93,19,41000,18,2551,86.4,1
R108534,15,28,575,11417,0.161,0.886,165.3,0,0.981,13,96000,24,4480,81.4,0
R108535,17,29,681,22589,0.313,0.763,136.5,1,0.82,13,91000,24,4247,72.5,0
R108536,8,19,393,8000,0.468,0.544,90.0,3,0.715,4,97000,30,3621,45.2,0
R108537,18,18,394,14348,0.365,0.73,118.3,2,0.771,15,81000,30,3024,62.3,0
R108538,10,21,462,11841,0.322,0.812,89.1,2,0.81,8,69000,36,2147,63.4,0
R108539,5,21,515,17280,0.151,0.882,135.8,2,0.86,3,83000,24,3873,73.1,1
R108540,15,29,676,21871,0.08,0.863,114.1,2,0.863,11,60000,36,1867,86.4,1
R108541,11,23,535,18110,0.224,0.908,144.6,3,0.814,10,97000,24,4527,73.5,0
R108542,11,21,530,9567,0.238,0.756,142.2,1,0.904,5,58000,18,3609,69.4,0
R108543,16,18,369,10136,0.29,0.684,99.7,1,0.811,13,85000,36,2644,63.2,0
R108544,3,22,681,21457,0.296,0.806,103.0,2,0.878,3,64000,18,3982,66.7,1
R108545,7,24,645,17744,0.151,0.817,128.2,2,0.924,6,63000,24,2940,76.5,0
R108546,14,19,333,8890,0.521,0.759,96.4,4,0.664,13,84000,24,3920,49.3,0
R108547,5,23,532,17341,0.306,0.871,135.1,2,0.854,3,97000,24,4527,64.8,1
R108548,6,25,541,15606,0.287,0.783,113.9,1,0.793,4,61000,36,1898,64.1,0
R108549,18,19,501,15161,0.214,0.993,158.3,0,0.898,15,85000,30,3173,80.7,0
R108550,4,29,748,21438,0.184,0.916,121.6,0,0.86,3,98000,30,3659,77.4,1
R108551,21,22,489,13723,0.145,0.933,158.4,1,0.939,11,81000,24,3780,84.6,1
R108552,16,28,615,10748,0.08,0.896,139.9,0,0.907,10,94000,24,4387,86.8,1
R108553,17,16,321,8000,0.08,0.855,162.6,0,0.917,13,69000,36,2147,79.2,1
R108554,5,18,327,9189,0.379,0.691,74.7,2,0.749,4,80000,30,2987,50.1,0
R108555,21,26,674,22807,0.141,0.888,134.9,1,0.886,19,77000,24,3593,88.1,1
R108556,12,16,297,8000,0.398,0.636,102.1,3,0.724,8,96000,24,4480,51.6,0
R108557,29,20,423,14192,0.306,0.777,130.2,1,0.832,22,64000,12,5973,71.4,0
R108558,16,25,503,10277,0.243,0.827,115.0,1,0.806,14,80000,24,3733,72.9,1
R108559,10,26,673,24234,0.186,0.816,110.7,2,0.808,9,54000,12,5040,76.2,1
R108560,4,20,471,16478,0.08,0.886,155.2,0,0.918,3,63000,30,2352,75.3,0
R108561,14,26,543,12166,0.3,0.736,112.5,1,0.929,7,105000,36,3267,68.5,0
R108562,20,28,548,15518,0.289,0.854,133.7,1,0.84,17,113000,36,3516,74.8,1
R108563,18,26,505,11230,0.196,0.83,132.3,1,0.894,13,70000,30,2613,77.6,1
R108564,5,22,666,15408,0.233,0.955,118.1,0,0.934,5,62000,18,3858,75.1,1
R108565,29,21,531,15050,0.126,0.91,128.5,1,0.931,25,104000,12,9707,87.9,1
R108566,7,19,375,8000,0.233,0.786,124.2,2,0.844,4,60000,30,2240,64.0,0
R108567,21,23,543,18671,0.379,0.755,139.2,1,0.788,17,77000,18,4791,67.5,1
R108568,6,23,611,15195,0.186,0.806,115.8,2,0.784,5,86000,24,4013,71.3,0
R108569,6,17,348,10404,0.214,0.701,91.9,2,0.789,5,104000,12,9707,60.7,1
R108570,6,20,379,10268,0.262,0.703,154.4,1,0.858,4,54000,24,2520,59.8,0
R108571,6,20,455,10602,0.298,0.797,137.7,1,0.868,5,62000,12,5787,62.4,0
R108572,4,21,402,10761,0.2,0.803,155.0,1,0.92,3,71000,24,3313,65.5,1
R108573,5,25,598,16482,0.321,0.866,127.0,1,0.884,3,66000,36,2053,66.0,0
R108574,2,23,610,15432,0.331,0.783,121.4,1,0.914,1,102000,24,4760,61.8,1
R108575,2,23,546,15876,0.294,0.832,137.0,1,0.846,2,65000,24,3033,63.2,1
R108576,33,22,696,24248,0.203,0.882,136.6,2,0.803,29,59000,18,3671,86.0,1
R108577,13,26,564,18352,0.302,0.885,142.5,2,0.888,9,52000,24,2427,71.8,1
R108578,11,20,404,8913,0.333,0.823,131.6,1,0.932,6,49000,12,4573,63.4,0
R108579,13,23,564,13380,0.146,0.742,163.1,0,0.92,9,73000,24,3407,76.7,1
R108580,8,23,605,15894,0.251,0.912,153.4,0,0.983,6,82000,18,5102,73.7,1
R108581,10,18,345,8000,0.359,0.661,100.8,2,0.818,8,40000,24,1867,55.1,0
R108582,9,29,762,19644,0.232,0.832,141.6,2,0.856,8,72000,12,6720,75.7,1
R108583,15,27,558,19211,0.272,0.953,127.7,0,0.951,7,61000,24,2847,76.6,0
R108584,19,25,652,16044,0.154,0.878,135.7,0,0.957,12,69000,18,4293,85.9,0
R108585,6,15,257,8000,0.505,0.645,86.5,3,0.616,4,62000,36,1929,40.4,0
R108586,5,23,536,13776,0.133,0.841,139.1,0,0.907,2,72000,18,4480,73.9,1
R108587,7,24,544,17924,0.323,0.809,111.1,2,0.823,4,49000,36,1524,63.9,1
R108588,7,23,691,15148,0.18,0.873,147.9,1,0.786,5,81000,24,3780,75.8,0
R108589,15,18,403,8000,0.221,0.805,131.3,1,0.874,8,68000,18,4231,71.0,0
R108590,11,26,585,15096,0.339,0.879,163.4,1,0.908,8,94000,30,3509,68.8,1
R108591,5,19,459,19409,0.164,0.804,119.5,5,0.724,5,80000,30,2987,67.8,1
R108592,34,18,442,12328,0.211,0.688,104.3,1,0.762,29,61000,12,5693,74.0,0
R108593,2,26,573,20694,0.277,0.91,171.7,0,0.914,2,81000,30,3024,67.3,0
R108594,17,22,637,15405,0.201,0.888,144.0,3,0.84,16,94000,36,2924,80.7,0
R108595,6,26,445,14531,0.329,0.612,126.9,3,0.796,3,69000,30,2576,55.3,0
R108596,8,21,411,8000,0.337,0.757,107.7,1,0.85,6,81000,12,7560,59.4,0
R108597,14,21,427,13242,0.391,0.737,76.8,3,0.693,7,79000,12,7373,58.4,0
R108598,1,20,418,13392,0.132,0.806,105.1,0,0.897,1,81000,24,3780,67.5,0
R108599,14,23,473,12246,0.223,0.777,120.7,2,0.855,9,78000,18,4853,71.1,0
R108600,19,19,381,15552,0.339,0.797,90.0,4,0.768,16,50000,24,2333,65.1,1
R108601,22,20,345,15364,0.383,0.774,100.1,2,0.72,17,52000,30,1941,62.9,0
R108602,6,19,523,11072,0.217,0.861,127.5,1,0.83,4,45000,30,1680,69.5,1
R108603,17,27,548,13039,0.274,0.837,131.1,1,0.882,10,53000,24,2473,73.8,0
R108604,20,24,556,18088,0.212,0.81,115.3,1,0.896,18,78000,24,3640,78.6,0
R108605,19,19,303,12808,0.385,0.733,110.7,2,0.719,16,83000,24,3873,59.2,0
R108606,12,23,570,14825,0.206,0.869,158.4,0,0.965,8,57000,18,3547,76.6,0
R108607,22,21,519,13520,0.273,0.936,113.3,1,0.937,12,53000,24,2473,79.6,0
R108608,37,20,430,11996,0.08,0.948,148.3,0,0.929,33,82000,36,2551,88.7,1
R108609,11,23,651,18594,0.285,0.86,116.7,1,0.895,8,69000,36,2147,72.5,1
R108610,6,23,397,13198,0.396,0.827,149.2,1,0.838,5,48000,30,1792,56.3,0
R108611,13,21,471,12678,0.369,0.752,127.0,1,0.836,6,114000,30,4256,61.6,1
R108612,8,19,475,18183,0.188,0.941,141.0,0,0.921,7,79000,12,7373,73.9,0
R108613,7,18,432,8000,0.366,0.758,111.3,2,0.811,4,80000,12,7467,57.4,0
R108614,30,25,671,18671,0.205,0.784,141.8,1,0.849,16,60000,18,3733,83.3,1
R108615,9,26,648,14626,0.16,0.834,152.3,1,0.894,6,99000,24,4620,77.2,1
R108616,9,24,610,14465,0.302,0.662,91.9,1,0.857,6,83000,12,7747,64.0,0
R108617,7,17,391,14533,0.26,0.805,127.8,2,0.845,6,103000,18,6409,63.5,0
R108618,14,24,609,16491,0.08,0.886,190.0,1,0.985,6,59000,18,3671,85.8,1
R108619,16,24,531,14394,0.292,0.933,128.5,2,0.914,14,71000,30,2651,74.6,1
R108620,24,18,472,18731,0.453,0.719,96.9,2,0.734,17,40000,18,2489,62.5,0
R108621,5,17,374,8000,0.408,0.75,115.2,2,0.878,3,89000,24,4153,52.7,1
R108622,24,20,484,18181,0.396,0.598,102.2,2,0.687,12,82000,36,2551,62.2,0
R108623,6,22,399,8000,0.293,0.93,132.6,1,0.914,3,101000,36,3142,64.8,0
R108624,5,27,545,11663,0.218,0.902,163.9,0,0.945,3,63000,24,2940,71.4,1
R108625,10,20,564,18516,0.24,0.767,109.6,1,0.748,9,83000,24,3873,68.4,0
R108626,5,23,803,22056,0.147,0.961,141.3,0,0.95,4,73000,24,3407,83.3,0
R108627,14,27,594,14910,0.308,0.681,115.3,2,0.736,9,79000,18,4916,65.8,1
R108628,7,22,656,15959,0.199,0.748,118.2,2,0.792,6,69000,30,2576,71.3,0
R108629,19,23,531,11380,0.08,0.875,137.4,0,0.948,13,42000,24,1960,86.3,1
R108630,15,18,321,12103,0.21,0.711,136.4,1,0.824,14,77000,24,3593,66.7,1
R108631,16,28,740,17615,0.293,0.887,146.0,0,0.98,8,76000,24,3547,79.3,1
R108632,13,21,490,10463,0.202,0.812,99.8,1,0.839,10,94000,12,8773,72.6,1
R108633,13,23,552,11691,0.27,0.737,140.5,2,0.862,7,68000,30,2539,68.7,1
R108634,7,21,560,14377,0.187,0.81,145.3,2,0.922,6,88000,12,8213,72.1,0
R108635,7,25,590,21730,0.233,0.929,151.6,1,0.954,4,61000,18,3796,74.1,0
R108636,8,23,440,16463,0.288,0.847,113.2,1,0.815,5,58000,30,2165,64.2,0
R108637,18,25,502,15009,0.245,0.857,106.6,1,0.808,10,80000,18,4978,74.5,0
R108638,14,21,485,13504,0.329,0.845,101.6,2,0.816,12,63000,36,1960,66.8,1
R108639,8,22,624,17172,0.201,0.878,133.8,1,0.898,3,112000,24,5227,74.9,1
R108640,11,21,467,9327,0.187,0.723,140.6,1,0.841,6,54000,36,1680,69.4,1
R108641,23,26,631,17005,0.192,0.959,140.6,1,0.976,22,100000,24,4667,88.3,1
R108642,1,27,618,23302,0.293,0.913,181.2,0,0.912,1,45000,24,2100,66.8,1
R108643,10,26,571,12385,0.182,0.726,131.8,0,0.91,8,88000,36,2738,72.5,1
R108644,11,18,479,11999,0.298,0.793,139.9,1,0.823,10,96000,24,4480,65.6,0
R108645,7,21,475,9478,0.368,0.75,121.6,2,0.765,4,82000,36,2551,57.6,0
R108646,4,22,514,16112,0.219,0.892,137.3,0,0.901,2,92000,24,4293,69.1,1
R108647,7,22,643,22991,0.17,0.765,111.0,1,0.828,4,82000,24,3827,73.0,1
R108648,6,29,710,20627,0.132,0.837,152.9,1,0.927,5,79000,12,7373,78.9,1
R108649,11,20,478,8995,0.184,0.767,113.5,1,0.837,6,79000,36,2458,71.2,0
R108650,6,19,458,15936,0.283,0.764,109.6,1,0.794,6,62000,36,1929,61.7,1
R108651,11,19,302,8000,0.28,0.663,98.3,2,0.668,7,71000,24,3313,57.2,0
R108652,27,23,537,14248,0.267,0.693,117.9,1,0.825,16,75000,30,2800,74.2,1
R108653,5,22,612,17477,0.249,0.796,127.9,1,0.921,3,40000,30,1493,68.7,0
R108654,20,17,369,13511,0.278,0.745,124.3,2,0.833,16,76000,24,3547,68.1,0
R108655,10,12,247,9141,0.326,0.632,43.3,3,0.61,5,93000,30,3472,51.1,0
R108656,2,20,377,11420,0.292,0.814,98.9,1,0.892,1,93000,30,3472,58.6,0
R108657,19,28,695,18388,0.244,0.738,148.9,1,0.87,11,45000,24,2100,77.7,1
R108658,19,18,381,16885,0.373,0.815,123.1,1,0.867,9,64000,24,2987,64.8,1
R108659,5,13,282,8053,0.377,0.651,109.4,2,0.74,5,93000,18,5787,48.2,0
R108660,14,20,472,13461,0.415,0.829,112.5,2,0.769,12,52000,24,2427,61.2,1
R108661,9,24,672,22459,0.324,0.873,167.1,0,0.918,5,93000,30,3472,70.8,1
R108662,12,12,217,8000,0.527,0.535,87.3,5,0.568,7,57000,30,2128,38.6,0
R108663,7,22,401,14112,0.257,0.681,122.8,3,0.827,4,75000,18,4667,60.2,0
R108664,5,17,358,9179,0.379,0.731,69.4,2,0.697,3,43000,36,1338,51.8,0
R108665,5,27,614,16108,0.435,0.757,164.4,0,0.966,4,104000,18,6471,58.1,0
R108666,22,20,489,14354,0.312,0.618,107.5,2,0.734,12,45000,18,2800,66.6,0
R108667,5,19,264,8000,0.273,0.811,164.3,1,0.955,4,66000,18,4107,59.4,0
R108668,14,11,199,8000,0.476,0.661,84.5,2,0.761,7,73000,12,6813,46.8,0
R108669,5,23,630,18518,0.363,0.765,97.0,4,0.737,3,50000,24,2333,60.6,1
R108670,37,21,406,11144,0.268,0.636,136.8,1,0.81,19,78000,24,3640,69.3,0
R108671,5,25,614,16723,0.482,0.582,98.4,3,0.671,3,83000,30,3099,48.6,0
R108672,5,24,594,18598,0.206,0.803,93.9,1,0.877,3,65000,18,4044,70.1,1
R108673,24,29,679,15674,0.183,0.844,146.0,0,0.903,18,91000,36,2831,86.7,1
R108674,9,18,360,8000,0.338,0.699,109.3,1,0.913,6,58000,30,2165,57.5,1
R108675,4,21,352,12084,0.221,0.827,114.3,2,0.797,3,66000,36,2053,62.6,0
R108676,10,23,449,17444,0.403,0.833,117.9,2,0.879,9,52000,24,2427,60.1,0
R108677,6,26,644,20018,0.234,0.894,140.8,1,0.928,5,67000,24,3127,73.2,1
R108678,41,24,499,19124,0.33,0.839,154.7,2,0.868,32,91000,24,4247,74.0,0
R108679,3,21,519,12667,0.452,0.704,104.2,1,0.857,1,70000,24,3267,51.2,0
R108680,16,22,421,8730,0.244,0.922,131.1,1,0.912,14,60000,12,5600,73.9,1
R108681,25,22,476,8512,0.118,0.999,127.2,0,0.909,12,57000,18,3547,89.0,1
R108682,17,20,389,8000,0.34,0.766,120.9,1,0.792,11,73000,18,4542,63.7,0
R108683,6,22,552,19467,0.282,0.822,114.9,2,0.827,3,83000,24,3873,66.0,0
R108684,20,21,510,12450,0.315,0.855,148.0,2,0.813,16,90000,30,3360,72.6,0
R108685,12,21,581,15349,0.238,0.795,139.3,2,0.794,6,97000,30,3621,71.3,1
R108686,15,20,390,8000,0.155,0.7,129.4,1,0.89,14,96000,24,4480,71.8,1
R108687,17,22,357,10699,0.312,0.632,131.8,2,0.722,10,93000,30,3472,60.6,1
R108688,5,25,764,25257,0.36,0.914,128.5,3,0.778,4,71000,12,6627,68.0,0
R108689,15,26,464,17704,0.251,0.977,158.4,0,0.912,9,75000,12,7000,75.3,0
R108690,17,18,363,8000,0.294,0.742,130.1,1,0.776,10,87000,30,3248,64.6,1
R108691,10,15,306,8000,0.367,0.633,88.7,2,0.664,5,82000,36,2551,51.3,0
R108692,6,28,680,16557,0.235,0.936,142.5,2,0.818,3,89000,24,4153,74.4,1
R108693,10,17,316,8581,0.46,0.729,99.7,2,0.702,8,40000,24,1867,49.2,0
R108694,29,23,532,15549,0.322,0.825,105.2,1,0.911,27,79000,36,2458,75.3,0
R108695,14,21,484,13858,0.348,0.813,128.9,0,0.949,8,61000,30,2277,66.4,1
R108696,11,18,326,8000,0.348,0.622,97.8,3,0.743,10,75000,36,2333,53.8,0
R108697,5,20,300,9501,0.394,0.562,80.5,2,0.719,3,89000,12,8307,45.3,0
R108698,20,25,638,17004,0.295,0.838,104.2,1,0.855,19,45000,24,2100,76.7,1
R108699,15,19,419,11218,0.327,0.714,145.6,2,0.775,11,95000,18,5911,62.2,0
R108700,8,24,533,22162,0.461,0.823,118.5,1,0.858,5,68000,24,3173,57.3,0
R108701,7,27,674,14943,0.15,0.988,172.4,0,0.982,4,52000,36,1618,82.0,0
R108702,4,25,571,11716,0.342,0.624,110.7,2,0.727,2,41000,24,1913,56.1,0
R108703,15,21,435,11931,0.193,0.811,105.3,1,0.822,9,107000,36,3329,72.8,1
R108704,2,26,519,10970,0.333,0.923,150.7,1,0.918,1,60000,24,2800,63.4,1
R108705,15,17,416,10144,0.508,0.84,85.0,2,0.729,12,74000,30,2763,55.8,0
R108706,3,17,327,8000,0.345,0.764,143.8,1,0.782,2,79000,24,3687,52.7,0
R108707,9,26,599,18102,0.325,0.883,134.7,1,0.924,6,67000,24,3127,69.1,1
R108708,20,16,339,16529,0.212,0.749,105.5,1,0.848,15,40000,30,1493,71.5,0
R108709,2,27,468,9950,0.293,0.873,158.3,0,0.893,1,78000,30,2912,62.5,1
R108710,23,19,432,9793,0.3,0.966,132.3,1,0.824,13,97000,18,6036,76.3,1
R108711,7,22,470,15962,0.362,0.932,168.6,1,0.843,4,68000,36,2116,62.9,1
R108712,10,21,551,11534,0.279,0.881,128.2,0,0.909,9,91000,18,5662,70.4,1
R108713,7,21,505,11318,0.389,0.622,139.0,2,0.754,6,102000,30,3808,53.7,0
R108714,7,19,393,15203,0.248,0.845,113.0,1,0.904,7,40000,36,1244,65.8,0
R108715,5,25,539,11089,0.329,0.771,141.3,1,0.861,5,100000,30,3733,61.6,0
R108716,19,15,380,9593,0.301,0.739,82.3,3,0.793,14,105000,24,4900,66.3,0
R108717,16,21,640,19400,0.268,0.772,122.2,1,0.869,11,82000,24,3827,74.3,1
R108718,5,17,379,9877,0.349,0.584,120.5,3,0.706,4,84000,24,3920,50.1,0
R108719,14,30,733,18502,0.098,0.788,129.7,0,0.923,9,113000,12,10547,84.9,1
R108720,12,20,466,14798,0.26,0.85,173.0,0,0.991,9,80000,24,3733,70.8,0
R108721,8,24,480,11303,0.155,0.824,143.5,1,0.911,5,112000,24,5227,72.8,0
R108722,14,23,490,13315,0.341,0.814,104.7,1,0.852,10,92000,36,2862,66.4,0
R108723,9,15,301,8000,0.318,0.637,89.0,2,0.683,7,58000,12,5413,53.6,0
R108724,18,21,342,14869,0.317,0.853,116.0,1,0.815,12,64000,30,2389,66.7,0
R108725,6,23,558,12593,0.255,0.882,154.6,1,1.0,4,89000,18,5538,70.3,1
R108726,17,19,396,17395,0.435,0.762,111.4,1,0.86,15,55000,12,5133,59.3,1
R108727,2,15,379,9062,0.326,0.699,92.8,3,0.781,2,97000,30,3621,53.3,1
R108728,11,24,576,10487,0.197,0.829,119.5,1,0.871,8,88000,18,5476,74.8,0
R108729,10,16,303,8759,0.452,0.692,121.3,2,0.748,9,83000,24,3873,49.3,0
R108730,6,21,455,9316,0.258,0.798,112.6,1,0.901,4,44000,30,1643,64.6,0
R108731,15,26,916,31811,0.262,0.896,119.7,0,0.901,8,82000,24,3827,81.0,1
R108732,15,28,625,18853,0.242,0.782,134.3,0,0.958,8,70000,24,3267,75.9,1
R108733,7,16,399,9485,0.311,0.706,108.1,2,0.776,5,80000,30,2987,57.4,0
R108734,8,24,601,17418,0.255,0.794,120.7,2,0.882,7,68000,18,4231,69.6,0
R108735,13,26,627,17870,0.34,0.853,141.2,0,0.971,7,52000,30,1941,71.2,1
R108736,3,28,626,11979,0.151,0.856,155.7,1,0.944,3,73000,36,2271,74.6,1
R108737,7,24,522,11294,0.108,0.841,136.0,1,0.903,4,64000,18,3982,76.0,1
R108738,7,30,648,20812,0.127,0.921,144.9,0,1.0,5,42000,30,1568,81.3,1
R108739,9,23,499,11789,0.425,0.798,130.4,1,0.813,7,109000,24,5087,57.7,1
R108740,17,14,293,8000,0.488,0.705,132.0,2,0.82,12,64000,24,2987,52.4,0
R108741,16,23,585,14800,0.344,0.814,139.4,1,0.873,12,62000,18,3858,70.1,0
R108742,5,23,597,19115,0.124,0.816,102.3,1,0.881,3,62000,36,1929,75.2,0
R108743,11,25,554,18598,0.336,0.788,125.7,1,0.894,6,78000,12,7280,65.9,1
R108744,13,25,639,15579,0.293,0.761,141.5,2,0.78,10,78000,24,3640,69.5,1
R108745,14,21,497,21358,0.17,1.0,110.1,0,0.921,13,57000,30,2128,80.7,1
R108746,4,28,721,16259,0.315,0.895,147.9,1,0.943,3,49000,36,1524,70.1,0
R108747,2,24,478,13087,0.33,0.808,137.5,2,0.806,1,97000,24,4527,58.0,0
R108748,32,23,485,12580,0.178,0.867,176.5,1,0.88,19,49000,12,4573,82.4,1
R108749,6,28,973,16397,0.321,0.77,142.0,2,0.84,4,69000,24,3220,68.8,1
R108750,10,16,360,8000,0.343,0.535,105.1,3,0.672,6,88000,18,5476,51.4,0
R108751,13,20,431,11663,0.333,0.752,131.0,2,0.779,11,55000,12,5133,62.1,0
R108752,10,15,357,8000,0.339,0.668,39.5,4,0.719,6,79000,30,2949,55.2,0
R108753,10,23,720,23080,0.235,0.826,133.2,1,0.876,8,64000,24,2987,75.6,0
R108754,12,27,611,19209,0.16,0.841,122.2,2,0.825,7,65000,12,6067,78.1,0
R108755,6,22,669,22403,0.354,0.723,78.8,2,0.774,3,72000,30,2688,61.8,0
R108756,6,20,400,11937,0.26,0.646,90.5,2,0.79,5,98000,24,4573,58.3,0
R108757,6,20,632,18947,0.416,0.729,140.1,0,0.886,6,43000,18,2676,59.0,1
R108758,14,27,553,20204,0.224,0.858,137.2,1,0.879,10,89000,18,5538,74.9,1
R108759,16,22,423,10976,0.346,0.732,127.8,1,0.824,9,108000,30,4032,62.9,1
R108760,5,29,695,22159,0.234,0.949,176.1,1,0.923,3,82000,24,3827,75.6,1
R108761,6,21,594,13437,0.182,0.82,111.7,1,0.849,4,79000,24,3687,72.1,1
R108762,15,20,468,14133,0.365,0.745,112.4,1,0.84,10,91000,18,5662,62.8,1
R108763,17,24,644,18785,0.255,0.784,79.4,1,0.813,11,71000,24,3313,75.4,1
R108764,19,21,422,11358,0.457,0.627,65.0,3,0.674,14,40000,36,1244,54.7,0
R108765,6,18,338,12570,0.383,0.647,101.4,2,0.658,3,112000,24,5227,49.2,0
R108766,14,23,610,13519,0.157,0.986,169.9,0,0.947,7,52000,24,2427,83.9,0
R108767,27,25,591,17659,0.196,0.983,177.2,2,0.779,20,80000,24,3733,86.0,1
R108768,7,26,706,21883,0.28,0.938,151.3,0,0.941,4,69000,36,2147,74.6,1
R108769,16,23,472,11679,0.299,0.939,140.5,0,0.902,11,71000,30,2651,73.0,1
R108770,11,26,896,20832,0.23,1.0,153.6,0,0.957,6,68000,24,3173,83.8,1
R108771,35,28,757,20684,0.206,1.0,154.5,2,0.88,29,96000,30,3584,91.1,0
R108772,2,26,606,11494,0.192,0.831,118.5,1,0.844,2,78000,24,3640,69.5,0
R108773,12,20,233,8000,0.339,0.669,126.4,1,0.836,9,76000,24,3547,55.0,1
R108774,23,19,400,12034,0.3,0.686,91.9,1,0.797,17,70000,30,2613,67.9,1
R108775,5,25,495,10153,0.092,0.903,153.2,0,0.938,4,70000,18,4356,76.9,1
R108776,17,30,747,21310,0.19,0.853,145.6,0,0.879,9,92000,12,8587,83.4,1
R108777,8,23,484,14208,0.348,0.654,107.8,2,0.744,6,69000,12,6440,56.5,0
R108778,3,23,372,13222,0.375,0.79,128.8,1,0.856,1,59000,24,2753,53.7,0
R108779,7,24,549,18632,0.279,0.786,154.2,1,0.874,7,68000,24,3173,66.3,1
R108780,5,24,553,11945,0.216,0.957,144.3,0,0.918,3,66000,36,2053,73.1,1
R108781,20,25,570,15693,0.259,0.78,131.8,1,0.818,19,57000,24,2660,74.9,1
R108782,35,21,528,9633,0.303,0.864,145.2,0,0.867,22,105000,24,4900,76.7,1
R108783,8,28,726,20628,0.111,0.915,151.6,1,0.911,5,66000,12,6160,83.4,0
R108784,7,17,520,14992,0.261,0.821,153.2,3,0.789,5,70000,12,6533,66.6,1
R108785,2,15,352,10631,0.398,0.773,95.4,1,0.792,1,60000,12,5600,50.5,0
R108786,19,15,344,8000,0.325,0.61,122.4,1,0.799,14,69000,24,3220,60.6,0
R108787,25,30,740,21800,0.201,0.893,142.9,0,0.917,16,89000,24,4153,88.6,1
R108788,15,23,537,13815,0.226,0.908,148.1,2,0.869,12,80000,24,3733,76.4,1
R108789,7,22,496,14876,0.08,0.962,138.8,0,0.904,4,71000,24,3313,80.0,0
R108790,13,30,698,21851,0.239,0.905,176.0,1,0.868,7,66000,36,2053,78.4,1
R108791,18,23,707,24416,0.117,0.939,159.9,0,0.889,16,84000,36,2613,89.5,1
R108792,10,22,519,11016,0.321,0.792,112.3,1,0.824,5,59000,18,3671,64.3,1
R108793,16,20,509,11275,0.233,0.895,132.4,1,0.896,7,65000,30,2427,75.8,1
R108794,8,27,533,10827,0.361,0.896,146.1,0,0.936,7,72000,30,2688,65.4,0
R108795,4,25,599,16299,0.192,0.884,154.7,3,0.798,2,79000,36,2458,71.5,1
R108796,18,24,581,17889,0.08,0.877,154.1,1,0.851,11,104000,24,4853,86.0,1
R108797,12,20,513,18021,0.234,0.845,156.9,1,0.984,9,57000,36,1773,73.0,0
R108798,13,16,356,8543,0.276,0.718,57.1,2,0.777,10,66000,30,2464,62.3,1
R108799,19,18,514,11655,0.323,0.834,112.9,2,0.817,13,94000,24,4387,71.1,0
R108800,6,20,396,8000,0.273,0.869,149.0,0,0.971,4,84000,18,5227,64.6,1
R108801,7,22,595,15169,0.256,0.719,92.6,1,0.809,6,75000,30,2800,66.4,0
R108802,25,25,732,20226,0.319,0.815,128.5,1,0.838,24,78000,18,4853,79.5,1
R108803,12,17,447,16246,0.358,0.798,122.1,2,0.742,11,76000,30,2837,61.7,1
R108804,18,19,506,12881,0.132,1.0,178.1,1,0.905,14,81000,36,2520,85.4,1
R108805,11,25,730,20656,0.2,0.899,155.0,1,0.896,8,77000,24,3593,80.2,0
R108806,15,25,756,15863,0.333,0.832,147.9,0,0.905,9,85000,24,3967,75.1,0
R108807,16,16,331,10976,0.332,0.665,117.1,2,0.766,7,101000,24,4713,59.2,1
R108808,7,25,784,32712,0.177,1.0,144.9,0,0.877,6,106000,12,9893,82.5,1
R108809,37,18,491,13902,0.197,0.952,147.1,0,0.992,17,54000,24,2520,84.8,1
R108810,13,24,668,15588,0.216,0.843,140.6,1,0.91,8,106000,18,6596,77.7,0
R108811,3,24,613,10901,0.217,0.842,151.9,0,0.857,3,96000,30,3584,69.6,0
R108812,4,26,591,20977,0.326,0.88,110.0,2,0.79,2,67000,12,6253,64.0,0
R108813,8,24,448,9382,0.276,0.809,145.7,1,0.802,5,89000,18,5538,64.0,0
R108814,2,21,426,9729,0.505,0.828,120.7,1,0.871,2,108000,12,10080,49.2,1
R108815,23,28,684,12749,0.394,0.853,132.8,3,0.861,18,62000,24,2893,74.8,0
R108816,7,21,528,12841,0.26,0.82,122.9,1,0.879,3,69000,30,2576,67.3,0
R108817,4,15,256,8000,0.368,0.822,110.2,2,0.769,2,88000,18,5476,52.3,0
R108818,13,25,566,15019,0.193,0.82,151.0,1,0.89,10,85000,24,3967,75.9,1
R108819,16,26,469,11999,0.213,0.811,149.5,1,0.906,8,78000,24,3640,73.8,0
R108820,8,28,742,24183,0.226,0.961,148.6,0,0.982,7,76000,36,2364,79.8,1
R108821,16,23,653,16939,0.322,0.896,126.1,2,0.904,8,73000,12,6813,74.8,1
R108822,18,18,397,14123,0.348,0.724,108.7,1,0.839,10,93000,36,2893,63.6,1
R108823,8,19,381,8485,0.289,0.868,129.4,1,0.859,5,75000,30,2800,63.8,1
R108824,4,18,407,8738,0.29,0.826,111.5,1,0.803,2,69000,24,3220,60.3,0
R108825,7,14,218,8000,0.274,0.74,116.1,2,0.791,3,88000,30,3285,56.2,0
R108826,9,23,598,20501,0.178,0.845,116.9,0,0.9,8,70000,24,3267,75.6,1
R108827,11,24,558,12515,0.31,0.735,94.7,2,0.778,6,97000,18,6036,64.9,1
R108828,18,20,413,14746,0.331,0.73,126.8,2,0.794,16,96000,36,2987,64.8,0
R108829,9,23,553,12568,0.371,0.808,117.1,1,0.809,8,110000,30,4107,62.7,0
R108830,6,21,535,11730,0.28,0.707,93.2,2,0.787,5,82000,24,3827,62.2,0
R108831,7,22,493,14511,0.272,0.88,143.6,1,0.905,7,86000,24,4013,67.8,1
R108832,12,21,589,16436,0.395,0.873,122.2,1,0.819,7,82000,24,3827,65.8,0
R108833,13,24,529,11330,0.311,0.668,96.8,1,0.785,9,88000,24,4107,63.7,0
R108834,28,24,707,16585,0.314,0.868,126.5,1,0.891,14,67000,24,3127,81.0,1
R108835,9,28,698,28223,0.122,0.889,136.7,1,0.892,4,74000,30,2763,82.1,1
R108836,6,30,524,11744,0.417,0.836,153.2,3,0.814,5,98000,36,3049,58.2,1
R108837,2,22,543,16483,0.18,0.971,125.3,0,0.935,1,99000,36,3080,73.1,1
R108838,3,21,442,15621,0.239,0.762,131.2,1,0.903,2,58000,24,2707,62.4,1
R108839,15,25,827,33604,0.324,0.897,168.8,1,0.966,9,80000,24,3733,78.3,1
R108840,7,20,389,10592,0.353,0.84,122.2,1,0.89,4,94000,24,4387,59.6,0
R108841,22,25,705,19099,0.136,0.927,133.7,2,0.943,20,103000,36,3204,90.7,1
R108842,2,30,884,26536,0.215,0.842,175.4,0,0.975,1,92000,24,4293,75.1,1
R108843,8,22,462,14510,0.337,0.889,122.2,1,0.876,4,69000,24,3220,63.8,0
R108844,18,30,621,21158,0.109,0.938,155.9,0,0.987,9,83000,12,7747,88.5,1
R108845,23,18,460,15811,0.274,0.772,90.2,3,0.664,11,73000,24,3407,71.8,0
R108846,15,26,498,8000,0.356,0.77,124.2,1,0.865,13,41000,24,1913,65.4,1
R108847,19,25,520,17561,0.381,0.652,96.6,2,0.842,16,73000,18,4542,63.8,0
R108848,6,20,474,13510,0.247,0.74,79.4,2,0.804,3,76000,36,2364,63.2,0
R108849,9,23,266,8000,0.275,0.818,105.0,1,0.819,5,75000,12,7000,60.4,1
R108850,24,29,793,20671,0.245,0.992,125.7,0,0.986,13,95000,18,5911,90.8,1
R108851,5,24,709,24452,0.211,0.885,153.6,1,0.874,3,71000,18,4418,75.1,1
R108852,11,21,307,10944,0.384,0.702,78.9,2,0.728,6,83000,12,7747,53.2,0
R108853,16,20,429,15145,0.224,0.732,149.2,1,0.877,14,86000,30,3211,70.4,1
R108854,22,16,339,11025,0.421,0.647,103.5,2,0.822,10,71000,18,4418,58.8,0
R108855,10,21,491,16923,0.255,0.846,136.7,1,0.915,6,77000,18,4791,69.5,1
R108856,8,20,443,8490,0.331,0.664,134.8,3,0.756,5,46000,24,2147,57.3,0
R108857,14,23,507,13622,0.293,0.895,103.3,1,0.867,9,68000,36,2116,71.1,0
R108858,29,21,569,20324,0.323,0.82,165.0,1,0.811,23,74000,24,3453,75.0,0
R108859,14,22,505,18030,0.133,0.775,115.4,1,0.855,8,61000,30,2277,76.3,1
R108860,14,21,643,20293,0.193,0.814,161.2,0,0.875,12,52000,30,1941,78.0,1
R108861,10,26,635,16827,0.29,0.752,109.1,2,0.927,8,101000,30,3771,69.1,0
R108862,6,25,605,15360,0.283,0.865,133.6,1,0.842,4,69000,36,2147,68.1,1
R108863,9,23,583,18296,0.37,0.822,161.9,0,0.884,7,54000,36,1680,64.0,0
R108864,10,24,471,15305,0.251,0.897,151.3,1,0.889,6,79000,18,4916,70.2,0
R108865,8,21,604,16605,0.355,0.799,132.0,1,0.907,4,77000,30,2875,64.9,1
R108866,11,15,341,10498,0.43,0.742,128.3,3,0.718,7,49000,18,3049,52.4,0
R108867,14,16,318,11260,0.421,0.748,90.0,2,0.759,7,73000,30,2725,55.3,0
R108868,7,20,599,16283,0.261,0.857,129.5,1,0.856,4,89000,12,8307,69.8,0
R108869,18,27,841,29459,0.156,1.0,122.6,0,0.937,12,103000,30,3845,91.9,0
R108870,14,21,402,14961,0.507,0.663,97.9,2,0.71,11,60000,24,2800,49.9,0
R108871,11,21,605,17969,0.226,0.895,130.7,0,0.963,6,60000,12,5600,76.4,0
R108872,9,26,608,19971,0.222,0.88,138.8,0,0.947,4,76000,30,2837,75.0,0
R108873,5,19,437,9367,0.187,0.857,121.0,1,0.912,4,74000,24,3453,69.3,1
R108874,15,24,678,19071,0.341,0.764,112.0,1,0.819,13,74000,36,2302,69.6,1
R108875,37,24,317,8000,0.08,0.901,135.4,1,0.885,29,73000,18,4542,84.3,1
R108876,23,15,309,13858,0.282,0.787,101.3,4,0.715,11,99000,24,4620,68.1,0
R108877,16,26,616,21318,0.11,0.869,134.5,0,0.971,11,77000,24,3593,85.1,1
R108878,24,22,421,8000,0.292,0.682,91.0,3,0.782,12,97000,30,3621,69.2,1
R108879,7,12,274,8000,0.349,0.628,88.3,2,0.722,4,81000,30,3024,50.2,0
R108880,6,26,405,8000,0.313,0.729,127.3,2,0.838,4,91000,30,3397,58.5,0
R108881,11,13,199,8000,0.412,0.553,46.3,4,0.642,8,84000,30,3136,44.3,0
R108882,11,23,431,8621,0.428,0.622,93.6,3,0.779,10,60000,24,2800,52.6,1
R108883,21,26,698,17804,0.407,0.774,142.7,2,0.848,20,69000,18,4293,71.4,0
R108884,18,15,307,14819,0.39,0.646,74.5,3,0.759,13,99000,24,4620,56.5,0
R108885,2,22,566,18293,0.324,0.785,139.3,1,0.855,2,80000,18,4978,60.8,1
R108886,18,18,345,8000,0.461,0.591,110.4,2,0.659,12,64000,12,5973,51.5,0
R108887,9,25,616,14639,0.298,0.761,132.2,1,0.851,6,61000,36,1898,67.3,1
R108888,13,22,438,10349,0.231,0.693,112.3,2,0.775,12,48000,36,1493,66.4,1
R108889,10,22,518,13317,0.3,0.92,136.7,1,0.805,8,40000,36,1244,68.7,1
R108890,7,18,314,8000,0.274,0.685,112.6,2,0.749,6,41000,36,1276,56.6,0
R108891,13,23,531,11378,0.303,0.782,146.7,1,0.801,9,92000,12,8587,67.3,0
R108892,7,20,337,9977,0.346,0.778,107.4,1,0.795,4,65000,36,2022,55.9,0
R108893,10,16,361,8000,0.285,0.681,140.1,1,0.79,5,80000,24,3733,59.1,0
R108894,6,20,444,8000,0.395,0.623,106.6,3,0.785,3,90000,18,5600,51.6,0
R108895,5,18,357,11231,0.317,0.658,119.0,2,0.752,3,40000,36,1244,53.2,0
R108896,36,24,532,9433,0.358,0.729,113.4,2,0.791,18,81000,24,3780,69.8,1
R108897,8,27,507,10116,0.162,0.859,154.2,2,0.868,4,62000,30,2315,73.3,0
R108898,10,22,655,16305,0.191,0.818,147.2,1,0.807,6,93000,24,4340,75.0,1
R108899,23,27,717,19239,0.354,0.871,132.3,2,0.944,19,84000,30,3136,78.8,1
R108900,12,29,737,17118,0.255,1.0,145.2,0,0.987,8,72000,24,3360,81.4,1
R108901,6,22,451,13508,0.314,0.811,98.7,1,0.865,4,80000,36,2489,61.4,0
R108902,6,19,294,8000,0.206,0.827,132.2,4,0.804,3,76000,30,2837,63.0,0
R108903,5,21,446,17687,0.239,0.718,119.7,1,0.826,4,70000,24,3267,62.3,0
R108904,29,22,404,8000,0.173,0.825,153.3,1,0.837,22,75000,24,3500,79.2,0
R108905,2,16,281,8173,0.398,0.593,94.8,2,0.703,1,78000,30,2912,43.3,0
R108906,5,25,604,17361,0.221,0.85,124.3,0,0.928,3,90000,36,2800,71.2,1
R108907,8,26,656,21407,0.233,0.934,122.9,1,0.842,6,77000,18,4791,75.0,1
R108908,8,28,695,17065,0.343,0.788,135.2,0,0.922,6,72000,24,3360,67.4,0
R108909,7,24,641,23059,0.08,1.0,149.5,0,0.866,7,78000,24,3640,84.2,1
R108910,15,19,403,12861,0.326,0.891,138.8,1,0.865,8,55000,18,3422,67.3,0
R108911,12,18,370,10046,0.289,0.777,113.7,1,0.827,8,108000,30,4032,63.8,0
R108912,6,19,532,14748,0.434,0.527,94.2,3,0.689,3,82000,24,3827,48.7,0
R108913,8,26,692,21184,0.08,0.836,157.8,1,0.969,3,66000,30,2464,82.6,0
R108914,43,15,307,8000,0.318,0.628,86.2,2,0.697,28,80000,24,3733,62.8,0
R108915,13,16,471,15350,0.239,0.845,151.2,1,0.766,10,75000,30,2800,70.2,1
R108916,1,21,504,14209,0.355,0.864,143.5,1,0.861,1,92000,24,4293,59.0,0
R108917,6,28,528,18109,0.235,0.868,120.9,2,0.907,4,53000,18,3298,69.4,1
R108918,7,24,597,14613,0.143,0.794,116.8,1,0.79,5,101000,24,4713,73.9,1
R108919,36,24,681,16519,0.238,0.886,158.9,0,0.927,27,95000,36,2956,85.1,1
R108920,8,24,577,16119,0.295,0.912,164.3,0,0.895,7,89000,24,4153,69.6,1
R108921,8,20,507,20273,0.253,0.881,152.1,0,0.937,7,71000,36,2209,70.0,1
R108922,3,14,197,8000,0.428,0.697,100.4,3,0.625,1,61000,24,2847,42.0,0
R108923,11,22,351,8000,0.426,0.648,124.7,2,0.736,6,115000,24,5367,50.9,0
R108924,17,24,585,20023,0.151,0.965,166.2,0,0.946,8,40000,36,1244,85.2,1
R108925,10,21,485,13515,0.298,0.754,148.9,1,0.831,9,71000,24,3313,64.3,0
R108926,8,26,624,20112,0.253,0.851,143.0,0,0.956,7,97000,24,4527,72.1,1
R108927,9,19,466,15542,0.268,0.804,124.7,1,0.938,5,77000,36,2396,67.0,0
R108928,17,19,332,8000,0.336,0.671,95.7,3,0.76,12,76000,30,2837,59.6,0
R108929,9,20,422,18111,0.205,0.77,123.1,2,0.88,5,100000,18,6222,67.4,0
R108930,9,14,367,10579,0.386,0.485,73.2,4,0.683,8,60000,18,3733,47.5,0
R108931,14,22,468,9384,0.338,0.836,111.4,3,0.803,9,40000,12,3733,65.7,1
R108932,7,25,767,19960,0.147,0.869,182.7,0,0.866,6,101000,24,4713,80.2,0
R108933,5,24,513,16308,0.228,0.814,124.5,1,0.839,5,70000,30,2613,67.1,1
R108934,3,23,574,11395,0.296,0.882,132.1,2,0.892,2,85000,36,2644,65.7,1
R108935,10,17,378,11380,0.291,0.62,93.4,3,0.665,7,73000,12,6813,56.5,0
R108936,7,18,343,10410,0.31,0.684,98.2,2,0.747,6,64000,24,2987,55.1,0
R108937,18,10,185,8000,0.349,0.499,62.5,3,0.636,17,40000,30,1493,50.8,0
R108938,9,19,338,8000,0.355,1.0,154.6,0,0.896,8,61000,36,1898,63.4,0
R108939,17,27,870,18089,0.152,0.992,163.8,0,1.0,12,80000,30,2987,91.7,1
R108940,15,17,409,8000,0.395,0.707,110.8,3,0.762,11,62000,36,1929,58.4,0
R108941,3,25,644,18674,0.402,0.849,128.5,1,0.94,2,109000,12,10173,61.3,1
R108942,4,20,441,10784,0.19,0.695,116.7,3,0.847,2,69000,24,3220,63.7,0
R108943,30,15,357,10301,0.309,0.716,136.3,2,0.83,17,90000,30,3360,68.1,0
R108944,7,19,317,8000,0.305,0.808,115.6,2,0.699,6,91000,36,2831,57.5,0
R108945,13,20,472,11146,0.367,0.624,103.3,2,0.691,9,74000,36,2302,57.4,0
R108946,10,17,275,8000,0.415,0.622,88.3,3,0.692,8,95000,12,8867,47.7,0
R108947,3,19,488,12820,0.343,0.75,132.3,1,0.875,2,69000,36,2147,57.5,1
R108948,6,19,509,15037,0.349,0.797,139.8,2,0.784,4,86000,24,4013,59.9,0
R108949,5,22,535,19735,0.368,0.833,146.7,1,0.873,4,66000,30,2464,60.8,0
R108950,16,24,426,14519,0.23,0.812,166.9,0,1.0,10,51000,18,3173,73.2,0
R108951,6,17,366,13149,0.308,0.634,97.2,3,0.743,4,79000,36,2458,53.9,0
R108952,14,15,291,9882,0.393,0.881,120.7,1,0.813,11,81000,24,3780,59.7,0
R108953,4,25,666,19651,0.169,0.866,151.8,0,0.936,2,45000,24,2100,75.3,1
R108954,1,30,667,16949,0.2,0.876,155.9,1,0.944,1,88000,18,5476,72.4,0
R108955,11,21,485,13002,0.308,0.864,147.5,1,0.881,8,85000,24,3967,67.4,0
R108956,14,22,542,14508,0.271,0.774,126.4,0,0.942,10,86000,24,4013,70.7,0
R108957,8,27,572,19818,0.256,0.921,94.4,1,0.842,7,110000,24,5133,71.4,0
R108958,11,25,538,14419,0.403,0.68,121.8,4,0.688,7,71000,30,2651,57.0,1
R108959,3,21,547,14748,0.241,0.776,125.1,1,0.842,1,86000,24,4013,65.0,0
R108960,8,19,424,12383,0.333,0.651,119.5,2,0.744,6,63000,36,1960,56.2,1
R108961,18,22,398,8000,0.341,0.772,118.2,1,0.789,17,98000,24,4573,65.0,0
R108962,31,26,603,10323,0.244,0.809,122.1,1,0.83,21,62000,30,2315,80.0,0
R108963,10,15,304,8630,0.31,0.69,102.6,2,0.788,6,54000,30,2016,56.7,0
R108964,13,23,523,15570,0.312,0.777,132.2,1,0.827,8,59000,24,2753,66.5,0
R108965,19,19,366,8000,0.284,0.824,124.2,1,0.872,12,76000,30,2837,69.5,1
R108966,11,24,448,12970,0.156,0.803,158.4,1,0.942,7,75000,24,3500,73.7,0
R108967,13,30,890,23087,0.224,0.922,161.3,0,0.874,12,69000,24,3220,82.5,1
R108968,25,23,582,16610,0.312,0.786,117.8,3,0.803,18,100000,30,3733,75.0,0
R108969,13,23,454,11076,0.21,0.987,141.5,1,0.882,9,86000,24,4013,76.0,1
R108970,8,22,534,16375,0.367,0.7,123.0,2,0.761,7,114000,24,5320,58.4,0
R108971,25,16,305,8357,0.45,0.728,96.1,2,0.704,18,103000,30,3845,58.4,0
R108972,12,24,599,17188,0.146,0.813,136.9,1,0.831,6,51000,24,2380,77.7,0
R108973,4,22,511,17940,0.298,0.908,156.1,2,0.903,2,69000,24,3220,65.6,0
R108974,9,15,295,8000,0.177,0.676,137.8,2,0.811,5,64000,24,2987,62.7,0
R108975,33,20,439,13154,0.23,0.78,118.1,2,0.831,23,78000,36,2427,75.9,0
R108976,20,11,214,8000,0.214,0.724,123.0,2,0.732,14,83000,12,7747,66.1,0
R108977,7,20,571,14550,0.344,0.725,139.4,1,0.873,6,65000,24,3033,61.5,1
R108978,21,28,679,15356,0.261,0.818,129.3,1,0.924,20,60000,24,2800,80.5,1
R108979,9,14,327,9865,0.278,0.757,131.0,1,0.833,7,90000,30,3360,60.4,0
R108980,6,15,280,8462,0.317,0.702,116.9,2,0.88,5,66000,36,2053,54.5,0
R108981,19,21,445,10951,0.401,0.68,117.3,2,0.729,14,53000,30,1979,60.2,0
R108982,4,18,495,11689,0.292,0.773,123.7,1,0.83,2,70000,30,2613,61.5,1
R108983,6,23,565,14077,0.288,0.843,160.2,0,0.919,5,70000,36,2178,67.1,1
R108984,11,19,295,8000,0.356,0.741,104.0,2,0.759,9,64000,30,2389,55.9,0
R108985,12,21,624,9590,0.132,0.89,159.7,2,0.893,9,83000,30,3099,81.8,1
R108986,17,24,663,24509,0.195,0.755,87.0,1,0.863,9,72000,36,2240,78.6,1
R108987,5,21,355,11466,0.389,0.713,83.2,2,0.87,4,52000,24,2427,52.2,0
R108988,11,17,322,8464,0.395,0.752,138.6,3,0.695,5,67000,24,3127,54.3,0
R108989,2,26,675,16079,0.239,0.758,149.5,1,0.878,1,68000,24,3173,67.2,1
R108990,2,22,574,18296,0.259,0.951,143.9,0,0.875,1,84000,30,3136,68.6,1
R108991,6,19,417,12619,0.504,0.593,113.1,2,0.726,3,75000,36,2333,44.0,0
R108992,17,21,570,8168,0.232,0.867,155.1,1,0.909,15,83000,12,7747,77.6,0
R108993,14,18,483,16755,0.38,0.818,135.1,1,0.853,7,72000,18,4480,64.2,0
R108994,9,24,474,15547,0.368,0.633,65.2,3,0.763,7,88000,24,4107,55.5,0
R108995,2,22,464,13536,0.408,0.827,108.0,1,0.854,2,120000,24,5600,55.1,1
R108996,12,28,733,18975,0.215,0.901,144.5,1,0.909,7,79000,36,2458,80.5,1
R108997,48,20,501,18543,0.264,0.762,110.0,1,0.76,30,78000,30,2912,74.5,0
R108998,10,20,475,13125,0.359,0.833,125.4,2,0.844,6,64000,18,3982,62.8,0
R108999,4,16,389,8000,0.222,0.971,130.0,0,0.935,3,85000,30,3173,68.5,1
R109000,10,17,489,9945,0.378,0.694,110.5,2,0.693,9,114000,30,4256,56.8,0
R109001,3,16,382,11449,0.355,0.715,124.8,1,0.834,1,67000,18,4169,53.0,0
R109002,7,22,407,16379,0.29,0.728,111.1,1,0.846,5,62000,24,2893,60.1,1
R109003,16,19,345,9139,0.137,0.778,128.5,1,0.906,13,58000,24,2707,74.2,0
R109004,24,25,639,18773,0.232,0.809,136.0,3,0.896,16,59000,18,3671,82.1,1
R109005,8,30,892,20284,0.194,0.885,162.3,1,0.829,6,43000,24,2007,79.5,1
R109006,4,30,720,18497,0.24,0.815,112.8,1,0.779,2,54000,36,1680,70.0,1
R109007,17,22,446,9858,0.383,0.794,123.5,1,0.773,9,49000,18,3049,63.3,0
R109008,12,18,377,10208,0.336,0.496,86.8,2,0.763,11,61000,30,2277,53.4,0
R109009,9,21,428,21443,0.231,0.848,110.5,1,0.816,8,95000,30,3547,68.0,0
R109010,11,21,555,14663,0.239,0.827,165.7,1,0.88,9,68000,18,4231,71.7,0
R109011,8,19,388,16700,0.313,0.828,112.2,1,0.862,7,55000,24,2567,62.0,1
R109012,10,26,470,13153,0.333,0.847,101.3,1,0.779,5,56000,24,2613,63.7,0
R109013,11,22,467,13131,0.26,0.754,140.3,1,0.883,11,73000,18,4542,67.0,1
R109014,12,30,848,24585,0.193,0.921,142.8,0,0.975,11,67000,30,2501,84.5,1
R109015,11,20,453,12106,0.182,0.873,137.4,1,0.802,5,79000,12,7373,72.5,1
R109016,5,20,378,8381,0.355,0.772,96.5,1,0.791,4,99000,24,4620,55.5,0
R109017,30,14,266,8000,0.306,0.746,118.5,2,0.703,25,66000,24,3080,65.4,1
R109018,10,28,902,18481,0.27,0.992,147.5,0,0.951,6,44000,30,1643,80.4,1
R109019,2,19,397,8000,0.31,0.723,108.7,2,0.744,2,62000,36,1929,54.7,0
R109020,9,23,538,11358,0.175,0.776,146.7,2,0.966,5,90000,30,3360,73.0,1
R109021,9,20,390,8000,0.326,0.715,130.5,1,0.845,6,40000,18,2489,58.8,1
R109022,6,22,508,16442,0.368,0.814,122.1,1,0.812,5,53000,24,2473,59.7,0
R109023,4,22,465,15274,0.292,0.797,142.7,1,0.827,4,59000,30,2203,61.5,0
R109024,11,24,635,20083,0.345,0.795,126.8,1,0.82,6,68000,18,4231,67.1,0
R109025,11,21,633,19591,0.339,0.856,114.1,1,0.869,10,82000,36,2551,69.3,0
R109026,4,19,322,11839,0.404,0.702,96.6,2,0.722,2,82000,30,3061,48.3,1
R109027,12,22,488,14793,0.163,0.847,133.7,2,0.839,10,82000,24,3827,74.6,0
R109028,13,30,802,22969,0.186,0.902,135.3,1,0.941,8,63000,12,5880,84.8,0
R109029,4,23,436,14189,0.243,0.882,137.7,1,0.812,2,89000,24,4153,64.8,0
R109030,9,21,493,12797,0.19,0.674,92.1,1,0.756,7,58000,12,5413,66.3,0
R109031,30,23,483,16108,0.141,0.913,136.0,1,0.921,16,90000,18,5600,85.9,1
R109032,15,20,432,17388,0.409,0.733,112.1,2,0.885,12,95000,36,2956,60.3,0
R109033,15,23,406,13400,0.229,0.855,147.2,2,0.84,8,40000,30,1493,71.7,1
R109034,16,28,808,26616,0.225,0.928,114.5,1,0.889,15,47000,24,2193,84.2,0
R109035,21,23,629,8002,0.117,0.954,155.0,0,0.939,14,105000,36,3267,90.0,1
R109036,1,24,509,14903,0.457,0.763,134.9,1,0.815,1,49000,18,3049,50.9,0
R109037,6,24,447,9503,0.304,0.704,111.8,2,0.87,4,77000,18,4791,59.4,0
R109038,3,18,510,14764,0.211,0.802,143.4,0,0.894,2,86000,12,8027,66.5,0
R109039,8,17,304,10766,0.393,0.754,84.7,2,0.814,7,77000,24,3593,53.3,0
R109040,7,29,659,9919,0.374,0.783,112.1,1,0.829,4,67000,24,3127,63.3,0
R109041,8,26,564,12793,0.08,0.89,139.3,0,0.94,6,66000,24,3080,80.5,0
R109042,16,23,467,14986,0.282,0.75,183.4,0,0.925,15,100000,18,6222,69.2,0
R109043,6,19,476,19184,0.224,0.775,111.2,1,0.793,3,74000,24,3453,65.4,1
R109044,31,26,635,23486,0.08,0.937,145.9,1,0.946,20,67000,30,2501,93.8,1
R109045,2,27,512,10505,0.382,0.823,141.8,2,0.882,1,80000,18,4978,57.5,0
R109046,22,22,576,21724,0.286,0.827,122.1,2,0.8,11,78000,24,3640,76.0,1
R109047,3,22,841,29854,0.176,0.855,160.1,0,0.936,2,98000,24,4573,77.6,1
R109048,16,13,299,8000,0.47,0.765,109.5,2,0.764,8,77000,36,2396,53.6,0
R109049,15,20,485,14096,0.236,0.808,127.2,1,0.854,9,75000,36,2333,72.2,1
R109050,9,22,707,21364,0.169,0.841,133.7,1,0.871,7,62000,18,3858,78.1,1
R109051,17,24,483,16963,0.317,0.829,118.1,1,0.879,12,88000,18,5476,69.7,1
R109052,6,26,663,12620,0.1,0.862,165.7,0,0.931,3,55000,30,2053,79.9,0
R109053,5,28,886,20803,0.257,0.897,143.9,1,0.872,4,58000,12,5413,74.9,0
R109054,16,17,325,8000,0.209,0.726,145.2,2,0.823,7,40000,30,1493,67.7,0
R109055,7,21,483,13398,0.225,0.815,134.8,1,0.853,4,105000,18,6533,67.8,1
R109056,29,19,362,8000,0.412,0.634,91.7,2,0.712,25,90000,24,4200,59.5,0
R109057,16,21,493,9279,0.171,0.955,130.7,2,0.896,11,51000,30,1904,80.4,0
R109058,13,21,427,9467,0.429,0.827,123.4,2,0.79,8,56000,30,2091,58.9,1
R109059,8,29,546,13217,0.092,0.878,135.4,1,0.862,7,48000,30,1792,78.3,1
R109060,4,23,518,9475,0.255,0.849,130.0,1,0.79,3,78000,30,2912,65.5,0
R109061,20,22,484,14256,0.201,0.853,135.4,2,0.815,15,85000,30,3173,77.5,1
R109062,20,25,434,8000,0.304,0.754,113.8,1,0.832,17,67000,24,3127,68.4,0
R109063,6,25,615,14599,0.221,0.794,139.4,2,0.834,3,70000,18,4356,70.0,0
R109064,4,20,394,13726,0.261,0.803,160.2,0,0.932,3,41000,36,1276,62.0,1
R109065,11,26,540,17221,0.216,0.955,190.0,2,0.977,8,68000,24,3173,76.8,1
R109066,10,23,625,14521,0.202,0.818,139.6,0,0.878,7,101000,12,9427,74.9,1
R109067,18,19,410,12734,0.247,0.835,123.1,1,0.843,10,57000,30,2128,71.8,0
R109068,9,20,442,13538,0.308,0.855,127.3,1,0.906,5,76000,24,3547,64.8,1
R109069,26,22,576,16225,0.269,0.942,151.1,0,0.897,21,92000,30,3435,82.0,1
R109070,14,23,522,19280,0.167,0.696,110.1,1,0.756,13,82000,18,5102,72.3,1
R109071,29,19,384,10948,0.239,0.664,86.6,2,0.782,20,92000,36,2862,70.7,1
R109072,4,26,559,15864,0.101,0.963,131.5,0,1.0,2,88000,12,8213,79.1,1
R109073,12,26,714,17096,0.233,0.864,155.0,1,0.896,9,120000,24,5600,77.6,1
R109074,25,19,344,8000,0.199,0.769,101.3,2,0.736,22,84000,36,2613,73.9,0
R109075,4,18,473,16682,0.327,0.829,107.0,1,0.807,3,40000,12,3733,60.0,0
R109076,19,26,450,16767,0.184,0.783,170.0,3,0.75,10,55000,30,2053,74.5,1
R109077,3,20,501,10996,0.342,0.785,131.9,1,0.86,2,53000,12,4947,58.5,1
R109078,4,30,779,18830,0.165,0.877,140.0,0,0.965,4,40000,18,2489,79.2,1
R109079,4,23,509,10215,0.387,0.789,94.5,2,0.793,2,79000,36,2458,56.5,1
R109080,4,28,703,23386,0.167,0.949,173.1,0,0.926,2,90000,18,5600,78.7,1
R109081,17,19,411,13073,0.353,0.719,79.1,3,0.734,14,101000,12,9427,61.9,0
R109082,8,22,592,13129,0.399,0.723,83.2,2,0.706,7,71000,30,2651,58.4,0
R109083,10,27,591,16235,0.153,0.931,160.5,1,0.914,9,91000,12,8493,79.5,1
R109084,6,19,619,17040,0.096,0.872,129.0,0,0.955,3,70000,24,3267,79.5,0
R109085,10,19,441,15801,0.215,0.747,93.7,2,0.809,10,92000,30,3435,67.2,0
R109086,24,23,393,8000,0.371,0.805,125.8,1,0.844,21,105000,24,4900,68.1,0
R109087,4,16,417,10179,0.263,0.765,109.4,2,0.692,3,85000,12,7933,59.3,0
R109088,60,30,883,19766,0.219,0.915,111.6,2,0.802,38,105000,12,9800,88.6,1
R109089,9,19,454,13369,0.432,0.767,119.1,3,0.733,8,109000,18,6782,55.0,0
R109090,5,21,396,11164,0.304,0.79,80.0,3,0.786,4,71000,36,2209,59.0,1
R109091,4,26,546,10642,0.22,0.851,130.7,1,0.841,2,68000,30,2539,68.3,1
R109092,13,23,498,14532,0.303,0.701,104.9,1,0.837,11,81000,24,3780,64.9,1
R109093,12,21,465,12668,0.389,0.832,128.1,2,0.826,8,70000,12,6533,62.0,0
R109094,4,27,765,21480,0.314,0.85,151.8,1,0.917,3,94000,36,2924,69.9,0
R109095,22,18,340,11070,0.3,0.79,94.8,3,0.736,19,92000,24,4293,67.5,0
R109096,15,23,480,12578,0.29,0.721,123.7,1,0.839,10,75000,18,4667,66.6,0
R109097,21,23,552,9899,0.171,0.812,157.5,1,0.907,19,65000,12,6067,81.5,1
R109098,23,21,442,9858,0.277,0.901,115.8,1,0.854,20,73000,30,2725,76.1,0
R109099,4,15,364,8287,0.382,0.825,92.7,3,0.803,2,91000,30,3397,54.1,0
R109100,23,24,491,13963,0.256,0.935,136.2,0,0.88,20,87000,24,4060,79.5,1
R109101,16,21,461,8089,0.193,0.906,141.2,2,0.824,9,90000,18,5600,76.6,0
R109102,15,26,651,12737,0.145,0.809,123.8,0,0.939,12,72000,18,4480,81.6,0
R109103,9,22,666,20464,0.296,0.995,146.0,0,1.0,7,68000,36,2116,75.6,0
R109104,22,18,336,11423,0.28,0.7,132.5,1,0.853,14,71000,24,3313,67.7,0
R109105,24,22,529,14145,0.248,0.966,141.0,0,0.885,22,85000,24,3967,82.4,1
R109106,14,21,462,9767,0.396,0.762,158.9,1,0.823,9,86000,24,4013,60.8,1
R109107,15,21,480,9200,0.275,0.787,141.7,1,0.822,7,74000,24,3453,68.7,1
R109108,36,22,369,10298,0.45,0.769,95.6,2,0.718,17,66000,24,3080,61.2,0
R109109,1,21,466,13329,0.251,0.779,107.1,1,0.834,0,120000,12,11200,61.1,0
R109110,26,26,516,12134,0.273,0.94,161.0,0,1.0,20,76000,36,2364,81.2,1
R109111,11,21,448,10601,0.239,0.827,173.6,0,0.923,6,75000,30,2800,69.5,0
R109112,27,21,464,12164,0.258,0.766,113.1,1,0.863,24,90000,18,5600,75.0,0
R109113,5,15,351,15432,0.406,0.695,128.9,2,0.722,2,65000,12,6067,49.6,1
R109114,14,24,396,8000,0.258,0.747,143.5,4,0.82,9,64000,24,2987,65.9,0
R109115,13,20,296,8000,0.338,0.703,79.7,3,0.725,7,56000,30,2091,57.0,0
R109116,16,13,253,8000,0.267,0.686,117.3,3,0.726,11,91000,24,4247,60.6,1
R109117,9,18,370,11694,0.416,0.598,97.8,2,0.781,8,115000,24,5367,50.0,0
R109118,7,23,460,8207,0.288,0.943,146.5,3,0.81,4,40000,18,2489,66.8,1
R109119,15,29,650,22837,0.326,0.998,150.1,0,0.886,15,67000,36,2084,76.8,0
R109120,17,19,408,9279,0.319,0.79,98.0,1,0.854,12,70000,30,2613,66.4,0
R109121,10,19,379,11134,0.248,0.741,106.5,2,0.797,10,95000,30,3547,63.4,1
R109122,15,22,491,12948,0.314,0.845,126.6,2,0.789,13,63000,30,2352,68.3,1
R109123,30,24,463,17147,0.203,0.838,163.8,0,0.994,21,57000,30,2128,81.0,1
R109124,11,24,592,17545,0.292,0.99,140.1,1,0.953,6,95000,36,2956,75.1,1
R109125,2,20,405,13788,0.382,0.779,112.3,1,0.845,1,57000,24,2660,53.2,0
R109126,14,27,683,22083,0.374,0.982,168.5,1,0.873,7,41000,18,2551,73.6,0
R109127,4,29,903,30239,0.19,0.955,181.9,0,1.0,4,65000,24,3033,80.7,0
R109128,13,22,599,16728,0.356,0.976,141.3,2,0.852,7,63000,18,3920,71.5,1
R109129,20,23,657,19363,0.337,0.915,138.4,1,0.89,15,78000,18,4853,76.9,1
R109130,10,23,423,13979,0.354,0.894,130.2,2,0.784,7,61000,24,2847,62.5,1
R109131,18,25,689,20011,0.202,0.834,147.2,1,0.879,9,69000,24,3220,81.7,0
R109132,18,23,634,21974,0.237,0.769,141.5,1,0.829,9,71000,24,3313,76.6,1
R109133,23,21,400,10977,0.443,0.652,109.8,2,0.689,21,40000,30,1493,58.5,0
R109134,33,17,386,12109,0.358,0.765,124.2,2,0.788,17,107000,30,3995,67.0,1
R109135,27,17,439,10237,0.288,0.687,127.5,3,0.762,18,106000,24,4947,69.8,0
R109136,1,23,616,19195,0.124,0.911,155.5,0,0.941,1,78000,30,2912,76.1,1
R109137,7,19,468,12928,0.347,0.785,106.8,1,0.718,6,40000,18,2489,58.9,1
R109138,5,21,512,10183,0.08,0.945,162.8,0,1.0,5,88000,30,3285,79.7,1
R109139,16,21,552,14401,0.288,0.736,129.7,1,0.8,9,74000,18,4604,69.5,0
R109140,10,26,716,20461,0.179,0.874,152.2,1,0.865,8,90000,12,8400,79.3,1
R109141,6,17,369,8600,0.148,0.87,160.1,0,0.973,4,90000,24,4200,70.8,0
R109142,7,22,577,16112,0.234,0.832,145.7,1,0.884,7,55000,36,1711,70.5,0
R109143,8,23,470,16744,0.273,0.827,107.4,2,0.897,6,78000,30,2912,66.2,1
R109144,18,21,594,17622,0.291,0.869,130.9,2,0.847,9,108000,36,3360,75.2,0
R109145,3,16,320,8000,0.211,0.807,111.4,1,0.871,2,67000,12,6253,61.7,0
R109146,6,21,404,8060,0.238,0.759,100.7,2,0.726,4,98000,24,4573,61.8,1
R109147,1,20,305,8288,0.407,0.638,58.1,2,0.706,0,49000,18,3049,44.0,0
R109148,18,24,513,11256,0.338,0.825,130.9,1,0.842,9,94000,30,3509,69.4,0
R109149,22,22,597,23484,0.283,0.836,153.4,0,0.901,20,40000,24,1867,77.8,1
R109150,15,25,633,13895,0.099,0.83,161.4,2,0.887,12,70000,36,2178,83.7,1
R109151,16,24,749,12573,0.216,0.993,154.7,0,0.996,12,44000,36,1369,86.6,1
R109152,12,23,569,8900,0.238,0.909,136.7,1,0.952,6,103000,18,6409,76.0,1
R109153,15,18,376,9993,0.253,0.788,98.0,2,0.871,13,69000,24,3220,67.9,0
R109154,2,26,591,14659,0.168,0.865,166.5,0,0.939,1,79000,24,3687,72.5,0
R109155,14,21,501,14772,0.328,0.638,113.8,2,0.75,13,90000,24,4200,61.9,0
R109156,6,25,492,11346,0.254,0.879,122.2,2,0.85,4,56000,12,5227,67.1,0
R109157,16,19,429,16316,0.422,0.793,108.3,3,0.658,9,98000,36,3049,59.4,0
R109158,9,20,504,14486,0.237,0.75,141.2,1,0.898,5,103000,24,4807,67.9,0
R109159,25,23,656,19137,0.186,0.809,119.6,1,0.872,18,61000,24,2847,84.8,1
R109160,13,22,515,17897,0.18,0.74,102.9,3,0.735,7,81000,36,2520,71.5,1
R109161,5,27,615,12065,0.311,0.795,150.7,1,0.826,3,96000,24,4480,64.6,1
R109162,4,21,374,11534,0.32,0.626,73.5,3,0.727,2,75000,24,3500,52.0,1
R109163,6,25,477,13125,0.227,0.749,136.3,2,0.85,3,98000,24,4573,64.9,1
R109164,11,24,445,17508,0.44,0.72,95.3,2,0.789,5,77000,30,2875,54.7,0
R109165,24,24,460,16162,0.146,0.781,132.2,1,0.833,14,67000,30,2501,80.9,1
R109166,8,21,383,11685,0.209,0.706,112.4,1,0.874,5,85000,24,3967,64.0,0
R109167,14,29,854,28649,0.085,0.984,157.5,0,0.878,7,66000,12,6160,91.8,1
R109168,4,25,590,12635,0.136,0.787,138.6,2,0.877,2,56000,24,2613,72.5,1
R109169,16,29,590,15369,0.131,0.923,162.5,1,0.899,11,83000,24,3873,84.2,1
R109170,10,23,559,15499,0.207,0.902,155.6,1,0.874,9,55000,30,2053,74.6,0
R109171,14,27,659,26519,0.226,0.9,121.1,2,0.774,11,84000,36,2613,77.7,0
R109172,27,22,635,21706,0.299,0.775,133.6,1,0.824,22,82000,12,7653,77.0,0
R109173,12,20,279,11624,0.432,0.587,84.4,2,0.779,8,74000,24,3453,48.1,0
R109174,4,20,594,18687,0.329,0.749,129.9,1,0.818,3,67000,12,6253,61.2,1
R109175,12,20,512,19137,0.307,0.853,119.3,1,0.841,8,74000,24,3453,68.2,0
R109176,12,18,257,8000,0.276,0.896,119.4,1,0.886,5,42000,24,1960,64.8,0
R109177,18,21,418,13018,0.263,0.903,120.1,1,0.886,10,93000,30,3472,73.6,0
R109178,11,22,617,17950,0.308,0.872,166.4,0,0.945,11,40000,36,1244,71.8,0
R109179,26,21,448,16424,0.181,0.822,146.7,0,0.925,14,59000,36,1836,80.7,1
R109180,19,26,549,12762,0.185,0.829,148.7,0,0.926,9,77000,36,2396,79.8,0
R109181,12,13,347,12959,0.313,0.632,79.9,2,0.738,6,74000,30,2763,56.9,0
R109182,11,21,421,8690,0.316,0.62,117.5,2,0.725,5,85000,36,2644,57.5,0
R109183,5,30,632,9783,0.175,0.85,139.3,1,0.892,4,68000,12,6347,73.9,1
R109184,8,19,480,13568,0.22,0.667,124.7,1,0.803,6,86000,24,4013,64.6,0
R109185,3,28,485,14501,0.206,0.95,138.0,0,0.968,2,98000,36,3049,70.7,1
R109186,10,22,614,21859,0.174,0.908,174.7,0,0.987,7,65000,24,3033,79.1,1
R109187,2,24,540,8000,0.23,0.841,107.7,2,0.874,1,80000,30,2987,66.8,1
R109188,12,21,603,14028,0.258,0.668,90.5,1,0.778,6,99000,30,3696,67.6,0
R109189,4,30,817,24697,0.286,0.862,141.7,0,0.991,2,79000,30,2949,73.4,1
R109190,14,19,386,15344,0.424,0.712,108.6,1,0.85,11,58000,12,5413,56.7,0
R109191,11,27,604,17951,0.246,0.877,150.4,1,0.858,11,68000,12,6347,73.8,1
R109192,7,25,866,21415,0.211,0.885,158.0,1,0.904,3,44000,24,2053,78.8,0
R109193,3,19,428,8781,0.429,0.741,127.6,1,0.89,2,62000,18,3858,51.9,0
R109194,11,17,312,8000,0.398,0.638,96.9,2,0.733,7,62000,24,2893,50.9,0
R109195,10,18,418,12263,0.261,0.738,95.2,2,0.821,6,93000,24,4340,63.8,1
R109196,32,25,680,22903,0.108,0.982,153.0,1,0.978,17,81000,36,2520,94.9,1
R109197,8,20,385,8000,0.346,0.826,119.0,2,0.744,7,95000,36,2956,58.8,1
R109198,17,20,440,12984,0.312,0.833,121.9,1,0.881,15,76000,36,2364,69.2,1
R109199,6,22,505,13666,0.35,0.818,131.1,3,0.815,5,50000,24,2333,61.0,0
R109200,5,22,395,11634,0.492,0.647,81.2,2,0.657,3,87000,24,4060,44.1,0
R109201,15,25,624,13436,0.27,0.923,156.6,0,0.919,8,79000,24,3687,77.2,1
R109202,8,25,494,14151,0.333,0.784,140.8,1,0.904,5,83000,24,3873,62.5,0
R109203,10,21,429,8000,0.264,0.844,138.7,1,0.837,9,88000,24,4107,67.0,1
R109204,1,23,482,8317,0.289,0.799,113.6,2,0.754,1,80000,36,2489,59.3,0
R109205,7,23,475,21277,0.221,0.738,133.8,1,0.918,4,93000,30,3472,66.2,0
R109206,7,12,229,8000,0.343,0.84,92.3,2,0.773,5,74000,36,2302,55.1,0
R109207,5,27,834,21215,0.223,0.968,136.0,1,1.0,4,65000,12,6067,79.5,1
R109208,8,19,509,15867,0.51,0.742,119.1,1,0.804,5,59000,18,3671,51.9,0
R109209,3,21,580,15104,0.257,0.738,121.1,1,0.914,2,69000,36,2147,64.4,1
R109210,12,23,518,17536,0.255,0.793,118.1,2,0.83,7,74000,36,2302,69.2,0
R109211,8,28,572,16762,0.305,0.783,148.0,2,0.874,7,90000,36,2800,66.0,0
R109212,8,17,321,11949,0.271,0.722,101.2,2,0.834,4,67000,24,3127,59.3,0
R109213,15,19,427,9392,0.42,0.717,88.1,2,0.78,12,40000,30,1493,57.9,0
R109214,5,26,502,11999,0.297,0.946,126.6,0,0.898,3,55000,36,1711,66.7,0
R109215,27,24,629,18316,0.382,0.825,129.9,2,0.809,16,88000,24,4107,73.5,1
R109216,5,19,495,10119,0.377,0.671,131.1,2,0.813,4,42000,30,1568,54.5,1
R109217,19,26,667,19403,0.331,0.979,163.4,0,0.925,11,78000,30,2912,79.0,1
R109218,24,23,696,17581,0.138,0.905,158.5,0,0.952,19,76000,18,4729,91.5,1
R109219,2,17,455,14878,0.467,0.63,89.9,3,0.734,1,65000,30,2427,45.3,0
R109220,6,24,448,14474,0.332,0.826,110.8,1,0.858,6,62000,24,2893,60.9,0
R109221,4,22,488,14432,0.249,0.879,148.6,0,0.925,3,120000,36,3733,66.8,1
R109222,15,22,487,15920,0.228,0.858,164.6,1,0.932,8,87000,24,4060,74.4,0
R109223,7,17,410,9295,0.196,0.656,89.0,2,0.696,5,48000,24,2240,61.7,0
R109224,5,20,489,13023,0.334,0.793,113.5,2,0.817,2,93000,36,2893,59.9,0
R109225,9,20,624,15746,0.221,0.863,126.3,1,0.902,6,60000,36,1867,74.5,0
R109226,11,22,530,11225,0.178,0.909,145.1,0,0.845,9,74000,36,2302,75.9,1
R109227,22,24,626,21220,0.259,0.87,165.2,1,0.898,15,86000,24,4013,80.8,0
R109228,22,29,658,23633,0.243,0.915,144.4,0,0.899,13,81000,30,3024,83.6,1
R109229,6,24,456,21915,0.209,0.827,149.4,1,0.89,3,85000,24,3967,67.9,1
R109230,3,15,354,10838,0.321,0.721,107.2,2,0.68,2,74000,24,3453,52.8,0
R109231,13,27,698,21764,0.215,0.885,135.4,1,0.885,12,64000,18,3982,79.7,1
R109232,9,23,575,11052,0.231,0.864,161.9,0,0.863,5,65000,24,3033,72.2,0
R109233,23,26,666,25029,0.393,0.736,137.4,2,0.769,14,78000,24,3640,70.8,1
R109234,24,22,551,15755,0.28,0.743,127.2,2,0.842,12,58000,24,2707,75.1,0
R109235,14,26,725,20803,0.243,0.927,128.2,0,0.89,7,85000,18,5289,80.3,1
R109236,12,20,562,12775,0.277,0.782,120.0,1,0.84,6,45000,36,1400,68.8,1
R109237,12,22,508,20149,0.238,0.75,123.5,1,0.817,6,82000,36,2551,69.0,0
R109238,11,21,371,10444,0.363,0.607,108.9,3,0.677,8,66000,12,6160,53.4,0
R109239,12,26,942,27091,0.149,0.97,165.0,0,0.995,11,107000,18,6658,88.2,1
R109240,7,18,371,12814,0.34,0.645,54.1,3,0.679,7,115000,24,5367,53.1,1
R109241,7,22,549,18337,0.387,0.821,110.8,1,0.896,3,83000,36,2582,61.3,1
R109242,8,14,191,8000,0.472,0.575,66.6,3,0.644,7,50000,24,2333,39.8,0
R109243,31,26,637,14105,0.26,0.896,149.7,1,0.915,18,79000,30,2949,83.0,1
R109244,1,25,715,19048,0.226,0.92,143.7,0,0.968,1,88000,36,2738,73.7,1
R109245,7,22,480,13900,0.201,0.884,158.1,0,1.0,5,71000,24,3313,71.9,1
R109246,8,21,539,17406,0.284,0.784,115.3,1,0.982,7,105000,30,3920,67.0,0
R109247,13,27,560,15782,0.156,0.976,121.6,0,0.965,12,74000,30,2763,82.4,1
R109248,6,18,320,8435,0.188,0.921,146.5,0,0.899,5,88000,30,3285,68.3,0
R109249,25,22,498,8448,0.315,0.736,88.5,1,0.797,21,93000,36,2893,71.5,0
R109250,21,23,663,19387,0.179,1.0,155.2,1,0.977,15,40000,18,2489,89.3,1
R109251,26,24,532,15526,0.349,0.778,140.4,1,0.863,19,55000,36,1711,72.2,0
R109252,12,25,726,22330,0.238,0.73,135.9,1,0.843,9,85000,30,3173,73.8,1
R109253,23,21,525,16107,0.17,0.789,151.1,1,0.842,13,78000,24,3640,81.2,1
R109254,6,23,679,24567,0.266,0.761,104.0,1,0.83,5,102000,30,3808,68.2,0
R109255,10,25,509,8543,0.361,0.751,108.4,2,0.813,8,85000,30,3173,61.4,0
R109256,2,25,586,13982,0.202,0.992,137.4,2,0.9,2,109000,24,5087,73.3,0
R109257,15,17,372,8000,0.503,0.728,98.2,2,0.822,10,72000,30,2688,52.6,0
R109258,14,23,427,8000,0.285,0.777,143.8,1,0.862,8,71000,36,2209,67.0,1
R109259,12,30,743,30810,0.208,0.962,190.0,1,0.967,6,45000,24,2100,82.9,1
R109260,9,24,541,16339,0.392,0.714,98.5,2,0.754,6,57000,30,2128,58.0,0
R109261,18,19,420,15172,0.319,0.858,118.5,2,0.757,15,86000,24,4013,68.1,0
R109262,23,20,271,8655,0.311,0.691,96.5,2,0.782,19,65000,36,2022,64.0,0
R109263,32,23,518,15159,0.226,0.886,134.0,1,0.868,28,82000,18,5102,81.1,1
R109264,14,17,449,16746,0.242,0.691,85.0,2,0.767,11,91000,30,3397,66.5,0
R109265,10,18,291,11016,0.381,0.717,123.0,2,0.738,5,79000,24,3687,53.0,0
R109266,7,20,334,8102,0.333,0.793,127.2,1,0.904,5,42000,24,1960,58.4,0
R109267,15,20,452,15942,0.328,0.691,103.4,3,0.759,12,86000,24,4013,62.7,1
R109268,6,20,352,8000,0.298,0.725,113.9,3,0.76,3,58000,24,2707,56.7,0
R109269,15,18,389,13024,0.333,0.654,100.5,2,0.795,7,65000,18,4044,59.9,1
R109270,6,24,707,21535,0.254,0.776,130.5,3,0.747,5,83000,18,5164,69.1,0
R109271,10,22,335,11282,0.36,0.621,92.1,3,0.748,8,92000,12,8587,53.1,0
R109272,5,24,711,21149,0.409,0.879,138.5,0,0.896,5,98000,36,3049,64.7,1
R109273,8,20,525,14154,0.309,0.762,125.2,1,0.839,6,97000,12,9053,63.3,1
R109274,14,25,594,13648,0.189,0.949,137.3,0,0.919,7,76000,30,2837,80.6,1
R109275,19,26,569,10664,0.133,0.962,140.8,0,0.932,13,62000,36,1929,86.9,0
R109276,9,24,703,19592,0.193,0.971,162.1,0,0.936,4,42000,30,1568,80.6,1
R109277,1,20,511,14392,0.261,0.892,173.6,0,0.967,1,76000,24,3547,66.1,0
R109278,2,19,490,13899,0.302,0.822,117.8,2,0.925,2,101000,24,4713,61.9,0
R109279,2,24,570,15582,0.346,0.724,103.3,1,0.777,2,77000,30,2875,57.7,0
R109280,24,26,638,16086,0.322,0.896,113.0,1,0.93,13,91000,12,8493,79.9,1
R109281,43,27,738,16609,0.199,0.915,142.5,0,0.949,21,108000,30,4032,89.6,1
R109282,10,25,460,15465,0.156,0.89,138.7,0,0.933,7,72000,24,3360,75.3,1
R109283,3,24,615,15354,0.19,0.951,162.2,0,0.936,2,43000,30,1605,74.3,1
R109284,5,19,397,12631,0.307,0.889,152.7,2,0.904,2,91000,12,8493,62.4,0
R109285,5,24,745,13595,0.155,0.886,176.3,1,0.948,4,46000,12,4293,79.1,1
R109286,23,24,720,19116,0.331,0.953,176.6,0,0.934,19,56000,36,1742,82.5,0
R109287,8,20,575,15311,0.176,0.882,152.4,1,0.93,5,88000,36,2738,75.6,0
R109288,60,20,371,12664,0.377,0.794,92.3,2,0.771,48,58000,24,2707,66.2,0
R109289,4,18,456,13301,0.353,0.676,115.1,2,0.758,4,40000,24,1867,54.3,0
R109290,5,21,445,13646,0.363,0.849,108.3,1,0.78,2,56000,36,1742,58.3,0
R109291,8,17,367,16042,0.146,0.856,90.6,2,0.782,4,77000,24,3593,69.8,1
R109292,7,25,501,21051,0.33,0.804,131.2,1,0.879,7,77000,24,3593,62.8,1
R109293,21,22,334,10482,0.295,0.721,106.7,1,0.796,13,75000,36,2333,66.1,0
R109294,11,22,667,16391,0.194,0.865,116.9,3,0.843,7,108000,24,5040,77.6,0
R109295,16,28,710,21181,0.298,0.791,134.2,0,0.961,10,82000,24,3827,75.7,1
R109296,13,22,484,14799,0.146,0.829,157.7,1,0.846,11,71000,30,2651,75.9,0
R109297,13,25,752,12068,0.359,0.888,158.6,0,0.914,7,77000,18,4791,73.6,0
R109298,9,19,448,13772,0.255,0.888,166.6,2,0.802,5,95000,12,8867,68.0,0
R109299,22,24,816,18366,0.18,0.884,156.0,0,1.0,12,76000,30,2837,90.5,1
R109300,19,17,286,8288,0.251,0.873,84.0,2,0.816,17,94000,24,4387,70.0,0
R109301,6,21,471,8320,0.335,0.719,77.3,2,0.759,5,92000,30,3435,57.5,1
R109302,8,23,461,17105,0.401,0.825,95.2,1,0.805,7,80000,36,2489,58.3,0
R109303,5,18,311,8000,0.344,0.771,147.1,3,0.758,4,86000,18,5351,54.0,0
R109304,11,23,516,13434,0.301,0.881,135.0,1,0.875,8,95000,36,2956,69.2,1
R109305,14,23,528,11801,0.384,0.692,120.9,2,0.817,10,41000,12,3827,61.4,0
R109306,7,19,422,13809,0.275,0.84,110.1,2,0.779,6,79000,18,4916,63.6,0
R109307,8,19,504,14938,0.141,0.87,140.9,1,0.872,7,64000,12,5973,74.9,1
R109308,6,25,559,14555,0.193,0.855,114.5,1,0.898,4,93000,18,5787,72.0,0
R109309,5,20,496,10181,0.359,0.734,96.5,2,0.782,4,59000,24,2753,56.9,0
R109310,8,26,540,14407,0.189,0.931,120.6,1,0.985,5,110000,18,6844,75.8,1
R109311,9,20,407,11004,0.382,0.659,95.9,2,0.767,7,93000,30,3472,54.3,0
R109312,6,23,484,11708,0.361,0.733,120.9,1,0.766,5,72000,36,2240,56.8,1
R109313,5,27,653,19650,0.184,0.828,135.2,0,0.928,3,82000,12,7653,73.7,1
R109314,37,21,387,8000,0.152,0.978,112.1,1,0.885,31,101000,24,4713,84.2,0
R109315,7,17,339,8000,0.219,0.735,119.1,1,0.807,4,78000,30,2912,62.3,0
R109316,12,18,372,9464,0.432,0.723,107.6,2,0.739,9,57000,12,5320,53.8,0
R109317,15,20,452,14163,0.412,0.759,89.6,2,0.811,11,45000,24,2100,60.6,1
R109318,13,24,866,24549,0.335,0.824,125.0,1,0.878,10,81000,36,2520,74.1,1
R109319,17,27,591,16214,0.255,0.839,123.0,3,0.804,9,65000,18,4044,74.9,0
R109320,12,29,747,20791,0.204,0.899,154.6,1,0.93,11,80000,36,2489,81.1,0
R109321,3,20,386,8986,0.356,0.862,121.9,1,0.83,1,71000,30,2651,56.9,1
R109322,12,17,357,11175,0.374,0.706,126.5,2,0.724,10,94000,30,3509,55.8,0
R109323,8,23,526,9258,0.34,0.83,107.4,1,0.897,5,111000,12,10360,64.5,0
R109324,5,24,544,13499,0.32,0.789,112.0,1,0.879,3,83000,24,3873,62.9,0
R109325,30,24,580,14080,0.173,0.822,135.3,0,0.899,19,90000,12,8400,84.1,1
R109326,2,13,297,8000,0.266,0.763,101.2,1,0.912,1,97000,30,3621,57.3,0
R109327,14,19,378,9319,0.318,0.887,110.8,2,0.803,7,89000,24,4153,66.1,1
R109328,14,27,619,20589,0.161,0.78,139.5,0,0.898,8,102000,18,6347,78.3,0
R109329,26,18,449,11358,0.23,0.78,118.6,1,0.865,12,55000,24,2567,76.5,1
R109330,13,25,752,27506,0.259,0.845,152.7,1,0.894,8,87000,24,4060,77.4,0
R109331,7,21,386,8000,0.305,0.675,89.8,3,0.794,6,103000,30,3845,57.0,0
R109332,2,17,415,11060,0.342,0.69,113.6,1,0.87,1,40000,18,2489,53.9,1
R109333,3,27,403,13118,0.19,0.914,116.1,1,0.895,2,77000,24,3593,67.7,1
R109334,8,20,395,9682,0.148,0.72,120.5,1,0.838,4,66000,36,2053,67.4,0
R109335,23,25,585,16754,0.227,0.858,153.1,1,0.868,16,55000,12,5133,81.5,0
R109336,3,17,317,9444,0.312,0.723,144.8,2,0.864,3,68000,24,3173,54.3,1
R109337,12,27,653,24179,0.347,0.823,148.3,1,0.838,10,59000,36,1836,68.5,1
R109338,22,19,393,14768,0.232,0.863,108.7,2,0.855,17,51000,30,1904,75.5,1
R109339,29,17,338,9034,0.325,0.687,122.8,1,0.862,16,76000,24,3547,66.4,0
R109340,9,26,605,18199,0.167,0.904,149.4,0,0.924,8,87000,30,3248,78.0,1
R109341,1,18,446,11322,0.257,0.736,127.0,1,0.874,1,99000,24,4620,59.9,0
R109342,20,29,700,29577,0.233,0.75,119.1,1,0.84,13,86000,18,5351,79.0,1
R109343,8,16,427,10298,0.277,0.69,119.3,2,0.789,6,69000,18,4293,60.2,1
R109344,15,26,474,11064,0.26,0.893,134.7,1,0.89,12,98000,24,4573,72.7,0
R109345,15,30,903,28539,0.22,0.911,138.4,1,0.842,10,75000,30,2800,83.1,0
R109346,5,23,509,12403,0.245,0.802,100.7,1,0.831,5,64000,30,2389,65.7,0
R109347,1,22,537,24275,0.282,0.748,124.4,0,0.904,1,92000,18,5724,61.2,0
R109348,11,24,588,17370,0.216,0.782,117.5,1,0.931,10,103000,24,4807,73.6,0
R109349,18,26,583,15178,0.287,0.82,117.6,1,0.839,16,59000,18,3671,73.7,1
R109350,21,18,445,16861,0.329,0.795,142.9,1,0.854,12,64000,30,2389,69.4,0
R109351,13,29,616,23128,0.299,0.902,167.1,0,0.931,9,97000,24,4527,74.1,1
R109352,17,27,662,26278,0.08,0.912,133.5,0,0.914,8,90000,30,3360,89.2,1
R109353,6,30,687,19333,0.277,0.801,138.5,1,0.949,5,86000,36,2676,70.2,1
R109354,22,24,562,13260,0.275,0.808,118.9,2,0.731,12,99000,24,4620,74.9,0
R109355,19,23,460,12173,0.313,0.753,105.3,1,0.874,11,103000,30,3845,68.5,0
R109356,16,23,398,13819,0.267,0.793,122.0,4,0.78,8,78000,24,3640,67.5,0
R109357,7,22,521,16229,0.247,0.89,167.6,0,0.888,3,116000,36,3609,69.4,0
R109358,11,17,366,13344,0.407,0.663,122.7,2,0.779,8,120000,36,3733,53.1,1
R109359,8,26,589,24691,0.236,0.909,153.7,0,0.949,4,71000,24,3313,74.0,0
R109360,9,22,673,18466,0.312,0.924,138.1,1,0.868,7,86000,30,3211,72.0,1
R109361,17,16,317,10466,0.5,0.589,91.6,2,0.746,10,64000,30,2389,48.3,0
R109362,16,30,546,10268,0.34,0.911,138.6,2,0.799,15,91000,30,3397,70.5,0
R109363,2,27,819,27800,0.235,0.762,110.8,1,0.83,1,52000,30,1941,70.3,1
R109364,6,15,377,15215,0.311,0.826,156.9,1,0.894,3,59000,18,3671,60.9,1
R109365,14,24,577,17650,0.327,0.749,159.0,1,0.884,10,78000,30,2912,67.6,1
R109366,9,22,597,12517,0.213,0.935,143.3,1,0.899,8,86000,12,8027,76.0,0
R109367,4,29,711,18967,0.252,0.919,158.0,0,0.935,4,63000,30,2352,73.7,1
R109368,20,23,448,12290,0.158,0.925,135.2,1,0.867,10,46000,18,2862,81.6,1
R109369,60,30,672,17518,0.186,0.947,161.3,0,0.938,33,96000,24,4480,89.3,1
R109370,4,13,269,8000,0.398,0.516,75.8,2,0.71,4,68000,30,2539,42.6,0
R109371,2,17,299,16110,0.252,0.758,91.6,1,0.811,2,80000,24,3733,56.7,0
R109372,27,17,358,8000,0.434,0.705,117.8,2,0.744,13,72000,18,4480,60.4,0
R109373,6,21,466,15810,0.178,0.746,148.5,1,0.814,4,100000,24,4667,66.9,0
R109374,17,24,627,20025,0.301,0.736,135.9,1,0.931,11,55000,30,2053,72.5,1
R109375,6,26,538,15030,0.266,0.7,99.4,2,0.852,4,84000,18,5227,63.2,1
R109376,31,22,470,16679,0.402,0.762,95.7,1,0.78,24,111000,24,5180,66.7,1
R109377,18,17,292,8750,0.389,0.681,110.3,2,0.779,15,71000,30,2651,57.2,1
R109378,6,23,480,10143,0.262,0.897,134.0,1,0.914,5,74000,18,4604,67.6,0
R109379,5,16,356,8000,0.301,0.851,108.8,1,0.826,3,71000,36,2209,59.9,1
R109380,5,14,352,11070,0.29,0.791,110.0,1,0.84,2,63000,36,1960,59.3,0
R109381,8,21,352,12520,0.401,0.712,86.4,4,0.672,5,65000,36,2022,51.2,0
R109382,21,21,549,19903,0.102,0.916,160.4,1,0.916,17,85000,36,2644,87.7,1
R109383,2,29,677,19430,0.189,0.919,118.5,0,0.919,2,82000,18,5102,74.7,0
R109384,6,19,413,8750,0.379,0.758,120.6,3,0.72,3,76000,30,2837,54.7,0
R109385,18,24,488,12233,0.232,0.74,134.7,2,0.808,11,55000,18,3422,72.3,1
R109386,19,24,541,17368,0.359,0.747,128.0,1,0.769,15,47000,30,1755,66.9,0
R109387,22,24,615,22878,0.236,0.724,121.8,1,0.942,21,72000,24,3360,78.6,0
R109388,3,16,298,8447,0.304,0.753,107.6,2,0.705,2,88000,24,4107,53.6,1
R109389,9,21,464,12394,0.324,0.699,126.8,1,0.831,8,68000,30,2539,60.0,0
R109390,6,22,497,9021,0.227,0.758,109.6,2,0.82,5,90000,24,4200,65.6,0
R109391,29,24,574,21709,0.295,0.816,137.1,2,0.863,21,82000,24,3827,77.1,0
R109392,12,18,317,8000,0.345,0.762,84.9,2,0.825,9,40000,36,1244,58.5,0
R109393,5,20,502,21577,0.287,0.916,101.7,1,0.847,3,52000,24,2427,66.2,0
R109394,28,21,516,15045,0.138,0.761,133.5,2,0.765,26,66000,12,6160,81.5,0
R109395,9,11,214,10538,0.412,0.625,107.1,4,0.634,7,73000,36,2271,45.8,0
R109396,11,27,692,16592,0.155,0.936,155.1,1,0.949,10,66000,12,6160,83.3,1
R109397,32,24,506,16130,0.129,0.876,118.6,1,0.896,20,98000,12,9147,85.9,1
R109398,12,18,557,15336,0.312,0.667,136.9,1,0.826,9,97000,24,4527,64.1,0
R109399,24,23,493,10558,0.222,0.939,126.4,0,0.957,16,91000,30,3397,82.6,0
R109400,8,23,621,19446,0.158,0.887,120.2,0,0.923,4,40000,24,1867,77.6,0
R109401,18,19,269,8000,0.414,0.714,95.4,3,0.753,11,83000,24,3873,55.6,0
R109402,12,24,517,9984,0.223,0.752,154.7,1,0.801,8,76000,18,4729,70.0,0
R109403,20,20,546,19311,0.414,0.734,123.7,2,0.836,9,89000,36,2769,65.2,0
R109404,11,18,285,8000,0.42,0.695,94.9,3,0.656,7,72000,24,3360,50.4,0
R109405,11,30,645,19826,0.296,0.95,135.1,0,0.981,5,79000,18,4916,75.4,1
R109406,23,27,730,16332,0.283,0.81,117.0,1,0.844,18,82000,24,3827,80.5,1
R109407,6,18,357,8531,0.139,0.853,119.6,2,0.803,5,75000,18,4667,69.1,0
R109408,7,21,546,19980,0.196,0.772,133.1,2,0.844,4,70000,24,3267,69.6,1
R109409,35,19,297,8000,0.392,0.54,99.4,3,0.639,28,58000,30,2165,55.9,0
R109410,6,23,577,10533,0.398,0.857,138.0,1,0.881,4,73000,30,2725,61.7,0
R109411,8,24,632,15648,0.283,0.922,149.1,0,0.86,5,46000,30,1717,71.7,1
R109412,6,22,366,8027,0.398,0.816,105.6,2,0.77,4,89000,12,8307,54.3,0
R109413,7,23,433,12084,0.155,0.879,122.3,0,0.935,7,75000,24,3500,72.7,0
R109414,3,30,709,22416,0.217,0.82,124.6,0,0.96,2,81000,30,3024,72.6,1
R109415,15,18,370,10339,0.313,0.729,61.3,2,0.718,15,51000,24,2380,62.1,0
R109416,17,30,701,15683,0.306,1.0,156.9,2,0.892,8,57000,24,2660,80.4,1
R109417,1,21,468,12683,0.296,0.866,171.1,2,0.79,1,54000,18,3360,60.8,1
R109418,8,18,406,13185,0.306,0.82,134.3,1,0.836,7,40000,12,3733,62.3,1
R109419,8,23,483,8000,0.157,0.946,158.0,2,0.944,7,64000,30,2389,76.2,1
R109420,4,18,393,13852,0.363,0.81,129.5,1,0.761,4,40000,24,1867,55.5,1
R109421,4,25,617,22973,0.288,0.745,133.9,1,0.88,3,89000,30,3323,64.5,0
R109422,8,18,472,16944,0.254,0.761,136.5,1,0.792,6,81000,18,5040,64.6,0
R109423,23,15,346,11496,0.314,0.763,113.2,2,0.805,12,116000,36,3609,67.6,0
R109424,13,20,493,19347,0.398,0.763,105.9,2,0.858,7,66000,36,2053,61.3,1
R109425,13,15,335,9289,0.29,0.771,94.0,1,0.851,8,76000,36,2364,63.3,0
R109426,7,17,446,9449,0.249,0.799,137.4,1,0.801,6,88000,30,3285,64.4,0
R109427,4,20,429,12410,0.332,0.815,104.2,1,0.815,2,67000,12,6253,58.7,1
R109428,32,25,499,11019,0.301,0.866,124.4,1,0.889,15,91000,24,4247,76.4,0
R109429,22,24,672,18974,0.213,0.954,142.9,1,0.934,18,85000,24,3967,86.7,1
R109430,21,25,603,17802,0.3,0.819,135.1,2,0.809,19,95000,30,3547,75.2,0
R109431,13,20,471,11722,0.197,0.901,146.9,1,0.854,8,57000,24,2660,75.0,1
R109432,20,24,408,8000,0.442,0.749,129.1,2,0.817,9,66000,24,3080,60.3,0
R109433,16,26,669,14214,0.187,0.794,142.8,2,0.875,15,66000,12,6160,80.0,1
R109434,5,21,480,9662,0.283,0.97,150.5,1,0.858,2,69000,24,3220,67.3,1
R109435,33,23,526,11226,0.233,0.979,138.8,3,0.906,19,46000,18,2862,83.6,0
R109436,20,17,459,13267,0.202,0.791,115.5,1,0.846,12,87000,24,4060,75.7,1
R109437,10,24,586,15803,0.265,0.77,145.8,1,0.776,9,80000,24,3733,67.9,1
R109438,4,18,395,10326,0.397,0.856,110.3,2,0.798,2,102000,24,4760,55.1,1
R109439,4,21,404,12041,0.194,0.821,113.4,1,0.933,2,45000,18,2800,66.6,0
R109440,13,24,634,15077,0.155,0.879,142.9,0,0.966,10,95000,36,2956,81.8,0
R109441,10,22,588,12846,0.133,1.0,150.4,0,0.973,7,70000,18,4356,82.9,1
R109442,7,20,695,20429,0.34,0.745,131.4,1,0.898,4,74000,36,2302,65.7,1
R109443,13,26,556,20163,0.23,0.853,171.6,0,0.955,9,76000,30,2837,75.0,0
R109444,11,18,464,12301,0.316,0.722,103.6,2,0.741,8,98000,24,4573,61.4,0
R109445,9,29,605,12330,0.165,0.938,140.4,0,0.919,4,79000,30,2949,79.0,0
R109446,4,25,498,11099,0.243,0.899,134.8,2,0.806,4,76000,30,2837,67.2,0
R109447,11,20,468,9678,0.246,0.892,159.3,1,0.889,5,67000,30,2501,70.9,1
R109448,25,19,431,12726,0.247,0.711,128.3,1,0.844,12,83000,24,3873,73.2,0
R109449,4,21,474,8746,0.176,0.841,131.3,1,0.903,2,57000,12,5320,69.4,0
R109450,24,24,497,16571,0.222,0.868,147.6,0,1.0,12,119000,18,7404,81.4,1
R109451,24,26,492,12504,0.247,0.877,137.4,2,0.871,13,51000,24,2380,79.1,0
R109452,12,16,184,8000,0.453,0.594,63.8,3,0.732,11,54000,24,2520,44.9,0
R109453,12,20,397,9128,0.231,0.827,138.4,0,0.945,8,61000,30,2277,69.9,0
R109454,12,16,369,13015,0.444,0.763,87.3,2,0.751,9,72000,30,2688,53.9,0
R109455,14,24,704,26480,0.223,0.785,172.6,0,0.941,12,40000,24,1867,78.0,1
R109456,8,25,551,12858,0.284,0.822,170.6,1,0.855,5,62000,24,2893,67.3,1
R109457,16,30,1000,29935,0.143,0.781,178.0,0,0.888,11,65000,30,2427,85.1,1
R109458,2,26,438,15427,0.121,0.891,135.5,2,0.931,1,77000,18,4791,71.5,1
R109459,39,20,499,19177,0.308,0.688,88.5,1,0.795,33,57000,30,2128,70.6,0
R109460,18,18,374,9849,0.271,0.846,120.7,1,0.826,15,99000,36,3080,70.0,1
R109461,13,28,755,27703,0.167,0.932,130.7,0,0.921,12,61000,24,2847,84.9,0
R109462,18,23,480,9698,0.302,0.821,137.6,1,0.883,10,72000,36,2240,70.7,0
R109463,12,18,387,9609,0.257,0.938,128.8,2,0.801,8,63000,30,2352,69.1,0
R109464,17,25,634,8000,0.257,0.811,161.9,0,0.879,13,109000,24,5087,76.1,1
R109465,12,13,298,9185,0.33,0.568,89.0,3,0.615,11,56000,30,2091,51.9,0
R109466,8,27,647,16503,0.237,0.847,149.1,0,0.936,4,75000,36,2333,73.7,1
R109467,15,25,532,20336,0.253,0.937,175.9,1,0.993,10,59000,36,1836,76.9,0
R109468,13,24,753,18742,0.358,0.929,150.2,0,0.941,6,85000,30,3173,75.0,1
R109469,16,17,478,12927,0.119,0.984,137.9,0,0.9,8,82000,36,2551,83.4,1
R109470,8,29,593,20130,0.218,0.923,134.9,0,0.936,6,65000,24,3033,74.7,1
R109471,3,22,446,17459,0.11,0.879,154.8,0,0.958,2,79000,24,3687,72.7,1
R109472,13,17,369,11438,0.251,0.726,121.2,2,0.807,7,80000,12,7467,64.3,0
R109473,17,24,486,26238,0.26,0.902,145.2,1,0.857,12,83000,18,5164,74.7,0
R109474,33,17,358,9807,0.415,0.606,101.5,2,0.69,26,82000,36,2551,58.4,0
R109475,15,29,679,22595,0.322,0.78,157.9,1,0.822,11,81000,30,3024,71.2,1
R109476,6,11,246,8000,0.396,0.752,91.9,2,0.74,3,48000,24,2240,49.3,0
R109477,23,23,550,14425,0.323,0.809,137.0,1,0.83,10,65000,12,6067,73.8,0
R109478,12,29,602,12177,0.225,0.874,179.2,0,0.933,9,88000,24,4107,76.1,1
R109479,23,23,656,21593,0.235,0.959,139.3,1,0.882,16,72000,24,3360,85.4,1
R109480,7,24,571,15228,0.278,0.898,139.7,1,0.963,4,60000,18,3733,70.5,1
R109481,10,30,829,14314,0.17,0.993,164.9,0,0.927,5,72000,24,3360,85.7,1
R109482,18,24,468,17701,0.306,0.778,129.3,0,0.95,13,47000,36,1462,70.2,0
R109483,20,23,397,13718,0.369,0.8,80.7,2,0.714,14,90000,24,4200,64.2,0
R109484,14,21,530,14138,0.34,0.492,116.5,2,0.751,9,96000,30,3584,58.1,1
R109485,16,25,652,18107,0.209,0.831,161.6,1,0.8,13,62000,18,3858,78.0,1
R109486,19,17,392,8121,0.374,0.765,123.9,3,0.719,11,80000,30,2987,62.7,1
R109487,11,17,304,8000,0.296,0.894,118.9,1,0.828,5,60000,18,3733,63.8,0
R109488,12,27,528,10274,0.254,0.892,132.7,1,0.882,6,62000,30,2315,72.7,1
R109489,32,19,268,9541,0.441,0.758,65.4,2,0.705,15,103000,30,3845,58.7,1
R109490,7,27,457,16454,0.184,0.895,146.1,0,0.994,4,75000,30,2800,72.9,0
R109491,4,19,402,10918,0.367,0.67,157.6,1,0.798,3,70000,36,2178,51.9,0
R109492,12,20,384,8689,0.118,0.773,117.5,1,0.837,8,46000,24,2147,72.9,0
R109493,12,28,698,23856,0.221,0.78,168.7,1,0.866,7,95000,24,4433,75.6,0
R109494,4,19,355,11242,0.342,0.679,80.2,3,0.735,4,48000,12,4480,52.2,0
R109495,11,16,301,8498,0.159,0.694,124.7,1,0.848,8,54000,12,5040,66.3,1
R109496,4,21,499,15818,0.369,0.832,123.0,1,0.802,3,43000,24,2007,58.3,1
R109497,7,20,435,8000,0.297,0.669,136.3,1,0.828,5,68000,30,2539,58.9,1
R109498,15,15,371,10816,0.306,0.791,122.8,1,0.876,8,104000,18,6471,65.1,1
R109499,4,22,630,15151,0.196,0.838,115.3,1,0.957,3,68000,30,2539,72.5,1
R109500,9,30,763,32006,0.333,0.789,151.2,2,0.868,8,68000,30,2539,70.0,1
R109501,2,14,346,8704,0.302,0.771,108.1,1,0.856,1,71000,24,3313,56.0,1
R109502,8,17,436,14670,0.356,0.857,101.8,2,0.851,6,77000,24,3593,61.0,0
R109503,23,16,441,11470,0.269,0.807,124.2,1,0.82,16,79000,24,3687,73.7,1
R109504,41,21,487,13223,0.237,0.837,131.9,0,0.996,31,54000,18,3360,79.8,0
R109505,10,17,382,15253,0.269,0.856,117.6,1,0.872,5,120000,36,3733,66.0,0
R109506,14,22,473,8584,0.237,0.891,146.7,0,0.913,10,91000,24,4247,73.8,0
R109507,5,28,609,20904,0.261,0.828,148.3,1,0.861,3,85000,30,3173,67.9,1
R109508,14,24,419,10245,0.178,0.776,120.9,2,0.856,9,83000,30,3099,71.8,0
R109509,25,24,582,23691,0.127,0.851,123.4,0,0.904,11,99000,24,4620,87.4,1
R109510,11,29,758,21249,0.2,0.871,117.7,0,0.918,8,92000,30,3435,80.7,0
R109511,21,22,516,18971,0.323,0.803,153.0,1,0.899,11,66000,24,3080,72.3,0
R109512,7,20,545,11254,0.268,0.865,115.9,1,0.897,5,76000,24,3547,68.7,0
R109513,3,24,622,16015,0.118,1.0,155.1,0,0.88,2,96000,30,3584,79.0,1
R109514,9,20,585,19974,0.194,0.853,140.9,1,0.894,5,86000,30,3211,74.3,1
R109515,7,12,239,8000,0.346,0.67,104.5,2,0.778,6,89000,24,4153,50.8,0
R109516,20,27,539,15837,0.191,0.932,159.3,1,0.968,13,84000,36,2613,83.2,1
R109517,20,26,502,15984,0.276,0.927,148.7,1,0.873,11,60000,24,2800,76.9,1
R109518,4,22,487,15110,0.223,0.96,146.8,0,1.0,2,68000,36,2116,71.4,1
R109519,15,27,784,23137,0.277,0.846,149.8,0,0.947,12,96000,18,5973,79.3,1
R109520,18,21,434,11550,0.33,0.615,100.0,2,0.716,12,79000,30,2949,61.4,0
R109521,8,23,420,11294,0.255,0.785,159.4,0,0.939,7,81000,30,3024,65.2,1
R109522,12,17,289,11891,0.406,0.775,117.3,3,0.743,9,114000,24,5320,54.4,0
R109523,17,20,339,10768,0.373,0.651,72.8,4,0.664,13,87000,18,5413,56.3,0
R109524,22,23,521,12730,0.147,0.756,138.3,1,0.786,18,79000,24,3687,79.8,1
R109525,12,30,712,23226,0.192,0.867,152.0,0,0.929,8,100000,36,3111,80.6,1
R109526,14,21,433,12292,0.454,0.77,77.6,2,0.8,8,94000,30,3509,57.4,0
R109527,18,20,476,13228,0.221,1.0,139.9,1,0.93,13,79000,30,2949,79.9,0
R109528,4,13,290,8000,0.391,0.622,110.9,4,0.673,4,46000,18,2862,45.9,0
R109529,1,14,315,9382,0.394,0.536,82.9,3,0.618,1,89000,36,2769,41.8,0
R109530,16,25,631,19038,0.231,0.845,150.6,1,0.911,8,90000,24,4200,78.2,1
R109531,13,23,502,14208,0.295,0.816,133.6,1,0.861,7,92000,24,4293,68.1,0
R109532,4,22,654,19500,0.29,0.836,146.0,1,0.752,4,74000,24,3453,66.3,0
R109533,17,15,374,11816,0.224,0.787,121.6,1,0.787,14,68000,36,2116,69.9,0
R109534,4,30,671,18636,0.137,0.917,142.1,0,0.962,3,75000,30,2800,78.8,0
R109535,12,24,647,18947,0.359,0.669,124.9,2,0.828,8,60000,30,2240,63.9,1
R109536,16,19,451,14847,0.264,0.819,135.1,1,0.908,13,70000,36,2178,71.4,1
R109537,20,27,654,16634,0.093,0.944,147.2,0,0.939,10,88000,18,5476,91.4,1
R109538,9,18,339,8000,0.362,0.718,114.0,2,0.702,6,68000,30,2539,54.1,0
R109539,20,23,528,9791,0.388,0.795,135.3,1,0.89,14,67000,24,3127,68.0,0
R109540,10,30,733,22621,0.196,1.0,158.4,0,0.98,6,108000,24,5040,83.0,0
R109541,6,27,619,22416,0.195,0.857,124.2,1,0.87,4,68000,30,2539,73.1,1
R109542,7,28,653,21771,0.174,0.949,149.0,1,0.943,4,62000,30,2315,78.9,1
R109543,8,23,531,20245,0.332,0.836,138.1,1,0.891,4,58000,18,3609,64.8,0
R109544,1,17,454,15790,0.401,0.683,75.3,2,0.734,1,72000,36,2240,49.5,0
R109545,18,24,578,13269,0.174,0.906,153.2,1,0.889,15,58000,36,1804,82.1,1
R109546,14,28,700,18293,0.354,0.717,109.2,2,0.821,9,81000,18,5040,68.1,0
R109547,7,23,563,14403,0.248,0.859,134.3,1,0.859,4,50000,24,2333,69.7,1
R109548,15,20,532,15023,0.294,0.718,87.2,2,0.747,11,42000,24,1960,66.8,1
R109549,4,23,708,20632,0.345,0.723,150.5,1,0.82,3,64000,18,3982,62.5,0
R109550,15,16,333,9265,0.389,0.618,84.2,2,0.803,10,80000,24,3733,55.1,0
R109551,17,24,433,8000,0.205,0.803,92.3,1,0.883,11,97000,36,3018,73.9,1
R109552,3,24,465,12344,0.259,1.0,167.8,0,0.899,2,81000,18,5040,68.3,0
R109553,19,17,401,8877,0.181,0.842,86.1,3,0.762,13,74000,24,3453,75.0,0
R109554,10,23,538,14613,0.297,0.547,106.3,1,0.83,9,40000,18,2489,60.0,0
R109555,10,20,402,15374,0.392,0.873,108.9,3,0.908,5,96000,36,2987,60.6,1
R109556,3,19,493,10370,0.537,0.654,108.0,2,0.703,2,58000,36,1804,43.8,0
R109557,21,21,435,15442,0.317,0.671,120.8,2,0.755,10,65000,30,2427,65.6,0
R109558,21,22,408,14892,0.543,0.693,116.7,2,0.725,19,40000,24,1867,53.4,0
R109559,27,25,639,21036,0.289,0.806,154.8,1,0.957,16,77000,18,4791,79.7,0
R109560,22,17,447,13718,0.323,0.717,121.5,2,0.846,11,120000,18,7467,68.6,0
R109561,12,24,487,9712,0.321,0.762,113.6,2,0.832,7,72000,30,2688,64.6,0
R109562,14,28,865,18150,0.193,0.813,146.5,0,0.904,6,61000,36,1898,81.9,1
R109563,2,26,626,14051,0.303,0.836,149.0,1,0.807,1,72000,18,4480,63.8,1
R109564,1,23,576,18343,0.291,0.747,123.0,1,0.794,1,96000,24,4480,60.7,0
R109565,10,18,443,11644,0.303,0.843,115.1,2,0.736,5,91000,18,5662,64.1,1
R109566,10,26,672,18186,0.238,0.848,135.0,1,0.817,7,67000,24,3127,74.1,1
R109567,5,17,422,8840,0.203,0.802,117.3,1,0.788,3,94000,36,2924,65.4,0
R109568,10,21,629,22421,0.216,0.862,147.4,1,0.883,8,102000,24,4760,75.5,1
R109569,6,22,451,11731,0.226,0.951,144.9,0,0.929,4,94000,24,4387,70.5,1
R109570,21,17,422,9376,0.291,0.766,125.9,1,0.852,17,62000,24,2893,70.1,0
R109571,12,24,555,14466,0.313,0.896,123.6,1,0.923,5,88000,24,4107,70.5,0
R109572,7,14,321,9526,0.503,0.571,78.2,5,0.581,4,71000,18,4418,40.1,0
R109573,21,24,653,19304,0.308,0.829,105.2,2,0.724,14,77000,24,3593,75.3,0
R109574,4,21,474,18577,0.354,0.693,104.3,2,0.682,2,62000,30,2315,54.0,0
R109575,34,21,540,11398,0.336,0.693,112.0,1,0.756,23,49000,36,1524,69.9,0
R109576,13,27,680,17064,0.211,0.869,130.1,1,0.924,7,65000,36,2022,79.1,0
R109577,10,20,533,18236,0.29,0.741,111.2,3,0.723,5,49000,30,1829,64.3,0
R109578,3,19,362,15362,0.28,0.684,102.1,2,0.698,3,57000,30,2128,54.3,0
R109579,11,25,477,12061,0.195,0.858,139.1,1,0.915,6,72000,24,3360,73.3,1
R109580,9,22,513,16403,0.316,0.683,126.0,1,0.831,8,66000,24,3080,61.7,0
R109581,16,24,708,20348,0.189,0.799,132.8,1,0.869,9,54000,36,1680,80.8,0
R109582,10,20,388,9243,0.411,0.722,75.3,3,0.724,5,50000,30,1867,53.8,1
R109583,4,15,337,8000,0.551,0.734,121.5,3,0.687,3,79000,24,3687,41.4,0
R109584,9,25,740,19996,0.16,0.887,145.1,2,0.971,7,86000,18,5351,81.8,1
R109585,6,27,701,21223,0.206,0.904,168.3,0,0.898,4,72000,36,2240,76.4,0
R109586,4,23,673,17600,0.192,0.958,151.9,1,0.815,2,71000,24,3313,75.4,1
R109587,23,14,261,8000,0.45,0.569,65.6,2,0.759,16,55000,18,3422,53.2,0
R109588,2,22,543,15992,0.325,0.631,93.6,2,0.794,2,58000,24,2707,55.9,1
R109589,21,20,443,13278,0.272,0.797,129.3,1,0.765,17,82000,12,7653,71.8,1
R109590,11,26,613,22059,0.113,0.966,130.5,1,0.837,9,52000,24,2427,83.2,1
R109591,17,24,532,8000,0.24,0.913,150.0,1,0.947,10,72000,30,2688,77.9,0
R109592,24,18,260,8562,0.359,0.582,86.6,3,0.635,19,63000,18,3920,57.7,0
R109593,7,24,554,8000,0.185,0.907,173.9,2,0.813,5,56000,30,2091,73.4,1
R109594,12,19,343,8000,0.388,0.772,126.6,1,0.872,9,65000,36,2022,57.7,1
R109595,7,22,489,13970,0.171,0.988,127.5,0,0.988,5,101000,12,9427,76.6,0
R109596,9,26,768,21212,0.288,0.794,127.5,1,0.765,6,79000,36,2458,71.7,0
R109597,16,25,761,22323,0.214,0.854,160.7,0,0.983,10,116000,30,4331,83.4,1
R109598,11,23,763,24873,0.21,0.849,142.6,1,0.934,8,72000,18,4480,79.4,1
R109599,12,20,452,11771,0.334,0.793,130.3,1,0.793,9,81000,24,3780,62.9,0
R109600,5,23,589,14851,0.368,0.788,123.3,2,0.843,5,40000,24,1867,60.9,0
R109601,10,21,453,18281,0.298,0.838,138.6,1,0.805,6,62000,18,3858,65.2,0
R109602,8,23,632,21189,0.206,0.757,131.7,1,0.826,7,58000,24,2707,71.3,0
R109603,11,22,485,8000,0.355,0.837,129.8,2,0.857,6,62000,18,3858,64.0,1
R109604,5,23,487,15787,0.201,0.816,114.2,2,0.882,4,91000,30,3397,68.1,1
R109605,7,25,636,22286,0.127,0.819,135.0,1,0.84,4,78000,24,3640,76.6,1
R109606,13,24,515,13459,0.18,0.903,111.3,1,0.868,12,47000,30,1755,77.0,0
R109607,16,30,789,27923,0.161,0.948,138.6,2,0.823,8,53000,36,1649,87.3,1
R109608,12,24,550,14429,0.313,0.837,114.1,2,0.803,8,76000,30,2837,68.0,0
R109609,9,21,480,8000,0.28,0.714,115.5,1,0.915,7,73000,24,3407,64.0,0
R109610,7,15,354,8530,0.438,0.603,80.3,2,0.728,5,95000,30,3547,46.5,0
R109611,2,23,645,14075,0.23,0.797,155.3,3,0.86,1,46000,24,2147,68.1,0
R109612,23,24,501,15667,0.386,0.828,147.0,1,0.835,15,88000,24,4107,70.1,0
R109613,20,19,308,10689,0.309,0.842,121.4,3,0.691,19,88000,30,3285,66.3,0
R109614,25,18,292,8000,0.444,0.758,119.4,2,0.731,13,59000,24,2753,59.4,0
R109615,25,24,533,14406,0.269,0.835,111.8,1,0.863,17,68000,30,2539,77.9,0
R109616,13,24,474,18803,0.304,0.786,117.1,1,0.918,11,92000,18,5724,67.2,1
R109617,39,25,663,25682,0.08,0.86,107.1,1,0.931,33,40000,12,3733,92.4,1
R109618,10,19,309,11654,0.496,0.675,94.9,2,0.734,8,82000,12,7653,46.0,0
R109619,12,21,427,14944,0.224,0.826,145.6,1,0.86,11,89000,36,2769,69.7,0
R109620,7,25,690,26062,0.267,0.892,145.9,1,0.972,5,75000,24,3500,73.7,0
R109621,4,21,496,14600,0.295,0.686,91.4,3,0.712,3,76000,18,4729,57.7,0
R109622,8,27,601,21590,0.137,0.877,128.9,1,0.964,4,46000,30,1717,78.4,1
R109623,7,26,631,15141,0.307,0.897,145.0,1,0.904,4,43000,24,2007,69.9,0
R109624,17,19,367,12582,0.258,0.857,114.5,1,0.902,9,71000,36,2209,71.0,1
R109625,12,22,509,11318,0.303,0.83,131.6,1,0.84,8,96000,30,3584,67.9,0
R109626,15,20,515,14626,0.307,0.718,124.5,1,0.877,13,69000,36,2147,66.9,1
R109627,13,24,616,11885,0.14,0.663,126.6,1,0.875,10,80000,36,2489,75.9,0
R109628,14,30,704,13745,0.1,0.858,138.7,0,0.993,9,50000,18,3111,86.4,1
R109629,7,24,633,21479,0.08,0.806,152.3,0,0.946,5,71000,36,2209,79.8,1
R109630,13,23,648,19517,0.195,0.842,122.7,3,0.833,9,49000,30,1829,77.7,0
R109631,18,24,601,17088,0.31,0.848,158.5,1,0.879,14,97000,12,9053,74.1,1
R109632,23,23,558,12258,0.332,0.806,146.0,1,0.864,12,57000,24,2660,73.6,0
R109633,20,18,326,8039,0.468,0.711,102.4,2,0.819,14,68000,24,3173,56.3,0
R109634,16,22,477,11225,0.285,1.0,170.0,1,0.879,15,74000,24,3453,75.0,0
R109635,12,18,433,8000,0.259,0.955,135.6,1,0.9,6,69000,36,2147,72.0,0
R109636,8,23,532,15677,0.326,0.86,159.0,1,0.918,4,70000,24,3267,66.2,1
R109637,14,25,649,17521,0.145,1.0,169.5,0,0.876,9,76000,24,3547,85.0,0
R109638,26,24,571,9613,0.333,0.883,138.5,0,0.857,13,68000,24,3173,76.6,1
R109639,9,17,330,11054,0.365,0.656,85.1,2,0.812,7,95000,36,2956,53.5,1
R109640,30,28,628,13776,0.221,0.912,145.7,0,0.972,27,95000,24,4433,85.8,1
R109641,14,22,509,8000,0.291,0.738,136.5,2,0.831,7,42000,30,1568,67.1,1
R109642,23,20,425,13505,0.477,0.555,93.3,2,0.734,13,68000,24,3173,55.5,1
R109643,7,25,566,21390,0.423,0.682,121.9,2,0.813,7,86000,18,5351,55.9,0
R109644,7,25,619,8913,0.225,0.829,123.6,1,0.799,3,64000,36,1991,70.8,0
R109645,4,21,378,8000,0.436,0.684,104.9,2,0.73,3,102000,36,3173,47.6,0
R109646,26,24,731,26997,0.166,0.867,144.6,0,0.945,22,65000,18,4044,89.9,1
R109647,14,28,862,20057,0.209,0.918,126.1,0,1.0,13,41000,36,1276,84.8,1
R109648,18,22,451,11893,0.313,0.679,127.2,1,0.811,17,60000,36,1867,65.2,0
R109649,12,23,424,11724,0.426,0.639,92.1,2,0.764,8,70000,24,3267,53.3,1
R109650,12,24,581,19446,0.155,0.872,128.9,1,0.805,10,69000,24,3220,78.2,0
R109651,4,26,438,12243,0.18,0.925,144.3,1,0.823,3,45000,18,2800,69.3,1
R109652,14,21,416,8605,0.326,0.671,154.1,2,0.778,10,51000,36,1587,60.8,0
R109653,19,21,390,8000,0.21,0.697,148.0,2,0.802,18,63000,30,2352,70.3,0
R109654,2,23,460,15095,0.311,0.77,121.7,3,0.777,2,57000,30,2128,57.5,1
R109655,8,25,595,21069,0.26,0.961,176.3,1,0.854,4,106000,18,6596,73.1,0
R109656,6,20,525,13685,0.386,0.725,82.9,2,0.773,4,76000,36,2364,56.7,1
R109657,16,19,440,12856,0.266,0.832,135.5,2,0.881,13,106000,12,9893,70.8,1
R109658,15,24,767,14143,0.219,0.8,121.4,1,0.928,9,92000,24,4293,80.8,1
R109659,18,17,519,15562,0.416,0.792,111.9,2,0.796,14,89000,24,4153,64.2,0
R109660,1,25,516,9893,0.333,0.959,141.2,1,0.89,1,58000,24,2707,63.1,1
R109661,12,13,253,8000,0.374,0.857,132.3,1,0.84,8,82000,30,3061,58.1,0
R109662,2,20,578,18712,0.249,0.85,143.1,0,0.937,2,109000,30,4069,67.7,1
R109663,14,20,433,15923,0.272,0.634,111.0,2,0.788,12,89000,24,4153,62.9,0
R109664,4,25,571,16062,0.12,0.936,134.2,0,0.972,3,78000,24,3640,77.6,0
R109665,15,21,396,12264,0.372,0.719,82.6,2,0.837,11,91000,18,5662,60.4,0
R109666,4,20,290,8000,0.345,0.7,98.8,2,0.708,3,47000,24,2193,50.3,0
R109667,5,28,901,23910,0.117,0.935,152.8,0,0.889,4,60000,24,2800,83.6,1
R109668,22,30,703,17640,0.08,0.993,169.6,0,0.934,18,102000,18,6347,95.4,1
R109669,10,23,579,16790,0.339,0.76,112.3,1,0.831,9,101000,18,6284,64.6,1
R109670,10,25,564,14559,0.356,0.856,106.1,1,0.827,5,68000,36,2116,65.8,1
R109671,5,21,444,12259,0.401,0.916,105.8,1,0.831,4,40000,18,2489,58.6,1
R109672,20,21,450,13269,0.282,0.808,136.2,1,0.897,12,42000,36,1307,72.5,0
R109673,14,24,658,14985,0.186,0.885,146.2,0,0.939,9,84000,18,5227,81.1,0
R109674,13,21,516,9132,0.157,0.78,111.3,1,0.823,11,67000,30,2501,74.9,0
R109675,4,17,422,8000,0.475,0.652,99.2,3,0.746,3,56000,36,1742,46.3,0
R109676,12,23,474,9314,0.308,0.807,135.6,3,0.738,10,89000,36,2769,64.8,1
R109677,43,21,449,11003,0.332,0.737,102.4,3,0.768,41,67000,24,3127,69.1,0
R109678,7,28,831,21442,0.172,0.891,155.2,0,0.977,4,48000,12,4480,81.4,1
R109679,21,25,555,16381,0.305,0.805,124.8,1,0.766,19,77000,24,3593,73.2,0
R109680,2,21,431,8000,0.33,0.76,141.4,1,0.84,1,84000,24,3920,56.0,0
R109681,17,16,363,8000,0.387,0.639,92.6,2,0.75,17,48000,36,1493,57.3,0
R109682,14,21,433,13337,0.112,0.843,137.5,0,0.927,14,52000,24,2427,78.5,1
R109683,10,22,483,15082,0.296,0.86,129.6,2,0.813,6,56000,30,2091,66.3,1
R109684,14,20,382,15184,0.3,0.81,153.3,2,0.832,6,81000,30,3024,65.2,1
R109685,14,24,662,16768,0.17,0.916,183.2,0,1.0,10,91000,18,5662,83.6,1
R109686,14,22,588,13224,0.352,0.775,121.5,1,0.841,7,56000,18,3484,67.0,0
R109687,8,25,538,12738,0.234,0.841,108.2,3,0.845,6,63000,18,3920,70.1,1
R109688,8,21,494,9815,0.333,0.712,121.0,2,0.768,5,47000,24,2193,59.3,0
R109689,6,23,631,18071,0.175,0.734,93.5,1,0.864,4,78000,24,3640,71.5,1
R109690,3,21,470,16546,0.263,0.757,95.6,1,0.813,3,63000,30,2352,61.2,1
R109691,10,21,473,19280,0.299,0.922,117.1,2,0.785,6,78000,36,2427,67.7,0
R109692,20,28,697,12687,0.184,0.87,141.1,1,0.918,13,70000,24,3267,85.2,1
R109693,7,19,460,11216,0.293,0.797,110.7,1,0.832,5,76000,30,2837,63.2,0
R109694,4,19,359,10791,0.273,0.604,94.6,2,0.699,3,40000,24,1867,53.7,0
R109695,6,19,499,8897,0.353,0.711,114.5,1,0.847,3,71000,24,3313,58.2,0
R109696,12,18,370,14862,0.212,0.753,150.9,0,0.925,8,79000,36,2458,67.6,1
R109697,12,21,464,14732,0.434,0.71,99.2,2,0.8,10,40000,12,3733,55.9,0
R109698,6,22,459,9556,0.253,0.822,134.2,2,0.907,4,96000,24,4480,65.5,0
R109699,11,25,668,22306,0.338,0.793,120.1,1,0.817,9,92000,12,8587,67.7,1
R109700,9,27,684,19229,0.274,0.852,148.6,0,0.916,8,93000,24,4340,73.2,1
R109701,15,21,501,12623,0.307,0.812,121.6,1,0.893,12,74000,36,2302,69.3,1
R109702,25,26,466,10064,0.316,0.806,135.9,1,0.863,17,89000,30,3323,73.0,0
R109703,7,16,398,9829,0.284,0.774,125.0,1,0.885,5,108000,18,6720,62.0,1
R109704,6,15,250,8000,0.446,0.536,61.4,3,0.639,4,52000,24,2427,40.8,0
R109705,11,30,867,30819,0.267,0.957,156.2,0,0.897,8,95000,30,3547,80.2,1
R109706,13,21,467,12602,0.213,0.857,157.3,1,0.907,10,77000,24,3593,73.3,1
R109707,16,24,419,8000,0.34,0.753,107.7,2,0.743,11,40000,18,2489,62.9,0
R109708,3,24,570,12859,0.306,0.777,148.1,1,0.937,2,78000,30,2912,62.9,0
R109709,33,24,612,12956,0.346,0.929,131.7,1,0.863,31,87000,24,4060,78.2,1
R109710,9,27,508,16288,0.352,0.883,124.9,1,0.883,7,91000,36,2831,64.7,1
R109711,7,22,384,19694,0.416,0.717,118.2,2,0.803,6,85000,30,3173,52.1,0
R109712,4,18,423,9050,0.295,0.789,126.9,1,0.775,2,91000,18,5662,59.5,1
R109713,8,9,202,8000,0.413,0.656,116.2,2,0.745,5,81000,36,2520,46.1,1
R109714,3,19,433,11616,0.44,0.824,111.1,2,0.794,3,54000,18,3360,52.4,0
R109715,21,19,503,14656,0.356,0.765,142.1,1,0.751,13,73000,24,3407,68.0,0
R109716,10,17,378,10361,0.433,0.702,129.6,1,0.825,7,88000,30,3285,52.6,1
R109717,7,24,590,17884,0.259,0.951,173.4,1,0.92,6,71000,18,4418,72.4,1
R109718,19,14,348,8000,0.226,0.794,138.6,1,0.767,8,70000,18,4356,70.3,0
R109719,9,20,465,13993,0.239,0.707,133.9,1,0.847,8,46000,18,2862,65.1,0
R109720,6,27,755,22501,0.102,0.961,138.2,0,0.965,4,81000,36,2520,85.4,1
R109721,27,24,587,16265,0.292,0.76,139.6,1,0.807,25,90000,30,3360,75.6,1
R109722,8,23,638,17177,0.167,0.892,156.8,0,0.914,5,80000,36,2489,77.7,1
R109723,2,25,391,13818,0.225,0.876,106.8,1,0.839,2,80000,24,3733,63.6,1
R109724,11,17,417,12567,0.195,0.93,166.2,0,0.972,8,71000,12,6627,73.9,1
R109725,10,24,596,15137,0.19,0.978,136.5,2,0.913,8,93000,24,4340,78.7,0
R109726,7,24,649,21400,0.223,0.731,124.1,1,0.871,6,115000,30,4293,69.8,0
R109727,6,23,557,18328,0.362,0.839,151.9,1,0.862,5,68000,24,3173,62.4,0
R109728,11,17,442,12135,0.341,0.631,93.0,2,0.797,6,94000,24,4387,58.0,0
R109729,8,19,536,11637,0.169,0.951,125.7,1,0.896,4,59000,24,2753,76.4,1
R109730,9,27,622,16336,0.392,0.836,122.3,1,0.871,5,65000,18,4044,64.2,1
R109731,13,27,785,23769,0.239,0.76,115.4,1,0.881,10,52000,36,1618,77.0,1
R109732,8,24,575,14667,0.339,0.945,121.2,1,0.762,4,90000,12,8400,67.2,1
R109733,7,26,487,12824,0.204,0.826,112.3,1,0.865,4,72000,24,3360,69.3,0
R109734,16,20,331,11277,0.345,0.712,85.4,2,0.862,9,49000,24,2287,60.7,0
R109735,8,23,477,8637,0.354,0.598,127.8,1,0.852,4,95000,30,3547,55.9,1
R109736,7,17,337,8058,0.403,0.593,99.6,3,0.723,4,51000,12,4760,47.6,0
R109737,4,20,455,11591,0.401,0.833,119.6,1,0.813,3,87000,30,3248,55.8,1
R109738,6,17,370,10894,0.371,0.756,97.9,2,0.765,4,79000,18,4916,53.9,0
R109739,4,29,905,21945,0.217,0.962,152.6,1,0.926,4,40000,24,1867,78.8,0
R109740,4,29,647,16409,0.336,0.826,172.3,1,0.876,3,74000,36,2302,64.3,0
R109741,6,25,765,21999,0.365,0.767,129.3,1,0.807,3,67000,24,3127,65.1,0
R109742,13,24,678,16762,0.267,0.819,131.3,1,0.867,11,45000,36,1400,74.3,0
R109743,10,16,367,9888,0.317,0.593,65.4,3,0.693,9,87000,36,2707,54.9,0
R109744,8,25,650,15915,0.38,0.847,138.9,1,0.897,6,73000,24,3407,65.8,0
R109745,14,11,217,8000,0.329,0.688,94.7,2,0.834,8,80000,30,2987,56.5,1
R109746,7,25,677,22082,0.08,0.94,161.8,0,0.98,6,62000,36,1929,84.6,0
R109747,12,24,571,15525,0.332,0.885,145.2,0,0.93,8,85000,12,7933,70.1,1
R109748,15,15,336,12649,0.39,0.779,125.9,3,0.75,9,62000,24,2893,58.7,1
R109749,2,25,744,20014,0.291,0.924,145.4,1,0.899,2,98000,30,3659,70.8,0
R109750,10,28,870,20629,0.169,0.922,133.3,0,0.963,5,82000,18,5102,84.4,1
R109751,13,12,217,8615,0.396,0.839,117.5,2,0.732,10,62000,36,1929,55.5,0
R109752,13,27,590,16602,0.342,0.969,177.7,0,0.937,7,88000,24,4107,72.6,0
R109753,11,27,727,16866,0.223,0.814,152.1,1,0.897,5,76000,24,3547,76.6,0
R109754,7,22,495,10759,0.176,0.954,107.2,0,0.89,5,87000,24,4060,74.6,1
R109755,9,16,325,8000,0.328,0.76,135.7,3,0.745,4,52000,24,2427,57.1,1
R109756,3,22,689,20583,0.107,0.951,128.1,1,0.931,1,40000,30,1493,80.5,0
R109757,22,24,398,13455,0.227,0.724,113.0,1,0.888,20,76000,30,2837,73.0,0
R109758,2,19,495,12295,0.393,0.813,93.8,2,0.74,2,60000,36,1867,55.1,0
R109759,6,17,440,14648,0.318,0.77,127.7,2,0.805,3,86000,18,5351,59.7,0
R109760,10,27,752,28379,0.308,0.835,113.5,1,0.848,10,89000,24,4153,72.5,0
R109761,4,21,543,14868,0.394,0.786,101.9,2,0.76,3,57000,18,3547,56.6,1
R109762,9,21,647,19499,0.251,0.844,121.1,2,0.843,6,104000,24,4853,72.1,0
R109763,16,30,850,23130,0.123,0.936,167.8,1,0.906,8,79000,18,4916,90.2,1
R109764,14,24,534,17009,0.254,0.872,141.6,2,0.815,10,66000,36,2053,73.2,0
R109765,10,20,391,8784,0.319,0.727,92.4,1,0.795,6,93000,12,8680,59.6,0
R109766,11,26,755,21937,0.269,1.0,135.7,0,0.897,8,89000,24,4153,80.0,1
R109767,1,19,345,8000,0.374,0.788,90.4,2,0.797,1,70000,36,2178,51.5,0
R109768,5,22,476,12765,0.134,0.765,116.8,1,0.822,3,50000,36,1556,69.2,1
R109769,7,18,348,11933,0.297,0.66,94.7,2,0.696,4,52000,36,1618,54.9,0
R109770,8,30,855,29167,0.296,0.828,141.7,0,0.906,7,73000,18,4542,73.5,1
R109771,16,23,621,18144,0.148,0.919,124.4,1,0.822,12,89000,18,5538,83.4,1
R109772,28,23,525,12406,0.379,0.709,131.8,1,0.803,25,40000,24,1867,68.1,0
R109773,9,21,633,24259,0.08,0.909,153.2,2,0.888,8,74000,18,4604,83.0,0
R109774,9,26,562,16635,0.353,0.857,128.4,0,0.914,8,70000,36,2178,65.6,0
R109775,10,25,519,17391,0.33,0.795,135.6,2,0.84,6,92000,30,3435,64.4,0
R109776,6,23,418,8328,0.352,0.772,134.5,1,0.87,3,40000,24,1867,57.8,0
R109777,24,19,331,8447,0.334,0.777,113.3,1,0.813,21,79000,24,3687,67.4,0
R109778,5,20,447,8897,0.41,0.696,126.4,1,0.846,4,59000,30,2203,53.0,1
R109779,6,25,561,15112,0.348,0.916,115.7,1,0.884,3,78000,24,3640,65.1,1
R109780,7,19,429,11684,0.338,0.718,84.5,2,0.789,4,120000,36,3733,57.3,0
R109781,26,20,497,11842,0.19,0.767,111.8,1,0.813,22,105000,36,3267,78.9,0
R109782,13,19,368,13611,0.27,0.674,106.5,3,0.701,12,78000,24,3640,61.4,0
R109783,10,19,380,13253,0.23,0.802,112.3,2,0.773,9,43000,30,1605,65.6,1
R109784,8,29,804,16942,0.116,0.911,151.9,0,0.96,7,62000,24,2893,85.6,1
R109785,10,24,495,10489,0.33,0.978,174.1,0,0.906,6,96000,18,5973,68.7,1
R109786,5,21,509,12579,0.306,0.788,83.5,2,0.817,2,67000,24,3127,61.6,0
R109787,2,25,647,23673,0.308,0.706,139.6,1,0.858,1,52000,36,1618,61.5,1
R109788,17,15,263,8000,0.206,0.771,100.1,1,0.897,11,74000,24,3453,69.1,1
R109789,4,23,544,11171,0.235,0.821,147.9,1,0.892,4,70000,36,2178,67.4,0
R109790,23,17,429,13499,0.299,0.622,110.6,1,0.907,19,98000,24,4573,68.3,0
R109791,14,12,293,8089,0.384,0.677,92.7,2,0.8,8,56000,12,5227,54.8,0
R109792,9,19,363,13536,0.25,0.68,94.8,2,0.757,6,59000,30,2203,60.2,0
R109793,13,24,510,13781,0.298,0.837,114.8,1,0.922,8,84000,36,2613,69.5,1
R109794,11,18,370,8516,0.337,0.829,110.3,1,0.883,7,80000,24,3733,62.1,0
R109795,10,26,703,20396,0.184,0.951,147.4,0,0.871,6,77000,24,3593,80.6,1
R109796,10,22,439,9599,0.08,0.897,135.3,0,0.882,6,77000,24,3593,78.6,1
R109797,18,24,629,19641,0.286,0.723,120.4,1,0.857,15,114000,30,4256,72.5,1
R109798,13,30,795,23508,0.252,0.868,147.3,1,0.867,8,59000,30,2203,79.4,1
R109799,9,25,562,23818,0.288,0.816,124.5,1,0.929,6,68000,24,3173,68.5,1
R109800,16,19,429,15476,0.197,0.754,131.6,1,0.866,10,101000,24,4713,71.9,0
R109801,25,21,505,14243,0.422,0.896,113.0,1,0.817,19,64000,12,5973,70.2,0
R109802,9,25,680,17656,0.169,0.911,157.1,0,0.886,7,95000,24,4433,79.6,0
R109803,6,20,605,16458,0.451,0.682,143.5,1,0.858,5,81000,24,3780,55.1,0
R109804,16,25,551,15764,0.158,0.888,139.0,0,0.856,8,44000,30,1643,80.7,1
R109805,9,18,377,13708,0.377,0.847,100.6,3,0.698,8,61000,18,3796,57.7,0
R109806,20,22,484,15652,0.08,0.885,160.3,0,0.941,11,76000,12,7093,85.9,1
R109807,5,24,696,20637,0.267,0.681,126.4,2,0.747,3,43000,30,1605,64.9,0
R109808,7,22,398,8000,0.351,0.691,112.7,3,0.725,4,76000,18,4729,54.8,0
R109809,30,21,455,15895,0.309,0.937,114.2,1,0.819,20,58000,18,3609,75.9,0
R109810,7,24,485,11481,0.234,0.805,140.9,2,0.88,7,57000,30,2128,67.4,0
R109811,20,11,152,8000,0.383,0.746,93.6,3,0.652,9,120000,24,5600,55.5,0
R109812,6,18,328,14304,0.445,0.69,105.4,2,0.775,5,99000,36,3080,47.8,0
R109813,16,28,616,16819,0.238,0.944,118.1,1,0.874,10,93000,36,2893,79.2,0
R109814,5,22,485,18628,0.307,0.72,104.1,3,0.78,5,46000,12,4293,59.3,0
R109815,17,22,453,12219,0.313,0.786,110.3,2,0.836,9,49000,36,1524,67.5,1
R109816,8,20,328,12174,0.32,0.798,124.4,1,0.861,8,86000,18,5351,59.4,0
R109817,7,23,360,8343,0.218,0.835,142.6,0,0.923,6,40000,30,1493,66.4,0
R109818,9,21,403,14593,0.336,0.714,111.6,1,0.774,7,57000,30,2128,57.5,1
R109819,10,22,482,16779,0.25,0.712,93.0,2,0.841,8,57000,12,5320,65.7,0
R109820,12,23,533,10104,0.366,0.975,149.4,0,0.947,11,65000,18,4044,69.3,1
R109821,4,24,543,21596,0.241,0.696,109.5,1,0.862,2,94000,18,5849,63.8,1
R109822,12,21,512,13238,0.176,0.786,147.8,1,0.895,7,101000,18,6284,74.1,0
R109823,3,17,277,9081,0.377,0.794,77.8,2,0.756,3,86000,18,5351,50.9,0
R109824,18,14,205,8000,0.311,0.662,121.0,2,0.74,11,51000,30,1904,58.3,0
R109825,13,26,572,16890,0.182,0.833,189.8,0,0.989,11,54000,24,2520,77.7,1
R109826,13,26,617,21088,0.281,0.948,165.4,1,0.883,8,96000,24,4480,75.4,1
R109827,17,27,730,24030,0.203,0.904,149.7,1,0.945,15,88000,24,4107,84.2,1
R109828,13,22,498,11199,0.25,0.74,107.9,1,0.81,8,94000,24,4387,68.3,0
R109829,26,28,587,15155,0.105,0.872,141.3,0,0.883,24,55000,30,2053,89.0,1
R109830,5,29,769,23829,0.298,0.791,124.7,2,0.752,3,66000,24,3080,68.4,0
R109831,4,26,639,18923,0.183,0.715,146.6,1,0.83,2,97000,18,6036,69.3,0
R109832,26,16,394,8008,0.21,0.776,127.1,1,0.819,20,90000,18,5600,75.6,0
R109833,13,23,601,15425,0.266,0.916,185.0,1,0.823,7,90000,18,5600,74.6,0
R109834,14,23,466,10759,0.306,0.889,130.7,1,0.89,6,83000,24,3873,69.7,1
R109835,5,16,461,10182,0.257,0.741,112.6,1,0.792,4,61000,18,3796,61.8,1
R109836,14,25,529,9429,0.159,0.74,128.5,1,0.907,13,86000,36,2676,75.2,1
R109837,10,28,718,21820,0.249,0.778,132.2,1,0.911,6,77000,24,3593,73.6,0
R109838,16,17,390,10353,0.375,0.596,100.1,2,0.82,11,63000,18,3920,57.0,0
R109839,11,30,690,20150,0.217,0.942,165.5,0,0.985,5,62000,18,3858,80.1,1
R109840,10,24,446,10741,0.267,0.788,90.8,1,0.902,5,77000,30,2875,66.0,1
R109841,11,21,496,14594,0.341,0.804,136.8,1,0.822,5,73000,30,2725,63.7,0
R109842,7,28,742,20240,0.164,0.953,149.6,0,0.943,4,67000,24,3127,81.6,1
R109843,8,19,376,11214,0.227,0.82,112.6,2,0.827,5,74000,30,2763,65.3,0
R109844,21,30,658,23549,0.284,0.936,175.1,0,1.0,11,64000,24,2987,82.0,1
R109845,14,23,556,16228,0.43,0.684,112.6,2,0.733,12,82000,24,3827,58.6,0
R109846,9,24,730,13469,0.203,0.787,117.8,2,0.858,8,80000,24,3733,75.7,0
R109847,14,21,342,11302,0.37,0.727,101.1,2,0.741,11,82000,36,2551,57.5,0
R109848,13,17,319,8000,0.248,0.765,98.8,2,0.849,8,41000,24,1913,64.6,0
R109849,8,29,720,26058,0.286,0.872,163.3,0,0.964,7,57000,24,2660,73.6,1
R109850,7,24,692,10167,0.273,0.886,150.6,1,0.905,4,57000,36,1773,72.6,0
R109851,8,21,526,11397,0.299,0.737,119.6,1,0.816,5,46000,30,1717,63.1,1
R109852,19,28,723,25252,0.123,0.913,147.7,0,0.899,10,100000,12,9333,89.3,1
R109853,9,26,699,17999,0.248,0.903,190.0,0,0.956,5,78000,30,2912,76.4,1
R109854,20,23,683,22575,0.246,0.993,128.2,0,0.97,15,61000,24,2847,85.5,1
R109855,7,18,361,8000,0.48,0.568,73.3,3,0.742,6,62000,30,2315,44.2,0
R109856,6,16,392,12449,0.395,0.774,125.7,1,0.796,6,45000,12,4200,54.4,0
R109857,9,26,731,20223,0.287,0.773,157.3,1,0.897,7,40000,36,1244,71.6,1
R109858,12,18,429,8000,0.199,0.825,123.4,1,0.758,11,82000,18,5102,70.2,1
R109859,11,14,287,8546,0.422,0.783,80.7,2,0.849,7,119000,18,7404,53.9,0
R109860,13,25,703,23827,0.198,0.789,157.4,1,0.834,11,88000,12,8213,77.6,0
R109861,13,24,496,20561,0.248,0.812,147.6,2,0.852,11,75000,18,4667,70.7,0
R109862,15,20,628,10742,0.269,0.729,119.2,1,0.904,13,59000,30,2203,72.5,1
R109863,5,20,450,16995,0.147,0.844,145.4,1,0.835,3,70000,24,3267,70.3,1
R109864,7,26,630,17072,0.166,0.937,170.5,0,0.909,6,40000,36,1244,78.1,0
R109865,11,21,485,9497,0.197,0.934,130.2,2,0.87,6,71000,36,2209,75.0,0
R109866,8,19,492,15855,0.329,0.688,95.5,2,0.69,4,68000,18,4231,58.3,0
R109867,9,22,656,15603,0.244,0.767,139.5,1,0.836,8,47000,30,1755,71.2,0
R109868,10,21,413,9778,0.331,0.805,116.3,2,0.87,7,43000,18,2676,62.3,0
R109869,9,29,587,16432,0.342,0.941,142.4,0,0.954,4,82000,24,3827,69.4,0
R109870,8,22,553,12032,0.251,0.71,164.3,0,0.91,6,47000,24,2193,66.6,1
R109871,6,15,339,10010,0.453,0.751,101.2,2,0.868,4,110000,30,4107,49.9,0
R109872,9,20,500,13714,0.18,0.837,146.5,4,0.706,6,45000,30,1680,70.8,1
R109873,8,25,548,15631,0.362,0.988,137.1,1,0.827,4,89000,18,5538,66.6,0
R109874,16,26,513,16686,0.297,0.754,109.9,2,0.834,14,40000,24,1867,68.6,0
R109875,14,24,750,19623,0.4,0.941,164.8,1,0.823,12,81000,24,3780,72.5,1
R109876,5,22,581,15935,0.161,0.857,142.6,1,0.88,4,62000,30,2315,73.6,1
R109877,24,15,292,8000,0.447,0.725,78.3,2,0.792,21,68000,36,2116,58.9,1
R109878,8,20,510,10404,0.269,0.73,106.6,2,0.702,4,79000,24,3687,63.0,1
R109879,4,16,396,8690,0.21,0.896,94.9,1,0.867,2,58000,30,2165,66.6,0
R109880,7,16,483,16499,0.439,0.886,142.2,2,0.84,4,89000,30,3323,58.2,0
R109881,4,25,521,19274,0.178,0.834,115.0,1,0.894,3,83000,12,7747,69.9,1
R109882,4,29,687,22672,0.206,0.833,143.2,0,1.0,3,56000,24,2613,73.8,1
R109883,40,25,568,15481,0.2,0.855,153.2,1,0.874,22,50000,18,3111,83.0,1
R109884,16,24,658,20270,0.267,0.929,127.9,1,0.887,8,72000,30,2688,78.5,0
R109885,5,23,410,8302,0.473,0.647,123.0,1,0.829,4,81000,24,3780,47.0,1
R109886,3,18,435,18233,0.374,0.813,99.2,2,0.732,2,59000,24,2753,54.9,0
R109887,9,16,280,8126,0.355,0.607,100.0,2,0.769,9,74000,30,2763,51.3,0
R109888,3,19,436,16320,0.319,0.801,93.6,3,0.762,2,87000,12,8120,57.6,0
R109889,9,22,429,11268,0.286,0.784,119.0,3,0.764,5,81000,30,3024,62.9,1
R109890,13,30,615,19258,0.363,0.777,82.0,2,0.755,9,65000,24,3033,65.3,0
R109891,13,21,482,13499,0.316,0.82,127.7,2,0.803,10,97000,30,3621,66.4,1
R109892,5,21,385,8000,0.375,0.819,127.1,2,0.771,4,61000,18,3796,55.2,1
R109893,11,30,655,23033,0.159,0.887,151.5,1,0.924,9,40000,24,1867,80.8,1
R109894,18,23,573,17331,0.34,0.7,125.3,1,0.811,11,40000,36,1244,67.7,0
R109895,8,19,509,11512,0.115,0.933,124.7,0,0.903,6,66000,36,2053,78.2,1
R109896,4,30,891,26314,0.208,0.985,168.2,1,0.919,4,64000,24,2987,79.9,1
R109897,8,17,330,9432,0.368,0.597,97.5,2,0.693,6,67000,12,6253,49.8,0
R109898,5,18,483,11843,0.179,0.948,163.5,0,0.934,3,63000,30,2352,73.1,0
R109899,46,18,320,8000,0.37,0.701,91.8,2,0.798,30,64000,36,1991,63.2,1
R109900,16,22,472,18044,0.338,0.772,153.5,1,0.903,10,54000,30,2016,66.8,0
R109901,14,21,445,12591,0.264,0.824,133.1,1,0.814,8,84000,30,3136,69.2,0
R109902,3,26,607,11622,0.217,0.959,148.2,1,0.846,3,69000,30,2576,72.3,0
R109903,4,27,527,14416,0.235,0.86,145.4,0,0.938,2,91000,30,3397,68.2,1
R109904,8,29,811,13933,0.097,0.962,135.2,1,0.882,6,78000,36,2427,87.2,0
R109905,7,27,562,11624,0.273,0.792,135.1,1,0.89,6,63000,24,2940,67.3,0
R109906,6,30,998,35173,0.362,0.959,152.2,2,0.904,4,68000,30,2539,72.2,1
R109907,20,23,628,10419,0.321,0.773,137.0,1,0.91,12,77000,18,4791,73.8,1
R109908,34,19,571,19356,0.186,0.921,177.9,0,0.789,22,52000,36,1618,84.6,1
R109909,6,13,276,8000,0.284,0.768,113.7,2,0.862,5,77000,30,2875,58.0,1
R109910,2,22,446,15206,0.285,0.807,112.2,1,0.785,2,83000,24,3873,59.6,1
R109911,7,18,383,12857,0.424,0.701,77.5,2,0.685,6,40000,36,1244,50.0,1
R109912,19,25,506,13393,0.319,0.787,118.0,1,0.788,14,55000,18,3422,69.6,1
R109913,16,27,731,19980,0.107,0.897,142.3,0,0.859,11,85000,24,3967,88.2,1
R109914,10,15,293,8000,0.375,0.777,100.2,1,0.837,9,80000,18,4978,56.0,0
R109915,14,17,420,14966,0.385,0.644,119.9,2,0.817,12,69000,36,2147,57.7,1
R109916,8,21,407,14316,0.334,0.594,124.5,2,0.757,6,74000,30,2763,54.2,0
R109917,6,19,450,8000,0.282,0.942,134.0,1,0.894,3,72000,24,3360,67.0,1
R109918,5,30,770,23874,0.116,0.844,154.7,0,0.98,5,97000,36,3018,81.7,1
R109919,10,23,486,13085,0.335,0.98,150.9,0,0.933,6,49000,12,4573,68.7,0
R109920,7,19,367,18723,0.232,0.691,130.3,2,0.713,6,91000,30,3397,59.8,1
R109921,5,15,290,9715,0.322,0.836,130.1,1,0.83,4,79000,24,3687,56.7,0
R109922,11,30,690,20650,0.196,1.0,151.9,1,0.966,9,97000,30,3621,82.7,1
R109923,7,22,458,8000,0.236,0.822,144.0,3,0.792,7,85000,36,2644,66.3,0
R109924,20,24,468,12001,0.269,0.82,141.2,1,0.918,15,81000,18,5040,73.7,1
R109925,12,21,503,17024,0.179,0.806,162.1,1,0.91,12,72000,12,6720,74.4,1
R109926,28,22,734,20458,0.206,0.854,165.4,2,0.939,19,72000,18,4480,87.5,1
R109927,13,28,825,26351,0.106,0.965,154.4,0,0.953,9,103000,30,3845,90.6,1
R109928,9,19,426,13578,0.356,0.818,111.8,2,0.788,6,47000,36,1462,60.3,0
R109929,18,21,385,8000,0.438,0.62,94.2,3,0.789,17,59000,36,1836,55.2,0
R109930,26,25,449,10441,0.315,0.799,131.6,2,0.804,21,90000,30,3360,71.9,0
R109931,3,23,514,8896,0.215,0.819,123.8,2,0.731,1,84000,12,7840,65.1,1
R109932,18,25,593,13934,0.224,0.778,138.6,1,0.859,13,110000,30,4107,76.4,0
R109933,10,19,457,11440,0.299,0.848,131.7,1,0.876,7,63000,36,1960,66.0,0
R109934,13,25,608,19747,0.158,0.982,150.4,0,0.973,6,75000,24,3500,83.8,0
R109935,28,20,501,13818,0.213,0.903,135.5,1,0.903,20,96000,12,8960,82.1,0
R109936,10,21,325,13180,0.369,0.783,109.8,1,0.879,10,82000,18,5102,57.8,0
R109937,5,26,773,16045,0.106,0.932,132.8,0,0.948,4,97000,12,9053,83.6,0
R109938,3,27,739,16344,0.222,0.913,164.9,0,0.929,2,62000,24,2893,75.2,1
R109939,27,20,377,8000,0.236,0.674,91.8,2,0.791,15,84000,24,3920,71.0,1
R109940,12,27,781,21707,0.284,0.877,137.7,1,0.835,11,46000,36,1431,76.8,1
R109941,10,21,505,14414,0.163,0.852,149.1,0,0.917,9,99000,30,3696,75.2,1
R109942,25,14,349,8000,0.371,0.801,97.1,1,0.799,15,79000,24,3687,66.4,1
R109943,6,25,654,16836,0.34,0.963,169.7,0,0.996,5,85000,36,2644,70.5,1
R109944,6,23,413,8000,0.364,0.757,107.2,2,0.734,5,65000,18,4044,55.4,0
R109945,31,30,599,16546,0.274,0.892,157.3,0,0.946,25,80000,18,4978,81.5,1
R109946,5,24,757,17270,0.29,0.893,138.5,2,0.866,4,97000,36,3018,72.2,0
R109947,4,24,686,16037,0.256,0.862,119.4,0,0.919,2,55000,24,2567,71.1,0
R109948,30,26,580,14688,0.145,1.0,119.9,0,0.883,23,104000,18,6471,89.9,1
R109949,17,22,553,17454,0.438,0.622,120.0,2,0.798,16,82000,18,5102,59.4,0
R109950,10,23,435,11210,0.226,0.925,142.0,1,0.84,8,61000,18,3796,70.8,1
R109951,39,22,501,10670,0.161,0.861,130.1,1,0.91,23,63000,18,3920,83.9,0
R109952,7,18,348,12255,0.31,0.684,72.0,2,0.791,6,84000,30,3136,56.1,0
R109953,15,26,576,14303,0.233,0.74,140.4,1,0.83,11,64000,36,1991,72.6,0
R109954,14,26,641,22928,0.177,0.817,141.1,1,0.856,13,91000,24,4247,78.7,1
R109955,26,17,335,8000,0.256,0.742,134.6,1,0.816,24,79000,24,3687,70.8,1
R109956,6,26,504,15755,0.299,0.749,138.7,3,0.789,4,102000,12,9520,61.4,0
R109957,30,23,511,14545,0.245,0.811,139.0,2,0.786,18,83000,18,5164,77.2,1
R109958,37,22,419,8000,0.331,0.899,114.6,1,0.893,30,93000,24,4340,73.7,1
R109959,23,24,522,8000,0.129,0.942,143.7,0,0.886,15,77000,12,7187,87.2,0
R109960,6,26,604,17986,0.293,0.846,139.2,0,0.95,5,49000,12,4573,68.6,1
R109961,12,18,402,17943,0.433,0.677,75.4,3,0.799,11,73000,12,6813,53.9,1
R109962,14,21,499,14709,0.412,0.756,110.7,2,0.746,8,47000,36,1462,60.1,0
R109963,14,16,217,9564,0.291,0.536,127.8,2,0.795,11,74000,30,2763,54.2,0
R109964,3,24,463,10317,0.154,0.869,164.3,1,0.857,1,82000,24,3827,70.0,0
R109965,16,19,483,20682,0.166,0.822,98.7,1,0.882,11,62000,30,2315,77.2,1
R109966,13,18,331,10860,0.432,0.709,113.4,2,0.761,10,59000,24,2753,53.0,0
R109967,9,15,193,8000,0.308,0.613,70.4,4,0.64,5,97000,18,6036,50.5,0
R109968,10,25,646,14736,0.253,0.772,160.1,1,0.841,9,43000,36,1338,71.1,1
R109969,40,24,671,14507,0.172,0.832,109.4,1,0.834,25,101000,24,4713,86.1,0
R109970,23,28,925,28880,0.28,0.747,135.9,1,0.904,18,86000,30,3211,81.6,1
R109971,3,16,459,16013,0.316,0.784,121.0,1,0.817,1,44000,36,1369,58.6,0
R109972,10,21,360,13229,0.31,0.705,136.5,1,0.86,5,40000,30,1493,59.1,0
R109973,21,26,475,18556,0.273,0.921,142.7,1,0.842,13,55000,24,2567,76.0,0
R109974,23,19,392,10897,0.286,0.738,85.0,2,0.73,14,61000,30,2277,69.4,0
R109975,13,25,825,27051,0.24,0.866,172.1,0,0.95,11,72000,12,6720,81.1,1
R109976,5,22,490,14676,0.218,0.872,136.4,0,0.957,4,67000,18,4169,69.3,0
R109977,4,22,615,20933,0.322,0.803,89.1,1,0.807,4,86000,24,4013,63.5,0
R109978,16,25,650,15224,0.164,0.933,136.0,0,1.0,8,58000,24,2707,85.3,1
R109979,8,20,382,12339,0.333,0.739,116.8,1,0.859,7,73000,12,6813,58.4,1
R109980,5,26,501,9975,0.325,0.79,148.5,3,0.847,5,68000,24,3173,61.2,1
R109981,1,28,618,13395,0.247,0.736,128.5,1,0.86,1,74000,24,3453,64.5,1
R109982,4,18,470,12742,0.215,0.811,125.8,1,0.912,2,83000,30,3099,66.2,0
R109983,13,23,560,21122,0.359,0.754,108.1,2,0.838,7,76000,36,2364,64.4,1
R109984,9,27,514,13507,0.08,0.96,172.4,1,1.0,7,88000,36,2738,82.5,1
R109985,25,18,336,8000,0.351,0.643,90.6,2,0.739,20,86000,24,4013,62.6,0
R109986,4,28,766,25212,0.183,0.838,147.7,1,0.88,2,49000,18,3049,76.0,1
R109987,6,28,458,10297,0.187,0.77,156.8,1,0.818,6,83000,36,2582,67.3,0
R109988,7,25,703,21660,0.23,1.0,150.0,0,0.99,5,63000,24,2940,79.2,1
R109989,12,19,444,8228,0.322,0.865,165.1,1,0.834,6,83000,30,3099,65.6,0
R109990,7,18,355,8000,0.44,0.699,109.5,2,0.757,6,83000,36,2582,49.6,0
R109991,6,25,525,13855,0.154,0.883,158.8,0,0.929,4,60000,18,3733,74.3,1
R109992,14,8,201,8000,0.506,0.571,94.3,2,0.723,10,77000,24,3593,42.6,0
R109993,11,30,882,27602,0.088,0.916,152.9,0,1.0,7,74000,24,3453,89.5,1
R109994,18,17,315,9915,0.379,0.714,135.9,2,0.716,8,87000,24,4060,58.2,1
R109995,9,23,666,26589,0.263,0.813,135.4,1,0.916,6,83000,30,3099,72.1,0
R109996,22,23,401,8000,0.327,0.905,134.4,0,0.881,18,87000,30,3248,72.2,0
R109997,5,25,532,11327,0.234,0.904,136.9,0,0.985,5,81000,30,3024,71.1,1
R109998,16,24,622,18082,0.441,0.666,141.9,1,0.825,14,41000,30,1531,61.5,0
R109999,19,23,493,18920,0.215,0.7,138.8,1,0.883,9,88000,18,5476,73.3,1
R110000,1,24,470,13899,0.448,0.687,75.8,3,0.79,1,79000,24,3687,48.4,0
